{"type":"FeatureCollection","features":[{"type":"Feature","geometry":{"type":"Point","coordinates":[121.3999,25.14678]},"properties":{"sno":500201001,"name":"YouBike2.0_下庄市場","name_en":"YouBike2.0_Shia Juang Market","city":"新北市","city_en":"New Taipei City","area":"八里區","area_en":"Bali Dist","address":"舊城路21號(前)","address_en":"No.21, Jiucheng Rd., Bali Dist","total_quantity":20,"available_bikes":10,"available_spots":10,"yb2_quantity":8,"eyb_quantity":2,"active":true,"latitude":25.14678,"longitude":121.3999,"updated_at":"2026-05-02T14:11:03+08:00"}},{"type":"Feature","geometry":{"type":"Point","coordinates":[121.40721,25.15397]},"properties":{"sno":500201002,"name":"YouBike2.0_八里行政中心","name_en":"YouBike2.0_Bali District Center","city":"新北市","city_en":"New Taipei City","area":"八里區","area_en":"Bali Dist","address":"十三行路(靠中山路二段路口西南側人行道)","address_en":"Shisanhang Rd. & Zhongshan Rd. Intersection (Southwest)","total_quantity":20,"available_bikes":4,"available_spots":16,"yb2_quantity":3,"eyb_quantity":1,"active":true,"latitude":25.15397,"longitude":121.40721,"updated_at":"2026-05-02T14:36:04+08:00"}},{"type":"Feature","geometry":{"type":"Point","coordinates":[121.41407,25.15993]},"properties":{"sno":500201003,"name":"YouBike2.0_八里中庄市場綜合大樓","name_en":"YouBike2.0_Bali Chung Chuang Market Multi-Purpose Building","city":"新北市","city_en":"New Taipei City","area":"八里區","area_en":"Bali Dist","address":"中山路一段268巷2號(對面汽車停車場)","address_en":"No. 2, Ln. 268, Sec. 1, Zhongshan Rd., Bali Dist.","total_quantity":28,"available_bikes":0,"available_spots":28,"yb2_quantity":0,"eyb_quantity":0,"active":true,"latitude":25.15993,"longitude":121.41407,"updated_at":"2026-05-02T14:09:17+08:00"}},{"type":"Feature","geometry":{"type":"Point","coordinates":[121.41938,25.16064]},"properties":{"sno":500201004,"name":"YouBike2.0_大崁國小","name_en":"YouBike2.0_DaKan Elementary School","city":"新北市","city_en":"New Taipei City","area":"八里區","area_en":"Bali Dist","address":"忠八街2號(前)","address_en":"No. 2, Zhong 8th St., Bali Dist.","total_quantity":20,"available_bikes":0,"available_spots":20,"yb2_quantity":0,"eyb_quantity":0,"active":true,"latitude":25.16064,"longitude":121.41938,"updated_at":"2026-05-02T14:04:18+08:00"}},{"type":"Feature","geometry":{"type":"Point","coordinates":[121.4513,25.13041]},"properties":{"sno":500201006,"name":"YouBike2.0_龍形停車場","name_en":"YouBike2.0_Long Xing Parking Tower","city":"新北市","city_en":"New Taipei City","area":"八里區","area_en":"Bali Dist","address":"龍米路一段318號(對面停車場)","address_en":"No. 318, Sec 1, Longmi Rd.(Opposite)","total_quantity":40,"available_bikes":1,"available_spots":38,"yb2_quantity":1,"eyb_quantity":0,"active":true,"latitude":25.13041,"longitude":121.4513,"updated_at":"2026-05-02T14:32:02+08:00"}},{"type":"Feature","geometry":{"type":"Point","coordinates":[121.406,25.157]},"properties":{"sno":500201007,"name":"YouBike2.0_十三行博物館","name_en":"YouBike2.0_Shihsanhang Museum of Archaeology","city":"新北市","city_en":"New Taipei City","area":"八里區","area_en":"Bali Dist","address":"博物館路183號(對面)","address_en":"No. 183, Museum Rd., Bali Dist.(opposite)","total_quantity":46,"available_bikes":8,"available_spots":38,"yb2_quantity":5,"eyb_quantity":3,"active":true,"latitude":25.157,"longitude":121.406,"updated_at":"2026-05-02T14:39:02+08:00"}},{"type":"Feature","geometry":{"type":"Point","coordinates":[121.40126,25.14933]},"properties":{"sno":500201008,"name":"YouBike2.0_八里區民活動中心","name_en":"YouBike2.0_Bali Activity Center","city":"新北市","city_en":"New Taipei City","area":"八里區","area_en":"Bali Dist","address":"中山路二段356巷12號(旁)","address_en":"No. 12, Ln. 356, Sec. 2, Zhongshan Rd.","total_quantity":14,"available_bikes":10,"available_spots":3,"yb2_quantity":8,"eyb_quantity":2,"active":true,"latitude":25.14933,"longitude":121.40126,"updated_at":"2026-05-02T14:25:03+08:00"}},{"type":"Feature","geometry":{"type":"Point","coordinates":[121.41586,25.16419]},"properties":{"sno":500201009,"name":"YouBike2.0_挖仔尾自然生態保留區","name_en":"YouBike2.0_Waziwei Ecological Reserves","city":"新北市","city_en":"New Taipei City","area":"八里區","area_en":"Bali Dist","address":"博物館路/挖仔尾街口(西側)","address_en":"Museum Rd. & Waziwei St. Intersection(West)","total_quantity":15,"available_bikes":1,"available_spots":14,"yb2_quantity":1,"eyb_quantity":0,"active":true,"latitude":25.16419,"longitude":121.41586,"updated_at":"2026-05-02T14:34:03+08:00"}},{"type":"Feature","geometry":{"type":"Point","coordinates":[121.41033,25.15709]},"properties":{"sno":500201010,"name":"YouBike2.0_文昌公園","name_en":"YouBike2.0_Wenchang Park","city":"新北市","city_en":"New Taipei City","area":"八里區","area_en":"Bali Dist","address":"中山路二段/文昌路(東側)","address_en":"Sec. 2, Zhongshan Rd. & Wenchang Rd.(East)","total_quantity":15,"available_bikes":8,"available_spots":7,"yb2_quantity":0,"eyb_quantity":8,"active":true,"latitude":25.15709,"longitude":121.41033,"updated_at":"2026-05-02T14:30:03+08:00"}},{"type":"Feature","geometry":{"type":"Point","coordinates":[121.4026,25.14896]},"properties":{"sno":500201011,"name":"YouBike2.0_八里國小","name_en":"YouBike2.0_Bali Elementary School","city":"新北市","city_en":"New Taipei City","area":"八里區","area_en":"Bali Dist","address":"中山路二段251號(對面)","address_en":"No. 251, Sec. 2, Zhongshan Rd.(Opposite)","total_quantity":15,"available_bikes":7,"available_spots":8,"yb2_quantity":5,"eyb_quantity":2,"active":true,"latitude":25.14896,"longitude":121.4026,"updated_at":"2026-05-02T14:25:03+08:00"}},{"type":"Feature","geometry":{"type":"Point","coordinates":[121.41251,25.16359]},"properties":{"sno":500201012,"name":"YouBike2.0_八里文化公園(棒球場)","name_en":"YouBike2.0_Bali Wenhua Park","city":"新北市","city_en":"New Taipei City","area":"八里區","area_en":"Bali Dist","address":"忠孝路與挖仔街口(棒球場公園入口)","address_en":"Zhongxiao & Waziwei street entrance (baseball park)","total_quantity":60,"available_bikes":0,"available_spots":59,"yb2_quantity":0,"eyb_quantity":0,"active":true,"latitude":25.16359,"longitude":121.41251,"updated_at":"2026-05-02T14:27:17+08:00"}},{"type":"Feature","geometry":{"type":"Point","coordinates":[121.42509,25.16208]},"properties":{"sno":500201013,"name":"YouBike2.0_水興公","name_en":"YouBike2.0_Shuixinggong","city":"新北市","city_en":"New Taipei City","area":"八里區","area_en":"Bali Dist","address":"觀海大道/忠四街(北側)","address_en":"Guanhai Blvd. & Zhong 4th St. (North west)","total_quantity":15,"available_bikes":0,"available_spots":14,"yb2_quantity":0,"eyb_quantity":0,"active":true,"latitude":25.16208,"longitude":121.42509,"updated_at":"2026-05-02T14:38:21+08:00"}},{"type":"Feature","geometry":{"type":"Point","coordinates":[121.40581,25.1502]},"properties":{"sno":500201014,"name":"YouBike2.0_片仔溝公園","name_en":"YouBike2.0_Pianzaigou Park","city":"新北市","city_en":"New Taipei City","area":"八里區","area_en":"Bali Dist","address":"中華路二段210號旁","address_en":"No. 210, Sec. 2, Zhonghua Rd. (Side)","total_quantity":20,"available_bikes":5,"available_spots":15,"yb2_quantity":3,"eyb_quantity":2,"active":true,"latitude":25.1502,"longitude":121.40581,"updated_at":"2026-05-02T14:21:03+08:00"}},{"type":"Feature","geometry":{"type":"Point","coordinates":[121.42945,25.15922]},"properties":{"sno":500201015,"name":"YouBike2.0_八里福朋喜來登酒店","name_en":"YouBike2.0_Four Points by Sheraton Taipei Bali","city":"新北市","city_en":"New Taipei City","area":"八里區","area_en":"Bali Dist","address":"觀海大道8號","address_en":"No. 8, Guanhai Blvd.","total_quantity":30,"available_bikes":0,"available_spots":30,"yb2_quantity":0,"eyb_quantity":0,"active":true,"latitude":25.15922,"longitude":121.42945,"updated_at":"2026-05-02T14:38:21+08:00"}},{"type":"Feature","geometry":{"type":"Point","coordinates":[121.39609,25.1455]},"properties":{"sno":500201016,"name":"YouBike2.0_訊塘社區公園","name_en":"YouBike2.0_Xuntang Community Park","city":"新北市","city_en":"New Taipei City","area":"八里區","area_en":"Bali Dist","address":"商港路/中山路二段口(東北側)","address_en":"Shanggang Rd. & Sec. 2, Zhongshan Rd. (Northeast)","total_quantity":13,"available_bikes":1,"available_spots":11,"yb2_quantity":1,"eyb_quantity":0,"active":true,"latitude":25.1455,"longitude":121.39609,"updated_at":"2026-05-02T13:57:04+08:00"}},{"type":"Feature","geometry":{"type":"Point","coordinates":[121.40026,25.15039]},"properties":{"sno":500201017,"name":"YouBike2.0_商港公園(商港八商港一路口)","name_en":"YouBike2.0_Bali ShangGang Park (Shanggang 8th Rd. Intersection)","city":"新北市","city_en":"New Taipei City","area":"八里區","area_en":"Bali Dist","address":"商港八路/商港一路口","address_en":"Shanggang 8th Rd. & Shanggang 1st Rd. Intersection","total_quantity":15,"available_bikes":4,"available_spots":11,"yb2_quantity":1,"eyb_quantity":3,"active":true,"latitude":25.15039,"longitude":121.40026,"updated_at":"2026-05-02T13:55:04+08:00"}},{"type":"Feature","geometry":{"type":"Point","coordinates":[121.39841,25.14916]},"properties":{"sno":500201018,"name":"YouBike2.0_商港公園(商港七商港一路口)","name_en":"YouBike2.0_Bali ShangGang Park (Shanggang 7th Rd. Intersection)","city":"新北市","city_en":"New Taipei City","area":"八里區","area_en":"Bali Dist","address":"商港七路/商港一路口","address_en":"Shanggang 7th Rd. & Shanggang 1st Rd. Intersection","total_quantity":15,"available_bikes":8,"available_spots":7,"yb2_quantity":7,"eyb_quantity":1,"active":true,"latitude":25.14916,"longitude":121.39841,"updated_at":"2026-05-02T14:37:02+08:00"}},{"type":"Feature","geometry":{"type":"Point","coordinates":[121.43527,25.15687]},"properties":{"sno":500201019,"name":"YouBike2.0_渡船頭平面停車場","name_en":"YouBike2.0_Duchuantou Parking Lot","city":"新北市","city_en":"New Taipei City","area":"八里區","area_en":"Bali Dist","address":"渡船頭路/龍米路二段口(西北側)","address_en":"Duchuantou Rd. & Sec. 2, Longmi Rd. Intersection (Northwest)","total_quantity":33,"available_bikes":12,"available_spots":19,"yb2_quantity":7,"eyb_quantity":5,"active":true,"latitude":25.15687,"longitude":121.43527,"updated_at":"2026-05-02T14:38:04+08:00"}},{"type":"Feature","geometry":{"type":"Point","coordinates":[121.39564,25.14256]},"properties":{"sno":500201020,"name":"YouBike2.0_訊塘廣場(義民中華路口)","name_en":"YouBike2.0_XunTang Square (YiMin St. & ZhongHua Rd. Intersection)","city":"新北市","city_en":"New Taipei City","area":"八里區","area_en":"Bali Dist","address":"義民街/中華路三段口","address_en":"YiMin St. & Sec. 3, ZhongHua Rd. Intersection","total_quantity":21,"available_bikes":1,"available_spots":20,"yb2_quantity":1,"eyb_quantity":0,"active":true,"latitude":25.14256,"longitude":121.39564,"updated_at":"2026-05-02T14:35:03+08:00"}},{"type":"Feature","geometry":{"type":"Point","coordinates":[121.41758,25.15779]},"properties":{"sno":500201021,"name":"YouBike2.0_八里停五平面停車場","name_en":"YouBike2.0_BaLi 5th Car Park","city":"新北市","city_en":"New Taipei City","area":"八里區","area_en":"Bali Dist","address":"賢三街/大崁二街口(西南側)","address_en":"Xian 3rd St. & Dakan 2nd St. (Southwest)","total_quantity":30,"available_bikes":0,"available_spots":30,"yb2_quantity":0,"eyb_quantity":0,"active":true,"latitude":25.15779,"longitude":121.41758,"updated_at":"2026-05-02T13:53:17+08:00"}},{"type":"Feature","geometry":{"type":"Point","coordinates":[121.40413,25.1533]},"properties":{"sno":500201022,"name":"YouBike2.0_頂罟公園","name_en":"YouBike2.0_DingGu Park","city":"新北市","city_en":"New Taipei City","area":"八里區","area_en":"Bali Dist","address":"商港一路/商港九路(南側)","address_en":"ShangGang 1st Rd. & ShangGang 9th Rd. (South)","total_quantity":15,"available_bikes":1,"available_spots":14,"yb2_quantity":1,"eyb_quantity":0,"active":true,"latitude":25.1533,"longitude":121.40413,"updated_at":"2026-05-02T14:15:18+08:00"}},{"type":"Feature","geometry":{"type":"Point","coordinates":[121.41036,25.1545]},"properties":{"sno":500201023,"name":"YouBike2.0_狀元公園","name_en":"YouBike2.0_ZhuangYuan Park","city":"新北市","city_en":"New Taipei City","area":"八里區","area_en":"Bali Dist","address":"狀元路/文昌五街(西北側)","address_en":"ZhuangYuan Rd. & WenChang 5th St. (Northwest)","total_quantity":20,"available_bikes":4,"available_spots":16,"yb2_quantity":1,"eyb_quantity":3,"active":true,"latitude":25.1545,"longitude":121.41036,"updated_at":"2026-05-02T14:30:03+08:00"}},{"type":"Feature","geometry":{"type":"Point","coordinates":[121.40168,25.15333]},"properties":{"sno":500201024,"name":"YouBike2.0_商港三頂罟二路口","name_en":"YouBike2.0_ShangGang 3rd Rd. & DingGu 2nd Rd. Intersection","city":"新北市","city_en":"New Taipei City","area":"八里區","area_en":"Bali Dist","address":"商港三路101號(西北側)","address_en":"No. 101, ShangGang 3rd Rd. (Northwest)","total_quantity":25,"available_bikes":6,"available_spots":19,"yb2_quantity":6,"eyb_quantity":0,"active":true,"latitude":25.15333,"longitude":121.40168,"updated_at":"2026-05-02T13:19:04+08:00"}},{"type":"Feature","geometry":{"type":"Point","coordinates":[121.39589,25.14968]},"properties":{"sno":500201025,"name":"YouBike2.0_商港六商港三路口","name_en":"YouBike2.0_ShangGang 6th Rd. & ShangGang 3rd Rd. Intersection","city":"新北市","city_en":"New Taipei City","area":"八里區","area_en":"Bali Dist","address":"商港六路/商港三路(西北側)","address_en":"ShangGang 6th Rd. & ShangGang 3rd Rd. (Northwest)","total_quantity":15,"available_bikes":6,"available_spots":8,"yb2_quantity":4,"eyb_quantity":2,"active":true,"latitude":25.14968,"longitude":121.39589,"updated_at":"2026-05-02T14:18:03+08:00"}},{"type":"Feature","geometry":{"type":"Point","coordinates":[121.39222,25.14244]},"properties":{"sno":500201026,"name":"YouBike2.0_訊庄埔公園","name_en":"YouBike2.0_Xunzhuangpu Park","city":"新北市","city_en":"New Taipei City","area":"八里區","area_en":"Bali Dist","address":"訊塘二路/添丁街(西北側)","address_en":"XunTang 2nd Rd. & TianDing St. (Northwest)","total_quantity":15,"available_bikes":5,"available_spots":10,"yb2_quantity":4,"eyb_quantity":1,"active":true,"latitude":25.14244,"longitude":121.39222,"updated_at":"2026-05-02T14:02:03+08:00"}},{"type":"Feature","geometry":{"type":"Point","coordinates":[121.44789,25.14315]},"properties":{"sno":500201027,"name":"YouBike2.0_八里左岸自行車道(4.4K福德宮)","name_en":"YouBike2.0_Bali Left Bank Cycling Route (4.4K)","city":"新北市","city_en":"New Taipei City","area":"八里區","area_en":"Bali Dist","address":"龍米路二段86-9號(自行車道旁)","address_en":"No. 86-9, Sec. 2, LongMi Rd.","total_quantity":15,"available_bikes":3,"available_spots":9,"yb2_quantity":1,"eyb_quantity":2,"active":true,"latitude":25.14315,"longitude":121.44789,"updated_at":"2026-05-02T14:39:02+08:00"}},{"type":"Feature","geometry":{"type":"Point","coordinates":[121.42144,25.15916]},"properties":{"sno":500201028,"name":"YouBike2.0_中山賢一街口","name_en":"YouBike2.0_ZhongShan Rd. & Xian 1st St. Intersection","city":"新北市","city_en":"New Taipei City","area":"八里區","area_en":"Bali Dist","address":"中山路一段25號","address_en":"No. 25, Sec. 1, ZhongShan Rd.","total_quantity":17,"available_bikes":1,"available_spots":16,"yb2_quantity":0,"eyb_quantity":1,"active":true,"latitude":25.15916,"longitude":121.42144,"updated_at":"2026-05-02T14:08:03+08:00"}},{"type":"Feature","geometry":{"type":"Point","coordinates":[121.40558,25.15483]},"properties":{"sno":500201029,"name":"YouBike2.0_商港一十三行路口","name_en":"YouBike2.0_ShangGang 1st Rd. & ShiSanHang Rd. Intersection","city":"新北市","city_en":"New Taipei City","area":"八里區","area_en":"Bali Dist","address":"商港一路/十三行路口(南側)","address_en":"ShangGang 1st Rd. & ShiSanHang Rd. (South)","total_quantity":30,"available_bikes":1,"available_spots":29,"yb2_quantity":1,"eyb_quantity":0,"active":true,"latitude":25.15483,"longitude":121.40558,"updated_at":"2026-05-02T14:17:02+08:00"}},{"type":"Feature","geometry":{"type":"Point","coordinates":[121.43231,25.1585]},"properties":{"sno":500201030,"name":"YouBike2.0_龍米路二段205巷口","name_en":"YouBike2.0_Ln. 205, Sec. 2, LongMi Rd.","city":"新北市","city_en":"New Taipei City","area":"八里區","area_en":"Bali Dist","address":"龍米路二段228-3號","address_en":"No. 228-3, Sec. 2, LongMi Rd.","total_quantity":22,"available_bikes":0,"available_spots":20,"yb2_quantity":0,"eyb_quantity":0,"active":true,"latitude":25.1585,"longitude":121.43231,"updated_at":"2026-05-02T14:38:21+08:00"}},{"type":"Feature","geometry":{"type":"Point","coordinates":[121.47131,25.25232]},"properties":{"sno":500202001,"name":"YouBike2.0_淺水灣","name_en":"YouBike2.0_Qianshui Bay","city":"新北市","city_en":"New Taipei City","area":"三芝區","area_en":"Sanzhi Dist","address":"北勢子42-11號西側","address_en":"No. 42-11, Beishizi, Sanzhi Dist.(opposite)","total_quantity":48,"available_bikes":4,"available_spots":44,"yb2_quantity":3,"eyb_quantity":1,"active":true,"latitude":25.25232,"longitude":121.47131,"updated_at":"2026-05-02T14:38:04+08:00"}},{"type":"Feature","geometry":{"type":"Point","coordinates":[121.50182,25.25898]},"properties":{"sno":500202002,"name":"YouBike2.0_三芝國中","name_en":"YouBike2.0_Sanzhi Junior High School","city":"新北市","city_en":"New Taipei City","area":"三芝區","area_en":"Sanzhi Dist","address":"淡金路一段38號","address_en":"No. 38, Sec. 1, Danjin Rd.","total_quantity":14,"available_bikes":0,"available_spots":14,"yb2_quantity":0,"eyb_quantity":0,"active":true,"latitude":25.25898,"longitude":121.50182,"updated_at":"2026-05-02T14:16:17+08:00"}},{"type":"Feature","geometry":{"type":"Point","coordinates":[121.50125,25.25119]},"properties":{"sno":500202003,"name":"YouBike2.0_櫻花水車公園","name_en":"YouBike2.0_Yinghua Park","city":"新北市","city_en":"New Taipei City","area":"三芝區","area_en":"Sanzhi Dist","address":"埔頭里埔頭11-5號南側","address_en":"No. 11-5, Putou, Putou Village(South)","total_quantity":15,"available_bikes":1,"available_spots":13,"yb2_quantity":1,"eyb_quantity":0,"active":true,"latitude":25.25119,"longitude":121.50125,"updated_at":"2026-05-02T14:33:03+08:00"}},{"type":"Feature","geometry":{"type":"Point","coordinates":[121.4994,25.25719]},"properties":{"sno":500202004,"name":"YouBike2.0_三芝兒一公園","name_en":"YouBike2.0_Sanzhi Children Park (No.1)","city":"新北市","city_en":"New Taipei City","area":"三芝區","area_en":"Sanzhi Dist","address":"長安街79號西側","address_en":"No. 79, Chang'an St.(West)","total_quantity":15,"available_bikes":0,"available_spots":15,"yb2_quantity":0,"eyb_quantity":0,"active":true,"latitude":25.25719,"longitude":121.4994,"updated_at":"2026-05-02T14:35:16+08:00"}},{"type":"Feature","geometry":{"type":"Point","coordinates":[121.50082,25.25788]},"properties":{"sno":500202005,"name":"YouBike2.0_三芝區公所","name_en":"YouBike2.0_Sanzhi District Office","city":"新北市","city_en":"New Taipei City","area":"三芝區","area_en":"Sanzhi Dist","address":"中山路一段32號","address_en":"No. 32, Sec. 1, Zhongshan Rd.","total_quantity":15,"available_bikes":1,"available_spots":13,"yb2_quantity":0,"eyb_quantity":1,"active":true,"latitude":25.25788,"longitude":121.50082,"updated_at":"2026-05-02T14:18:18+08:00"}},{"type":"Feature","geometry":{"type":"Point","coordinates":[121.49559,25.25303]},"properties":{"sno":500202006,"name":"YouBike2.0_馬偕醫學大學(第二教研大樓)","name_en":"YouBike2.0_MacKay Medical University (Teaching & Research Building)","city":"新北市","city_en":"New Taipei City","area":"三芝區","area_en":"Sanzhi Dist","address":"中正路三段46號(第二教研大樓)","address_en":"No. 46, Sec. 3, ZhongZheng Rd.","total_quantity":26,"available_bikes":12,"available_spots":14,"yb2_quantity":10,"eyb_quantity":2,"active":true,"latitude":25.25303,"longitude":121.49559,"updated_at":"2026-05-02T14:25:03+08:00"}},{"type":"Feature","geometry":{"type":"Point","coordinates":[121.49571,25.25438]},"properties":{"sno":500202007,"name":"YouBike2.0_馬偕醫學大學(圓環)","name_en":"YouBike2.0_MacKay Medical University (Circle Security Room)","city":"新北市","city_en":"New Taipei City","area":"三芝區","area_en":"Sanzhi Dist","address":"中正路三段46號","address_en":"No. 46, Sec. 3, ZhongZheng Rd.","total_quantity":20,"available_bikes":12,"available_spots":8,"yb2_quantity":7,"eyb_quantity":5,"active":true,"latitude":25.25438,"longitude":121.49571,"updated_at":"2026-05-02T13:19:04+08:00"}},{"type":"Feature","geometry":{"type":"Point","coordinates":[121.50499,25.25874]},"properties":{"sno":500202008,"name":"YouBike2.0_三芝兒三公園(三民街)","name_en":"YouBike2.0_SanZhi Children's Park(No. 3) (SanMin St.)","city":"新北市","city_en":"New Taipei City","area":"三芝區","area_en":"Sanzhi Dist","address":"三民街41號(對側)","address_en":"No. 41, SanMin St. (Opposite)","total_quantity":17,"available_bikes":3,"available_spots":13,"yb2_quantity":0,"eyb_quantity":3,"active":true,"latitude":25.25874,"longitude":121.50499,"updated_at":"2026-05-02T14:01:02+08:00"}},{"type":"Feature","geometry":{"type":"Point","coordinates":[121.51005,25.26815]},"properties":{"sno":500202009,"name":"YouBike2.0_三生步道","name_en":"YouBike2.0_SanSheng Trail","city":"新北市","city_en":"New Taipei City","area":"三芝區","area_en":"Sanzhi Dist","address":"三生步道(西側)","address_en":"SanSheng Trail (West)","total_quantity":20,"available_bikes":10,"available_spots":10,"yb2_quantity":10,"eyb_quantity":0,"active":true,"latitude":25.26815,"longitude":121.51005,"updated_at":"2026-05-02T14:32:02+08:00"}},{"type":"Feature","geometry":{"type":"Point","coordinates":[121.48975,25.05844]},"properties":{"sno":500203001,"name":"YouBike2.0_重新重安街口","name_en":"YouBike2.0_Chongxin Rd. & Zhongan St. Intersection","city":"新北市","city_en":"New Taipei City","area":"三重區","area_en":"Sanchong Dist","address":"重安街1號(旁)","address_en":"No. 1, Zhongan St.","total_quantity":35,"available_bikes":15,"available_spots":19,"yb2_quantity":15,"eyb_quantity":0,"active":true,"latitude":25.05844,"longitude":121.48975,"updated_at":"2026-05-02T14:38:04+08:00"}},{"type":"Feature","geometry":{"type":"Point","coordinates":[121.49171,25.05478]},"properties":{"sno":500203002,"name":"YouBike2.0_三重高中","name_en":"YouBike2.0_Sanchong High School","city":"新北市","city_en":"New Taipei City","area":"三重區","area_en":"Sanchong Dist","address":"集美街225號(對面)","address_en":"No. 225, Jimei St.(opposite)","total_quantity":48,"available_bikes":8,"available_spots":40,"yb2_quantity":8,"eyb_quantity":0,"active":true,"latitude":25.05478,"longitude":121.49171,"updated_at":"2026-05-02T14:11:03+08:00"}},{"type":"Feature","geometry":{"type":"Point","coordinates":[121.48849,25.05439]},"properties":{"sno":500203003,"name":"YouBike2.0_三重國民運動中心","name_en":"YouBike2.0_Sanchong Civil Sports Center","city":"新北市","city_en":"New Taipei City","area":"三重區","area_en":"Sanchong Dist","address":"集美街55號(對面)","address_en":"No. 55, Jimei St.(opposite)","total_quantity":38,"available_bikes":0,"available_spots":38,"yb2_quantity":0,"eyb_quantity":0,"active":true,"latitude":25.05439,"longitude":121.48849,"updated_at":"2026-05-02T14:37:17+08:00"}},{"type":"Feature","geometry":{"type":"Point","coordinates":[121.48322,25.05464]},"properties":{"sno":500203004,"name":"YouBike2.0_捷運三重站(1號出口)","name_en":"YouBike2.0_MRT Sanchong Sta. (Exit 1)","city":"新北市","city_en":"New Taipei City","area":"三重區","area_en":"Sanchong Dist","address":"捷運路36號(旁)","address_en":"No. 36, Jieyun Rd.","total_quantity":61,"available_bikes":9,"available_spots":52,"yb2_quantity":8,"eyb_quantity":1,"active":true,"latitude":25.05464,"longitude":121.48322,"updated_at":"2026-05-02T14:39:02+08:00"}},{"type":"Feature","geometry":{"type":"Point","coordinates":[121.49138,25.05052]},"properties":{"sno":500203005,"name":"YouBike2.0_中興橋(環河南路254巷口)","name_en":"YouBike2.0_Zhongxing Bridge (Ln. 254, Huanhe S. Rd.)","city":"新北市","city_en":"New Taipei City","area":"三重區","area_en":"Sanchong Dist","address":"環河南路253號(對面)","address_en":"No. 253, Huanhe S. Rd.(opposite)","total_quantity":26,"available_bikes":4,"available_spots":22,"yb2_quantity":2,"eyb_quantity":2,"active":true,"latitude":25.05052,"longitude":121.49138,"updated_at":"2026-05-02T14:33:03+08:00"}},{"type":"Feature","geometry":{"type":"Point","coordinates":[121.4864,25.04861]},"properties":{"sno":500203006,"name":"YouBike2.0_疏洪東竹圍仔街口","name_en":"YouBike2.0_Shuhong E. Rd. & Zhuweizi St. Intersection","city":"新北市","city_en":"New Taipei City","area":"三重區","area_en":"Sanchong Dist","address":"疏洪東路一段38號(前)","address_en":"No. 38, Sec. 1, Shuhong E. Rd.","total_quantity":25,"available_bikes":5,"available_spots":20,"yb2_quantity":4,"eyb_quantity":1,"active":true,"latitude":25.04861,"longitude":121.4864,"updated_at":"2026-05-02T14:32:02+08:00"}},{"type":"Feature","geometry":{"type":"Point","coordinates":[121.50217,25.06029]},"properties":{"sno":500203007,"name":"YouBike2.0_環河福德南路口","name_en":"YouBike2.0_Huanhe Rd. & Fude Rd. Intersection","city":"新北市","city_en":"New Taipei City","area":"三重區","area_en":"Sanchong Dist","address":"福德南路71號(對面)","address_en":"No. 71, Fude S. Rd.(opposite)","total_quantity":28,"available_bikes":5,"available_spots":23,"yb2_quantity":4,"eyb_quantity":1,"active":true,"latitude":25.06029,"longitude":121.50217,"updated_at":"2026-05-02T13:54:03+08:00"}},{"type":"Feature","geometry":{"type":"Point","coordinates":[121.49978,25.06027]},"properties":{"sno":500203008,"name":"YouBike2.0_光興國小","name_en":"YouBike2.0_Guangxing Elementary School","city":"新北市","city_en":"New Taipei City","area":"三重區","area_en":"Sanchong Dist","address":"光興街23號(對面)","address_en":"No. 23, Guangxing st.(opposite)","total_quantity":30,"available_bikes":6,"available_spots":24,"yb2_quantity":6,"eyb_quantity":0,"active":true,"latitude":25.06027,"longitude":121.49978,"updated_at":"2026-05-02T14:38:04+08:00"}},{"type":"Feature","geometry":{"type":"Point","coordinates":[121.49687,25.05596]},"properties":{"sno":500203009,"name":"YouBike2.0_三光國小(金滿意)","name_en":"YouBike2.0_Sanguang Elementary School (Jin manyì)","city":"新北市","city_en":"New Taipei City","area":"三重區","area_en":"Sanchong Dist","address":"大同南路157號(前)","address_en":"No. 157, Datong S. Rd.","total_quantity":45,"available_bikes":11,"available_spots":34,"yb2_quantity":10,"eyb_quantity":1,"active":true,"latitude":25.05596,"longitude":121.49687,"updated_at":"2026-05-02T14:34:03+08:00"}},{"type":"Feature","geometry":{"type":"Point","coordinates":[121.48371,25.06445]},"properties":{"sno":500203010,"name":"YouBike2.0_聯邦公園","name_en":"YouBike2.0_Lianbang Park","city":"新北市","city_en":"New Taipei City","area":"三重區","area_en":"Sanchong Dist","address":"三民路/中華路口(東南側)","address_en":"Sanmin Rd. & Zhonghua Rd. Intersection (Southeast)","total_quantity":54,"available_bikes":10,"available_spots":44,"yb2_quantity":10,"eyb_quantity":0,"active":true,"latitude":25.06445,"longitude":121.48371,"updated_at":"2026-05-02T14:39:02+08:00"}},{"type":"Feature","geometry":{"type":"Point","coordinates":[121.48255,25.05899]},"properties":{"sno":500203012,"name":"YouBike2.0_文中小停車場","name_en":"YouBike2.0_Wenzhongxiao Parking Lot","city":"新北市","city_en":"New Taipei City","area":"三重區","area_en":"Sanchong Dist","address":"名源街54號(對面)","address_en":"No. 54, Mingyuan St.","total_quantity":44,"available_bikes":9,"available_spots":35,"yb2_quantity":9,"eyb_quantity":0,"active":true,"latitude":25.05899,"longitude":121.48255,"updated_at":"2026-05-02T14:30:03+08:00"}},{"type":"Feature","geometry":{"type":"Point","coordinates":[121.48823,25.06057]},"properties":{"sno":500203013,"name":"YouBike2.0_三重行政中心","name_en":"YouBike2.0_Sanchong District Admin. Center","city":"新北市","city_en":"New Taipei City","area":"三重區","area_en":"Sanchong Dist","address":"新北大道一段5巷2弄/過圳街31巷(西南側)","address_en":"Aly. 2, Ln. 5, Sec. 1, New Taipei Blvd. & Ln. 31, Guozhen St. Intersection (Southwest)","total_quantity":59,"available_bikes":17,"available_spots":42,"yb2_quantity":17,"eyb_quantity":0,"active":true,"latitude":25.06057,"longitude":121.48823,"updated_at":"2026-05-02T14:37:02+08:00"}},{"type":"Feature","geometry":{"type":"Point","coordinates":[121.4922,25.06047]},"properties":{"sno":500203014,"name":"YouBike2.0_捷運菜寮站(3號出口)","name_en":"YouBike2.0_MRT Cailiao Sta. (Exit 3)","city":"新北市","city_en":"New Taipei City","area":"三重區","area_en":"Sanchong Dist","address":"重新路三段67號(旁)","address_en":"No. 67, Sec. 3, Chongxin Rd.","total_quantity":60,"available_bikes":12,"available_spots":44,"yb2_quantity":12,"eyb_quantity":0,"active":true,"latitude":25.06047,"longitude":121.4922,"updated_at":"2026-05-02T14:39:02+08:00"}},{"type":"Feature","geometry":{"type":"Point","coordinates":[121.49193,25.06145]},"properties":{"sno":500203015,"name":"YouBike2.0_三重綜合體育館","name_en":"YouBike2.0_Sanchong Sports Center","city":"新北市","city_en":"New Taipei City","area":"三重區","area_en":"Sanchong Dist","address":"中正北路/中正北路25巷(南側)","address_en":"Zhongzheng N. Rd. & Ln. 25, Zhongzheng N. Rd. (South)","total_quantity":52,"available_bikes":9,"available_spots":42,"yb2_quantity":8,"eyb_quantity":1,"active":true,"latitude":25.06145,"longitude":121.49193,"updated_at":"2026-05-02T14:36:04+08:00"}},{"type":"Feature","geometry":{"type":"Point","coordinates":[121.47976,25.07031]},"properties":{"sno":500203016,"name":"YouBike2.0_三重商工(後竹圍街)","name_en":"YouBike2.0_SanChung Commercial and Indus (Houzhuwei St.)","city":"新北市","city_en":"New Taipei City","area":"三重區","area_en":"Sanchong Dist","address":"中正北路165巷53號(後竹圍街路側停車格)","address_en":"No. 53, Ln. 165, Zhongzheng N. Rd. (Houzhuwei St.)","total_quantity":30,"available_bikes":1,"available_spots":29,"yb2_quantity":1,"eyb_quantity":0,"active":true,"latitude":25.07031,"longitude":121.47976,"updated_at":"2026-05-02T14:18:03+08:00"}},{"type":"Feature","geometry":{"type":"Point","coordinates":[121.48151,25.07193]},"properties":{"sno":500203017,"name":"YouBike2.0_力行大勇街口","name_en":"YouBike2.0_Lixing & Tayung Intersection","city":"新北市","city_en":"New Taipei City","area":"三重區","area_en":"Sanchong Dist","address":"力行路一段188巷/國道路一段70巷(東南側)","address_en":"Ln. 188, Sec. 1, Lixing Rd./Ln. 70, Sec. 1, Guodao Rd. Intersection","total_quantity":33,"available_bikes":4,"available_spots":29,"yb2_quantity":0,"eyb_quantity":4,"active":true,"latitude":25.07193,"longitude":121.48151,"updated_at":"2026-05-02T14:38:04+08:00"}},{"type":"Feature","geometry":{"type":"Point","coordinates":[121.48576,25.07246]},"properties":{"sno":500203018,"name":"YouBike2.0_後竹圍市民活動中心","name_en":"YouBike2.0_Houzhuwei Civil Activity Center","city":"新北市","city_en":"New Taipei City","area":"三重區","area_en":"Sanchong Dist","address":"後竹圍街175巷22號(對面)","address_en":"No. 22, Ln. 175, Houzhuwei St., Sanchong Dist.(opposite)","total_quantity":45,"available_bikes":7,"available_spots":38,"yb2_quantity":7,"eyb_quantity":0,"active":true,"latitude":25.07246,"longitude":121.48576,"updated_at":"2026-05-02T14:34:03+08:00"}},{"type":"Feature","geometry":{"type":"Point","coordinates":[121.48571,25.07088]},"properties":{"sno":500203019,"name":"YouBike2.0_和平公園","name_en":"YouBike2.0_Helping Park","city":"新北市","city_en":"New Taipei City","area":"三重區","area_en":"Sanchong Dist","address":"忠孝路二段2-1號(旁)","address_en":"No.2, Sec. 2, Zhongxiao Rd.","total_quantity":20,"available_bikes":3,"available_spots":17,"yb2_quantity":3,"eyb_quantity":0,"active":true,"latitude":25.07088,"longitude":121.48571,"updated_at":"2026-05-02T14:36:04+08:00"}},{"type":"Feature","geometry":{"type":"Point","coordinates":[121.48759,25.0695]},"properties":{"sno":500203020,"name":"YouBike2.0_六合公園","name_en":"YouBike2.0_Liuhe Park","city":"新北市","city_en":"New Taipei City","area":"三重區","area_en":"Sanchong Dist","address":"自強路二段74巷91號(對面)","address_en":"No.91, Ln. 74, Sec. 2, Ziqiang Rd. (opposite)","total_quantity":44,"available_bikes":2,"available_spots":42,"yb2_quantity":2,"eyb_quantity":0,"active":true,"latitude":25.0695,"longitude":121.48759,"updated_at":"2026-05-02T14:35:03+08:00"}},{"type":"Feature","geometry":{"type":"Point","coordinates":[121.49094,25.07051]},"properties":{"sno":500203021,"name":"YouBike2.0_三張公園","name_en":"YouBike2.0_Sanzhang Park","city":"新北市","city_en":"New Taipei City","area":"三重區","area_en":"Sanchong Dist","address":"自強路二段47巷57號(對面)","address_en":"No. 57, Ln. 47, Sec. 2, Ziqiang Rd. (opposite)","total_quantity":45,"available_bikes":9,"available_spots":36,"yb2_quantity":7,"eyb_quantity":2,"active":true,"latitude":25.07051,"longitude":121.49094,"updated_at":"2026-05-02T14:36:04+08:00"}},{"type":"Feature","geometry":{"type":"Point","coordinates":[121.4912,25.07199]},"properties":{"sno":500203022,"name":"YouBike2.0_厚德公園","name_en":"YouBike2.0_Houde Park","city":"新北市","city_en":"New Taipei City","area":"三重區","area_en":"Sanchong Dist","address":"忠孝路一段37號(前)","address_en":"No.37, Sec. 1, Zhongxiao Rd.","total_quantity":41,"available_bikes":11,"available_spots":30,"yb2_quantity":11,"eyb_quantity":0,"active":true,"latitude":25.07199,"longitude":121.4912,"updated_at":"2026-05-02T14:38:04+08:00"}},{"type":"Feature","geometry":{"type":"Point","coordinates":[121.49045,25.0653]},"properties":{"sno":500203023,"name":"YouBike2.0_修德國小","name_en":"YouBike2.0_Sioude Elementary School","city":"新北市","city_en":"New Taipei City","area":"三重區","area_en":"Sanchong Dist","address":"重陽路三段3號(民生街側)","address_en":"No. 3, Sec. 3, Chongxin Rd.","total_quantity":34,"available_bikes":14,"available_spots":20,"yb2_quantity":11,"eyb_quantity":3,"active":true,"latitude":25.0653,"longitude":121.49045,"updated_at":"2026-05-02T14:23:03+08:00"}},{"type":"Feature","geometry":{"type":"Point","coordinates":[121.48898,25.0634]},"properties":{"sno":500203024,"name":"YouBike2.0_明志國中","name_en":"YouBike2.0_Mingzhi Junior High School","city":"新北市","city_en":"New Taipei City","area":"三重區","area_en":"Sanchong Dist","address":"中正北路107號(旁)","address_en":"No.107, Zhongzheng S. Rd.","total_quantity":57,"available_bikes":4,"available_spots":52,"yb2_quantity":4,"eyb_quantity":0,"active":true,"latitude":25.0634,"longitude":121.48898,"updated_at":"2026-05-02T14:37:02+08:00"}},{"type":"Feature","geometry":{"type":"Point","coordinates":[121.50076924045402,25.075005324200696]},"properties":{"sno":500203026,"name":"YouBike2.0_三德公園","name_en":"YouBike2.0_Sante Park","city":"新北市","city_en":"New Taipei City","area":"三重區","area_en":"Sanchong Dist","address":"龍門路274巷35號(對面)","address_en":"No.35, Ln. 274, Longmen Rd. (opposite)","total_quantity":36,"available_bikes":2,"available_spots":34,"yb2_quantity":2,"eyb_quantity":0,"active":true,"latitude":25.075005324200696,"longitude":121.50076924045402,"updated_at":"2026-05-02T14:31:03+08:00"}},{"type":"Feature","geometry":{"type":"Point","coordinates":[121.50356,25.06607]},"properties":{"sno":500203027,"name":"YouBike2.0_開元市民活動中心","name_en":"YouBike2.0_Kaiyuan Civic Activity Center","city":"新北市","city_en":"New Taipei City","area":"三重區","area_en":"Sanchong Dist","address":"開元街58號/長元街65巷16弄對面","address_en":"No.58, Kaiyuan St./Aly. 16, Ln. 65, Changyuan St. (opposite)","total_quantity":36,"available_bikes":2,"available_spots":33,"yb2_quantity":1,"eyb_quantity":1,"active":true,"latitude":25.06607,"longitude":121.50356,"updated_at":"2026-05-02T14:39:02+08:00"}},{"type":"Feature","geometry":{"type":"Point","coordinates":[121.49875,25.0648]},"properties":{"sno":500203028,"name":"YouBike2.0_信義公園","name_en":"YouBike2.0_Xinyi Park","city":"新北市","city_en":"New Taipei City","area":"三重區","area_en":"Sanchong Dist","address":"信義西街18號對面人行道","address_en":"No.18, Xinyi W. St. (opposite)","total_quantity":32,"available_bikes":16,"available_spots":15,"yb2_quantity":15,"eyb_quantity":1,"active":true,"latitude":25.0648,"longitude":121.49875,"updated_at":"2026-05-02T14:29:02+08:00"}},{"type":"Feature","geometry":{"type":"Point","coordinates":[121.48821,25.05154]},"properties":{"sno":500203029,"name":"YouBike2.0_集成成功路口","name_en":"YouBike2.0_Ji Cheng Cheng Gong Intersection","city":"新北市","city_en":"New Taipei City","area":"三重區","area_en":"Sanchong Dist","address":"集成路2號至8號前人行道","address_en":"No.2 to No.8, Jicheng Rd.","total_quantity":35,"available_bikes":3,"available_spots":32,"yb2_quantity":3,"eyb_quantity":0,"active":true,"latitude":25.05154,"longitude":121.48821,"updated_at":"2026-05-02T14:38:04+08:00"}},{"type":"Feature","geometry":{"type":"Point","coordinates":[121.49292,25.05364]},"properties":{"sno":500203030,"name":"YouBike2.0_翔譽雙子星","name_en":"YouBike2.0_Xiang Yu Twin Towers","city":"新北市","city_en":"New Taipei City","area":"三重區","area_en":"Sanchong Dist","address":"三重區中正南路251號(右側人行道)","address_en":"No.251, Zhongzheng S. Rd., Sanchong Dist","total_quantity":36,"available_bikes":3,"available_spots":33,"yb2_quantity":2,"eyb_quantity":1,"active":true,"latitude":25.05364,"longitude":121.49292,"updated_at":"2026-05-02T14:33:03+08:00"}},{"type":"Feature","geometry":{"type":"Point","coordinates":[121.47103,25.0681]},"properties":{"sno":500203031,"name":"YouBike2.0_穀保家商","name_en":"YouBike2.0_Ku Pao Home Economics & Commercial High School","city":"新北市","city_en":"New Taipei City","area":"三重區","area_en":"Sanchong Dist","address":"疏洪東路三段/中正北路560巷口","address_en":"Sec. 4,Shuhong WRd., Sanchong Dist./Ln. 560, Zhongzheng N. Rd.","total_quantity":33,"available_bikes":9,"available_spots":23,"yb2_quantity":9,"eyb_quantity":0,"active":true,"latitude":25.0681,"longitude":121.47103,"updated_at":"2026-05-02T14:33:03+08:00"}},{"type":"Feature","geometry":{"type":"Point","coordinates":[121.49782,25.06855]},"properties":{"sno":500203032,"name":"YouBike2.0_正義公園","name_en":"YouBike2.0_Zhengyi Park","city":"新北市","city_en":"New Taipei City","area":"三重區","area_en":"Sanchong Dist","address":"文化北路101號至119號對面","address_en":"No.101 to No. 119, Wenhua N. Rd. (opposite)","total_quantity":48,"available_bikes":16,"available_spots":32,"yb2_quantity":16,"eyb_quantity":0,"active":true,"latitude":25.06855,"longitude":121.49782,"updated_at":"2026-05-02T14:33:03+08:00"}},{"type":"Feature","geometry":{"type":"Point","coordinates":[121.49445,25.06361]},"properties":{"sno":500203033,"name":"YouBike2.0_大智公園","name_en":"YouBike2.0_Dazhi Park","city":"新北市","city_en":"New Taipei City","area":"三重區","area_en":"Sanchong Dist","address":"大同北路56號(對面)","address_en":"No.56, Datong N. Rd., Sanchong Dist.","total_quantity":30,"available_bikes":11,"available_spots":19,"yb2_quantity":11,"eyb_quantity":0,"active":true,"latitude":25.06361,"longitude":121.49445,"updated_at":"2026-05-02T14:34:03+08:00"}},{"type":"Feature","geometry":{"type":"Point","coordinates":[121.49713,25.07042]},"properties":{"sno":500203034,"name":"YouBike2.0_捷運三重國小站","name_en":"YouBike2.0_MRT Sanchong Elementary School Sta.","city":"新北市","city_en":"New Taipei City","area":"三重區","area_en":"Sanchong Dist","address":"仁愛街/三和路3段11巷","address_en":"Ren’ai St./Ln. 11, Sec. 3, Sanhe Rd.","total_quantity":52,"available_bikes":4,"available_spots":34,"yb2_quantity":2,"eyb_quantity":2,"active":true,"latitude":25.07042,"longitude":121.49713,"updated_at":"2026-05-02T14:39:02+08:00"}},{"type":"Feature","geometry":{"type":"Point","coordinates":[121.48749,25.08374]},"properties":{"sno":500203035,"name":"YouBike2.0_碧華公園","name_en":"YouBike2.0_Bihua Park","city":"新北市","city_en":"New Taipei City","area":"三重區","area_en":"Sanchong Dist","address":"溪尾街303號(對面公園)","address_en":"No.303, Xiwei St. (opposite)","total_quantity":36,"available_bikes":14,"available_spots":22,"yb2_quantity":12,"eyb_quantity":2,"active":true,"latitude":25.08374,"longitude":121.48749,"updated_at":"2026-05-02T14:37:02+08:00"}},{"type":"Feature","geometry":{"type":"Point","coordinates":[121.47816,25.07463]},"properties":{"sno":500203036,"name":"YouBike2.0_三重永豐公園","name_en":"YouBike2.0_San chong Yongfeng Park","city":"新北市","city_en":"New Taipei City","area":"三重區","area_en":"Sanchong Dist","address":"永福街197巷6之1號","address_en":"No.6-1, Ln. 197, Yongfu St.","total_quantity":31,"available_bikes":9,"available_spots":20,"yb2_quantity":8,"eyb_quantity":1,"active":true,"latitude":25.07463,"longitude":121.47816,"updated_at":"2026-05-02T14:27:03+08:00"}},{"type":"Feature","geometry":{"type":"Point","coordinates":[121.47601,25.05119]},"properties":{"sno":500203037,"name":"YouBike2.0_先嗇宮","name_en":"YouBike2.0_Xianse Temple","city":"新北市","city_en":"New Taipei City","area":"三重區","area_en":"Sanchong Dist","address":"五谷王北街77號(後方停車場旁人行道)","address_en":"No.77, Wuguwang N. St.","total_quantity":30,"available_bikes":4,"available_spots":26,"yb2_quantity":3,"eyb_quantity":1,"active":true,"latitude":25.05119,"longitude":121.47601,"updated_at":"2026-05-02T14:01:02+08:00"}},{"type":"Feature","geometry":{"type":"Point","coordinates":[121.46892,25.05006]},"properties":{"sno":500203038,"name":"YouBike2.0_中興北街42巷17弄","name_en":"YouBike2.0_Zhongxing N. St. 175 Ln","city":"新北市","city_en":"New Taipei City","area":"三重區","area_en":"Sanchong Dist","address":"中興北街42巷17弄8號旁","address_en":"No.10, Ln. 175,Zhongxing N. St., Sanchong Dist.","total_quantity":28,"available_bikes":1,"available_spots":27,"yb2_quantity":1,"eyb_quantity":0,"active":true,"latitude":25.05006,"longitude":121.46892,"updated_at":"2026-05-02T14:20:04+08:00"}},{"type":"Feature","geometry":{"type":"Point","coordinates":[121.48461,25.08119]},"properties":{"sno":500203039,"name":"YouBike2.0_慈愛公園","name_en":"YouBike2.0_Ci'ai Park","city":"新北市","city_en":"New Taipei City","area":"三重區","area_en":"Sanchong Dist","address":"仁愛街584號旁公園人行道","address_en":"No. 584, Ren’ai St., Sanchong Dist","total_quantity":23,"available_bikes":1,"available_spots":22,"yb2_quantity":0,"eyb_quantity":1,"active":true,"latitude":25.08119,"longitude":121.48461,"updated_at":"2026-05-02T14:34:03+08:00"}},{"type":"Feature","geometry":{"type":"Point","coordinates":[121.49377,25.08603]},"properties":{"sno":500203040,"name":"YouBike2.0_進安公園","name_en":"YouBike2.0_Jinan Park","city":"新北市","city_en":"New Taipei City","area":"三重區","area_en":"Sanchong Dist","address":"仁義街258號至290號","address_en":"No.258 to No.290, Renyi St.","total_quantity":33,"available_bikes":2,"available_spots":31,"yb2_quantity":0,"eyb_quantity":2,"active":true,"latitude":25.08603,"longitude":121.49377,"updated_at":"2026-05-02T14:37:02+08:00"}},{"type":"Feature","geometry":{"type":"Point","coordinates":[121.49615,25.08065]},"properties":{"sno":500203041,"name":"YouBike2.0_三重五常公園","name_en":"YouBike2.0_Sanchong Wuchang Park","city":"新北市","city_en":"New Taipei City","area":"三重區","area_en":"Sanchong Dist","address":"五華街7巷59號(旁)","address_en":"Ln. 7, Wuhua St., Sanchong Dist","total_quantity":32,"available_bikes":11,"available_spots":19,"yb2_quantity":11,"eyb_quantity":0,"active":true,"latitude":25.08065,"longitude":121.49615,"updated_at":"2026-05-02T14:36:04+08:00"}},{"type":"Feature","geometry":{"type":"Point","coordinates":[121.4939,25.08173]},"properties":{"sno":500203042,"name":"YouBike2.0_五福里(五華街)","name_en":"YouBike2.0_Wufu Village (Wuhua St.)","city":"新北市","city_en":"New Taipei City","area":"三重區","area_en":"Sanchong Dist","address":"五華街66號(對面)","address_en":"No.64, Wuhua St. (opposite)","total_quantity":39,"available_bikes":10,"available_spots":29,"yb2_quantity":9,"eyb_quantity":1,"active":true,"latitude":25.08173,"longitude":121.4939,"updated_at":"2026-05-02T14:38:04+08:00"}},{"type":"Feature","geometry":{"type":"Point","coordinates":[121.48554,25.08415]},"properties":{"sno":500203043,"name":"YouBike2.0_碧華公園(集勇街)","name_en":"YouBike2.0_Bihua Park(Jiyong Rd.)","city":"新北市","city_en":"New Taipei City","area":"三重區","area_en":"Sanchong Dist","address":"仁安街2號(對面)","address_en":"No.2, Ren’an St., Sanchong Dist.(opposite)","total_quantity":45,"available_bikes":9,"available_spots":35,"yb2_quantity":7,"eyb_quantity":2,"active":true,"latitude":25.08415,"longitude":121.48554,"updated_at":"2026-05-02T14:28:04+08:00"}},{"type":"Feature","geometry":{"type":"Point","coordinates":[121.48953,25.08723]},"properties":{"sno":500203044,"name":"YouBike2.0_新北高中","name_en":"YouBike2.0_New Taipei Senior High School","city":"新北市","city_en":"New Taipei City","area":"三重區","area_en":"Sanchong Dist","address":"三信路1號(旁)","address_en":"No.1, Sanxin Rd.","total_quantity":88,"available_bikes":19,"available_spots":69,"yb2_quantity":17,"eyb_quantity":2,"active":true,"latitude":25.08723,"longitude":121.48953,"updated_at":"2026-05-02T14:35:03+08:00"}},{"type":"Feature","geometry":{"type":"Point","coordinates":[121.48071,25.06868]},"properties":{"sno":500203045,"name":"YouBike2.0_三重商工","name_en":"YouBike2.0_San-Chung Commercial and Industrial Vocational High School","city":"新北市","city_en":"New Taipei City","area":"三重區","area_en":"Sanchong Dist","address":"中正北路163號(旁)","address_en":"Ln. 163, Zhongzheng N. Rd.","total_quantity":77,"available_bikes":23,"available_spots":53,"yb2_quantity":21,"eyb_quantity":2,"active":true,"latitude":25.06868,"longitude":121.48071,"updated_at":"2026-05-02T14:28:04+08:00"}},{"type":"Feature","geometry":{"type":"Point","coordinates":[121.48047,25.06596]},"properties":{"sno":500203046,"name":"YouBike2.0_二重國中","name_en":"YouBike2.0_Er Chung Junior High School","city":"新北市","city_en":"New Taipei City","area":"三重區","area_en":"Sanchong Dist","address":"忠孝路三段75巷11號(對面)","address_en":"No.11, Ln. 75, Sec. 3, Zhongxiao Rd.(Opposite)","total_quantity":38,"available_bikes":1,"available_spots":37,"yb2_quantity":0,"eyb_quantity":1,"active":true,"latitude":25.06596,"longitude":121.48047,"updated_at":"2026-05-02T14:34:03+08:00"}},{"type":"Feature","geometry":{"type":"Point","coordinates":[121.49016,25.07822]},"properties":{"sno":500203047,"name":"YouBike2.0_自強溪尾街口","name_en":"YouBike2.0_Ziqiang & Xiwei Intersection","city":"新北市","city_en":"New Taipei City","area":"三重區","area_en":"Sanchong Dist","address":"自強路四段55號(旁)","address_en":"No.55, Sec. 4, Ziqiang Rd.","total_quantity":52,"available_bikes":0,"available_spots":52,"yb2_quantity":0,"eyb_quantity":0,"active":true,"latitude":25.07822,"longitude":121.49016,"updated_at":"2026-05-02T14:35:16+08:00"}},{"type":"Feature","geometry":{"type":"Point","coordinates":[121.4878,25.07588]},"properties":{"sno":500203048,"name":"YouBike2.0_捷運三和國中站(1號出口)","name_en":"YouBike2.0_MRT Sanhe Junior High School Sta.","city":"新北市","city_en":"New Taipei City","area":"三重區","area_en":"Sanchong Dist","address":"三和路四段216號(旁)","address_en":"No. 216, Sec. 4, Sanhe Rd.","total_quantity":95,"available_bikes":91,"available_spots":3,"yb2_quantity":88,"eyb_quantity":3,"active":true,"latitude":25.07588,"longitude":121.4878,"updated_at":"2026-05-02T14:36:04+08:00"}},{"type":"Feature","geometry":{"type":"Point","coordinates":[121.4843,25.07613]},"properties":{"sno":500203049,"name":"YouBike2.0_永盛公園","name_en":"YouBike2.0_YongSheng Park","city":"新北市","city_en":"New Taipei City","area":"三重區","area_en":"Sanchong Dist","address":"車路頭街/車路頭街139巷(東南側)","address_en":"Ln. 139, Chelutou St.& Chelutou St. (Southeast)","total_quantity":45,"available_bikes":21,"available_spots":24,"yb2_quantity":15,"eyb_quantity":6,"active":true,"latitude":25.07613,"longitude":121.4843,"updated_at":"2026-05-02T14:39:02+08:00"}},{"type":"Feature","geometry":{"type":"Point","coordinates":[121.47099,25.04607]},"properties":{"sno":500203050,"name":"YouBike2.0_捷運先嗇宮站(2號出口)","name_en":"YouBike2.0_MRT Xianse Temple Sta.(Exit.2)","city":"新北市","city_en":"New Taipei City","area":"三重區","area_en":"Sanchong Dist","address":"重新路五段555號(對面)","address_en":"No.555, Sec. 5, Chongxin Rd.(Opposite)","total_quantity":64,"available_bikes":44,"available_spots":20,"yb2_quantity":38,"eyb_quantity":6,"active":true,"latitude":25.04607,"longitude":121.47099,"updated_at":"2026-05-02T14:39:02+08:00"}},{"type":"Feature","geometry":{"type":"Point","coordinates":[121.47017,25.0531]},"properties":{"sno":500203051,"name":"YouBike2.0_藍天大樓","name_en":"YouBike2.0_Lantian Building","city":"新北市","city_en":"New Taipei City","area":"三重區","area_en":"Sanchong Dist","address":"興德路129號(前)","address_en":"No.129, Xingde Rd., Sanchong Dist.","total_quantity":30,"available_bikes":10,"available_spots":19,"yb2_quantity":10,"eyb_quantity":0,"active":true,"latitude":25.0531,"longitude":121.47017,"updated_at":"2026-05-02T14:20:04+08:00"}},{"type":"Feature","geometry":{"type":"Point","coordinates":[121.4696,25.05595]},"properties":{"sno":500203052,"name":"YouBike2.0_中興北街175巷口","name_en":"YouBike2.0_Zhongxing N. St. 175 Ln","city":"新北市","city_en":"New Taipei City","area":"三重區","area_en":"Sanchong Dist","address":"中興北街175巷8號(對面)","address_en":"No.8, Ln. 175,Zhongxing N. St., Sanchong Dist.(oppsite)","total_quantity":36,"available_bikes":11,"available_spots":25,"yb2_quantity":11,"eyb_quantity":0,"active":true,"latitude":25.05595,"longitude":121.4696,"updated_at":"2026-05-02T14:28:04+08:00"}},{"type":"Feature","geometry":{"type":"Point","coordinates":[121.49907,25.05732]},"properties":{"sno":500203053,"name":"YouBike2.0_同安公園","name_en":"YouBike2.0_Tong An Park","city":"新北市","city_en":"New Taipei City","area":"三重區","area_en":"Sanchong Dist","address":"正義南路165號(對面)","address_en":"No.165, Zhengyi S. Rd. (Opposite)","total_quantity":38,"available_bikes":6,"available_spots":32,"yb2_quantity":4,"eyb_quantity":2,"active":true,"latitude":25.05732,"longitude":121.49907,"updated_at":"2026-05-02T14:35:03+08:00"}},{"type":"Feature","geometry":{"type":"Point","coordinates":[121.47942,25.06484]},"properties":{"sno":500203054,"name":"YouBike2.0_東海高中","name_en":"YouBike2.0_Tung Hai Senior High School","city":"新北市","city_en":"New Taipei City","area":"三重區","area_en":"Sanchong Dist","address":"忠孝路三段89號(旁)","address_en":"No. 89, Sec. 3, Zhongxiao Rd., Sanchong Dist.","total_quantity":31,"available_bikes":1,"available_spots":30,"yb2_quantity":1,"eyb_quantity":0,"active":true,"latitude":25.06484,"longitude":121.47942,"updated_at":"2026-05-02T14:08:03+08:00"}},{"type":"Feature","geometry":{"type":"Point","coordinates":[121.47766,25.06598]},"properties":{"sno":500203055,"name":"YouBike2.0_二重國小","name_en":"YouBike2.0_Er Chong Elementary School","city":"新北市","city_en":"New Taipei City","area":"三重區","area_en":"Sanchong Dist","address":"頂崁街/忠孝路三段96巷(東北側)","address_en":"Ln.96, Sec.3, Zhongxiao Rd.& Dingkan St. (Northeast)","total_quantity":43,"available_bikes":13,"available_spots":30,"yb2_quantity":12,"eyb_quantity":1,"active":true,"latitude":25.06598,"longitude":121.47766,"updated_at":"2026-05-02T14:38:04+08:00"}},{"type":"Feature","geometry":{"type":"Point","coordinates":[121.49553,25.0661]},"properties":{"sno":500203056,"name":"YouBike2.0_新北市立圖書館三重分館","name_en":"YouBike2.0_New Taipei City Library Sanchong Branch","city":"新北市","city_en":"New Taipei City","area":"三重區","area_en":"Sanchong Dist","address":"自強路一段158號(旁)","address_en":"No.158, Sec. 1, Ziqiang Rd.","total_quantity":45,"available_bikes":34,"available_spots":11,"yb2_quantity":27,"eyb_quantity":7,"active":true,"latitude":25.0661,"longitude":121.49553,"updated_at":"2026-05-02T14:39:02+08:00"}},{"type":"Feature","geometry":{"type":"Point","coordinates":[121.49848,25.07482]},"properties":{"sno":500203057,"name":"YouBike2.0_龍門公園","name_en":"YouBike2.0_Longmen Park","city":"新北市","city_en":"New Taipei City","area":"三重區","area_en":"Sanchong Dist","address":"公園街45號(對面)","address_en":"No.45, Gongyuan St.(Opposite)","total_quantity":48,"available_bikes":1,"available_spots":47,"yb2_quantity":1,"eyb_quantity":0,"active":true,"latitude":25.07482,"longitude":121.49848,"updated_at":"2026-05-02T14:39:02+08:00"}},{"type":"Feature","geometry":{"type":"Point","coordinates":[121.48032,25.07771]},"properties":{"sno":500203058,"name":"YouBike2.0_永福國小","name_en":"YouBike2.0_Yong Fu Elementary School","city":"新北市","city_en":"New Taipei City","area":"三重區","area_en":"Sanchong Dist","address":"永福街79號(對面)","address_en":"No.79, Yongfu St.(Opposite)","total_quantity":33,"available_bikes":12,"available_spots":21,"yb2_quantity":10,"eyb_quantity":2,"active":true,"latitude":25.07771,"longitude":121.48032,"updated_at":"2026-05-02T14:30:03+08:00"}},{"type":"Feature","geometry":{"type":"Point","coordinates":[121.4856,25.08645]},"properties":{"sno":500203059,"name":"YouBike2.0_太陽公園","name_en":"YouBike2.0_Taiyang Park","city":"新北市","city_en":"New Taipei City","area":"三重區","area_en":"Sanchong Dist","address":"集英路67號(對面)","address_en":"No.67, Jiying Rd.(Opposite)","total_quantity":44,"available_bikes":18,"available_spots":24,"yb2_quantity":17,"eyb_quantity":1,"active":true,"latitude":25.08645,"longitude":121.4856,"updated_at":"2026-05-02T14:39:02+08:00"}},{"type":"Feature","geometry":{"type":"Point","coordinates":[121.48474,25.05588]},"properties":{"sno":500203060,"name":"YouBike2.0_捷運三重站(3號出口)","name_en":"YouBike2.0_MRT Sanchong Sta. (Exit 3)","city":"新北市","city_en":"New Taipei City","area":"三重區","area_en":"Sanchong Dist","address":"捷運路/捷運路37巷","address_en":"Jieyun Rd./Ln. 37, Jieyun Rd.","total_quantity":33,"available_bikes":13,"available_spots":19,"yb2_quantity":13,"eyb_quantity":0,"active":true,"latitude":25.05588,"longitude":121.48474,"updated_at":"2026-05-02T14:39:02+08:00"}},{"type":"Feature","geometry":{"type":"Point","coordinates":[121.49488,25.07486]},"properties":{"sno":500203061,"name":"YouBike2.0_仁愛街112巷","name_en":"YouBike2.0_Ln. 112, Renhua St.","city":"新北市","city_en":"New Taipei City","area":"三重區","area_en":"Sanchong Dist","address":"仁愛街112巷7號(對面)","address_en":"No. 7, Ln. 112, Ren’ai St., Sanchong Dist.","total_quantity":26,"available_bikes":6,"available_spots":20,"yb2_quantity":5,"eyb_quantity":1,"active":true,"latitude":25.07486,"longitude":121.49488,"updated_at":"2026-05-02T14:38:04+08:00"}},{"type":"Feature","geometry":{"type":"Point","coordinates":[121.4756,25.05493]},"properties":{"sno":500203062,"name":"YouBike2.0_頂崁公園","name_en":"YouBike2.0_Dingkan Park","city":"新北市","city_en":"New Taipei City","area":"三重區","area_en":"Sanchong Dist","address":"頂文一街頂文二街口(東南側公園人行道)","address_en":"Dingwen 1st & Dingwen 2nd St. Intersection","total_quantity":24,"available_bikes":3,"available_spots":21,"yb2_quantity":0,"eyb_quantity":3,"active":true,"latitude":25.05493,"longitude":121.4756,"updated_at":"2026-05-02T14:22:02+08:00"}},{"type":"Feature","geometry":{"type":"Point","coordinates":[121.48488,25.0662]},"properties":{"sno":500203063,"name":"YouBike2.0_重陽國小","name_en":"YouBike2.0_Chong Yang Elementary School","city":"新北市","city_en":"New Taipei City","area":"三重區","area_en":"Sanchong Dist","address":"力行路一段38巷/中正北路口","address_en":"Zhongzheng N. Rd./Ln. 175, Sanmin St.","total_quantity":61,"available_bikes":13,"available_spots":48,"yb2_quantity":10,"eyb_quantity":3,"active":true,"latitude":25.0662,"longitude":121.48488,"updated_at":"2026-05-02T14:34:03+08:00"}},{"type":"Feature","geometry":{"type":"Point","coordinates":[121.48287,25.07787]},"properties":{"sno":500203064,"name":"YouBike2.0_力行地下停車場","name_en":"YouBike2.0_li xing Underground Parking Lot","city":"新北市","city_en":"New Taipei City","area":"三重區","area_en":"Sanchong Dist","address":"永福街10巷8號(旁)","address_en":"No. 8, Lane 10, Yongfu St.","total_quantity":20,"available_bikes":8,"available_spots":12,"yb2_quantity":6,"eyb_quantity":2,"active":true,"latitude":25.07787,"longitude":121.48287,"updated_at":"2026-05-02T14:39:02+08:00"}},{"type":"Feature","geometry":{"type":"Point","coordinates":[121.49039,25.09114]},"properties":{"sno":500203065,"name":"YouBike2.0_三重親水公園","name_en":"YouBike2.0_Triple hydrophilic Park","city":"新北市","city_en":"New Taipei City","area":"三重區","area_en":"Sanchong Dist","address":"環河北路三段/吉祥街(東南側)","address_en":"Section 3, Huanhe North Rd. & Jixiang St. (Southeast)","total_quantity":18,"available_bikes":5,"available_spots":13,"yb2_quantity":5,"eyb_quantity":0,"active":true,"latitude":25.09114,"longitude":121.49039,"updated_at":"2026-05-02T14:33:03+08:00"}},{"type":"Feature","geometry":{"type":"Point","coordinates":[121.47599,25.07136]},"properties":{"sno":500203066,"name":"YouBike2.0_中正北路193巷(愛買三重店)","name_en":"YouBike2.0_Lane 193, Zhongzheng North Rd. (a.mart Sanchong)","city":"新北市","city_en":"New Taipei City","area":"三重區","area_en":"Sanchong Dist","address":"中正北路193巷45號","address_en":"No. 45, Lane 193, Zhongzheng North Rd.","total_quantity":37,"available_bikes":13,"available_spots":24,"yb2_quantity":11,"eyb_quantity":2,"active":true,"latitude":25.07136,"longitude":121.47599,"updated_at":"2026-05-02T14:13:03+08:00"}},{"type":"Feature","geometry":{"type":"Point","coordinates":[121.48352,25.06966]},"properties":{"sno":500203067,"name":"YouBike2.0_三重商工地下停車場","name_en":"YouBike2.0_San-Chung Commercial and Industrial Vocational High School basement parking","city":"新北市","city_en":"New Taipei City","area":"三重區","area_en":"Sanchong Dist","address":"力行路一段183號(對面)","address_en":"No. 183, Sec. 1, Lixing Rd. (Opposite)","total_quantity":64,"available_bikes":11,"available_spots":53,"yb2_quantity":10,"eyb_quantity":1,"active":true,"latitude":25.06966,"longitude":121.48352,"updated_at":"2026-05-02T14:38:04+08:00"}},{"type":"Feature","geometry":{"type":"Point","coordinates":[121.4815,25.0613]},"properties":{"sno":500203068,"name":"YouBike2.0_三重棒球場","name_en":"YouBike2.0_Sanchong Baseball Court","city":"新北市","city_en":"New Taipei City","area":"三重區","area_en":"Sanchong Dist","address":"新北大道一段157號(對面)","address_en":"No. 157, New Taipei Blvd.(Opposite)","total_quantity":25,"available_bikes":3,"available_spots":22,"yb2_quantity":3,"eyb_quantity":0,"active":true,"latitude":25.0613,"longitude":121.4815,"updated_at":"2026-05-02T14:29:02+08:00"}},{"type":"Feature","geometry":{"type":"Point","coordinates":[121.48587,25.0802]},"properties":{"sno":500203069,"name":"YouBike2.0_溪尾街196巷/仁美街口","name_en":"YouBike2.0_Ln. 196, Xiwei St. & Renmei St. Intersection","city":"新北市","city_en":"New Taipei City","area":"三重區","area_en":"Sanchong Dist","address":"溪尾街196巷38號(旁)","address_en":"No. 38, Ln. 196, Xiwei St.","total_quantity":18,"available_bikes":0,"available_spots":18,"yb2_quantity":0,"eyb_quantity":0,"active":true,"latitude":25.0802,"longitude":121.48587,"updated_at":"2026-05-02T14:39:02+08:00"}},{"type":"Feature","geometry":{"type":"Point","coordinates":[121.49405,25.06966]},"properties":{"sno":500203070,"name":"YouBike2.0_六張公園","name_en":"YouBike2.0_Liuzhang Park","city":"新北市","city_en":"New Taipei City","area":"三重區","area_en":"Sanchong Dist","address":"民生東街/安慶街149巷(西北側)","address_en":"No.21, Ln. 149, Anqing St.(oppsite)","total_quantity":42,"available_bikes":22,"available_spots":20,"yb2_quantity":16,"eyb_quantity":6,"active":true,"latitude":25.06966,"longitude":121.49405,"updated_at":"2026-05-02T14:36:04+08:00"}},{"type":"Feature","geometry":{"type":"Point","coordinates":[121.48799,25.08984]},"properties":{"sno":500203071,"name":"YouBike2.0_自然公園","name_en":"YouBike2.0_Natural Park","city":"新北市","city_en":"New Taipei City","area":"三重區","area_en":"Sanchong Dist","address":"集賢路158號(旁)","address_en":"Ruyi St./Jixian Rd.","total_quantity":36,"available_bikes":4,"available_spots":32,"yb2_quantity":3,"eyb_quantity":1,"active":true,"latitude":25.08984,"longitude":121.48799,"updated_at":"2026-05-02T14:31:03+08:00"}},{"type":"Feature","geometry":{"type":"Point","coordinates":[121.48636,25.07872]},"properties":{"sno":500203072,"name":"YouBike2.0_仁美街/三和路四段145巷口","name_en":"YouBike2.0_Renmei St. & Ln. 145, Sec. 4, Sanhe Rd. Intersection","city":"新北市","city_en":"New Taipei City","area":"三重區","area_en":"Sanchong Dist","address":"三和路四段145巷81號","address_en":"No. 81, Ln. 145, Sec. 4, Sanhe Rd.","total_quantity":12,"available_bikes":1,"available_spots":11,"yb2_quantity":1,"eyb_quantity":0,"active":true,"latitude":25.07872,"longitude":121.48636,"updated_at":"2026-05-02T14:33:03+08:00"}},{"type":"Feature","geometry":{"type":"Point","coordinates":[121.49181,25.05734]},"properties":{"sno":500203073,"name":"YouBike2.0_光明市場","name_en":"YouBike2.0_Guangming Market","city":"新北市","city_en":"New Taipei City","area":"三重區","area_en":"Sanchong Dist","address":"光明路67-1號南側","address_en":"No. 67-1, Guangming Rd.(South)","total_quantity":27,"available_bikes":9,"available_spots":18,"yb2_quantity":9,"eyb_quantity":0,"active":true,"latitude":25.05734,"longitude":121.49181,"updated_at":"2026-05-02T14:24:04+08:00"}},{"type":"Feature","geometry":{"type":"Point","coordinates":[121.49955,25.08006]},"properties":{"sno":500203074,"name":"YouBike2.0_元富一街/仁義街79巷口","name_en":"YouBike2.0_Yuanfu 1st. St. & Ln. 79, Renyi St.","city":"新北市","city_en":"New Taipei City","area":"三重區","area_en":"Sanchong Dist","address":"元富一街/仁義街79巷(東側)","address_en":"Yuanfu 1st. St. & Ln. 79, Renyi St.(East)","total_quantity":15,"available_bikes":8,"available_spots":7,"yb2_quantity":8,"eyb_quantity":0,"active":true,"latitude":25.08006,"longitude":121.49955,"updated_at":"2026-05-02T14:38:04+08:00"}},{"type":"Feature","geometry":{"type":"Point","coordinates":[121.492,25.06468]},"properties":{"sno":500203075,"name":"YouBike2.0_國隆大仁街口","name_en":"YouBike2.0_Guolong Daren St. Intersection","city":"新北市","city_en":"New Taipei City","area":"三重區","area_en":"Sanchong Dist","address":"大仁街23號(對面)","address_en":"No. 23, Daren St.(Opposite)","total_quantity":17,"available_bikes":7,"available_spots":10,"yb2_quantity":7,"eyb_quantity":0,"active":true,"latitude":25.06468,"longitude":121.492,"updated_at":"2026-05-02T14:37:02+08:00"}},{"type":"Feature","geometry":{"type":"Point","coordinates":[121.48417,25.07814]},"properties":{"sno":500203076,"name":"YouBike2.0_三和慈愛街口","name_en":"YouBike2.0_Sanhe Ci'ai St. Intersection","city":"新北市","city_en":"New Taipei City","area":"三重區","area_en":"Sanchong Dist","address":"三和路四段141號(前)","address_en":"No. 141, Sec. 4, Sanhe Rd.","total_quantity":11,"available_bikes":6,"available_spots":5,"yb2_quantity":6,"eyb_quantity":0,"active":true,"latitude":25.07814,"longitude":121.48417,"updated_at":"2026-05-02T14:38:04+08:00"}},{"type":"Feature","geometry":{"type":"Point","coordinates":[121.49128,25.07781]},"properties":{"sno":500203077,"name":"YouBike2.0_三重社會福利服務中心","name_en":"YouBike2.0_Sanchong Social Welfare Center","city":"新北市","city_en":"New Taipei City","area":"三重區","area_en":"Sanchong Dist","address":"福隆路59號(對面)","address_en":"No. 59, Fulong Rd.(Opposite)","total_quantity":11,"available_bikes":1,"available_spots":10,"yb2_quantity":1,"eyb_quantity":0,"active":true,"latitude":25.07781,"longitude":121.49128,"updated_at":"2026-05-02T14:39:02+08:00"}},{"type":"Feature","geometry":{"type":"Point","coordinates":[121.48635,25.07703]},"properties":{"sno":500203078,"name":"YouBike2.0_捷運三和國中站(2號出口)","name_en":"YouBike2.0_MRT Sanhe Junior High School Sta.(Exit 2)","city":"新北市","city_en":"New Taipei City","area":"三重區","area_en":"Sanchong Dist","address":"三和路四段109-1號(對面)","address_en":"No. 109-1, Sec. 4, Sanhe Rd.(Opposite)","total_quantity":17,"available_bikes":17,"available_spots":0,"yb2_quantity":15,"eyb_quantity":2,"active":true,"latitude":25.07703,"longitude":121.48635,"updated_at":"2026-05-02T14:37:17+08:00"}},{"type":"Feature","geometry":{"type":"Point","coordinates":[121.4949,25.0718]},"properties":{"sno":500203079,"name":"YouBike2.0_三和龍門路口","name_en":"YouBike2.0_Sanhe Longmen Rd. Intersection","city":"新北市","city_en":"New Taipei City","area":"三重區","area_en":"Sanchong Dist","address":"三和路三段61號(前)","address_en":"No. 61, Sec. 3, Sanhe Rd.","total_quantity":18,"available_bikes":5,"available_spots":13,"yb2_quantity":5,"eyb_quantity":0,"active":true,"latitude":25.0718,"longitude":121.4949,"updated_at":"2026-05-02T14:25:03+08:00"}},{"type":"Feature","geometry":{"type":"Point","coordinates":[121.49417,25.07709]},"properties":{"sno":500203080,"name":"YouBike2.0_元信二仁愛街口","name_en":"YouBike2.0_Yuanxin 2nd & Ren'ai St. Intersection","city":"新北市","city_en":"New Taipei City","area":"三重區","area_en":"Sanchong Dist","address":"仁愛街190號(對面)","address_en":"No. 190, Ren'ai St.(Opposite)","total_quantity":20,"available_bikes":4,"available_spots":15,"yb2_quantity":4,"eyb_quantity":0,"active":true,"latitude":25.07709,"longitude":121.49417,"updated_at":"2026-05-02T14:28:04+08:00"}},{"type":"Feature","geometry":{"type":"Point","coordinates":[121.48255,25.07583]},"properties":{"sno":500203081,"name":"YouBike2.0_力行路二段91巷口","name_en":"YouBike2.0_Ln. 91, Sec. 2, Lixing Rd. Intersection","city":"新北市","city_en":"New Taipei City","area":"三重區","area_en":"Sanchong Dist","address":"力行路二段93號(前)","address_en":"No. 93, Sec. 2, Lixing Rd.","total_quantity":13,"available_bikes":1,"available_spots":12,"yb2_quantity":1,"eyb_quantity":0,"active":true,"latitude":25.07583,"longitude":121.48255,"updated_at":"2026-05-02T14:08:03+08:00"}},{"type":"Feature","geometry":{"type":"Point","coordinates":[121.47985,25.07657]},"properties":{"sno":500203082,"name":"YouBike2.0_永福國小(永福街72巷)","name_en":"YouBike2.0_Yongfu Elementary School(Ln. 72, Yongfu St.)","city":"新北市","city_en":"New Taipei City","area":"三重區","area_en":"Sanchong Dist","address":"永福街72巷23號(對面)","address_en":"No. 23, Ln. 72, Yongfu St.(Opposite)","total_quantity":31,"available_bikes":3,"available_spots":28,"yb2_quantity":2,"eyb_quantity":1,"active":true,"latitude":25.07657,"longitude":121.47985,"updated_at":"2026-05-02T14:36:04+08:00"}},{"type":"Feature","geometry":{"type":"Point","coordinates":[121.48907,25.07403]},"properties":{"sno":500203083,"name":"YouBike2.0_格致中學","name_en":"YouBike2.0_Ger-jyh Senior High School","city":"新北市","city_en":"New Taipei City","area":"三重區","area_en":"Sanchong Dist","address":"大智街260號(前)","address_en":"No. 260, Dazhi St.","total_quantity":24,"available_bikes":9,"available_spots":15,"yb2_quantity":8,"eyb_quantity":1,"active":true,"latitude":25.07403,"longitude":121.48907,"updated_at":"2026-05-02T14:38:04+08:00"}},{"type":"Feature","geometry":{"type":"Point","coordinates":[121.5023,25.06395]},"properties":{"sno":500203084,"name":"YouBike2.0_三重派出所","name_en":"YouBike2.0_Sanchong Police Substation","city":"新北市","city_en":"New Taipei City","area":"三重區","area_en":"Sanchong Dist","address":"重新路一段43號(旁)","address_en":"No. 43, Sec. 1, Chongxin Rd.","total_quantity":15,"available_bikes":3,"available_spots":12,"yb2_quantity":2,"eyb_quantity":1,"active":true,"latitude":25.06395,"longitude":121.5023,"updated_at":"2026-05-02T14:39:02+08:00"}},{"type":"Feature","geometry":{"type":"Point","coordinates":[121.49602,25.08634]},"properties":{"sno":500203085,"name":"YouBike2.0_重陽橋市民活動中心","name_en":"YouBike2.0_Chongyang Bridge Civil Activity Center","city":"新北市","city_en":"New Taipei City","area":"三重區","area_en":"Sanchong Dist","address":"環河北路三段/集賢路(西北側)","address_en":"Sec. 3, Huanhe N. Rd. &Jixian Rd.(Northwest)","total_quantity":15,"available_bikes":4,"available_spots":11,"yb2_quantity":4,"eyb_quantity":0,"active":true,"latitude":25.08634,"longitude":121.49602,"updated_at":"2026-05-02T14:22:02+08:00"}},{"type":"Feature","geometry":{"type":"Point","coordinates":[121.47492,25.06622]},"properties":{"sno":500203086,"name":"YouBike2.0_二重埔市民活動中心","name_en":"YouBike2.0_Erchongpu Civil Activity Center","city":"新北市","city_en":"New Taipei City","area":"三重區","area_en":"Sanchong Dist","address":"水漾路二段131號(南側)","address_en":"No. 12-1, Dayou St.","total_quantity":30,"available_bikes":2,"available_spots":27,"yb2_quantity":2,"eyb_quantity":0,"active":true,"latitude":25.06622,"longitude":121.47492,"updated_at":"2026-05-02T14:18:03+08:00"}},{"type":"Feature","geometry":{"type":"Point","coordinates":[121.47409,25.05899]},"properties":{"sno":500203087,"name":"YouBike2.0_神農街/光復路二段129巷口","name_en":"YouBike2.0_Shennong St. & Ln. 129, Sec. 2, Guangfu Rd. Intersection","city":"新北市","city_en":"New Taipei City","area":"三重區","area_en":"Sanchong Dist","address":"光復路二段87巷10-12號(旁)","address_en":"No. 10-12, Ln. 87, Sec. 2, Guangfu Rd., Sanchong Dist.(side)","total_quantity":26,"available_bikes":2,"available_spots":24,"yb2_quantity":2,"eyb_quantity":0,"active":true,"latitude":25.05899,"longitude":121.47409,"updated_at":"2026-05-02T13:50:03+08:00"}},{"type":"Feature","geometry":{"type":"Point","coordinates":[121.49994,25.07221]},"properties":{"sno":500203088,"name":"YouBike2.0_光榮國中(秀江街)","name_en":"YouBike2.0_Guangrong Junior High School(Xiujiang St.)","city":"新北市","city_en":"New Taipei City","area":"三重區","area_en":"Sanchong Dist","address":"秀江街107號(對面)","address_en":"No. 107, Xiujiang St., Sanchong Dist.(opposite)","total_quantity":20,"available_bikes":0,"available_spots":20,"yb2_quantity":0,"eyb_quantity":0,"active":true,"latitude":25.07221,"longitude":121.49994,"updated_at":"2026-05-02T14:38:21+08:00"}},{"type":"Feature","geometry":{"type":"Point","coordinates":[121.47427,25.05333]},"properties":{"sno":500203089,"name":"YouBike2.0_神農興德路口(恆美社區)","name_en":"YouBike2.0_Shennong St. & Xingde Rd. Intersection","city":"新北市","city_en":"New Taipei City","area":"三重區","area_en":"Sanchong Dist","address":"神農路/興德路(東南側)","address_en":"Shennong Rd. & Xingde Rd. Intersection(Southeast)","total_quantity":40,"available_bikes":3,"available_spots":37,"yb2_quantity":3,"eyb_quantity":0,"active":true,"latitude":25.05333,"longitude":121.47427,"updated_at":"2026-05-02T14:32:02+08:00"}},{"type":"Feature","geometry":{"type":"Point","coordinates":[121.49491,25.06492]},"properties":{"sno":500203090,"name":"YouBike2.0_正義國小地下停車場","name_en":"YouBike2.0_No. 22, Dazhi St.(Opposite)","city":"新北市","city_en":"New Taipei City","area":"三重區","area_en":"Sanchong Dist","address":"大智街22號(對面)","address_en":"No. 22, Dazhi St.(Opposite)","total_quantity":13,"available_bikes":1,"available_spots":12,"yb2_quantity":1,"eyb_quantity":0,"active":true,"latitude":25.06492,"longitude":121.49491,"updated_at":"2026-05-02T14:32:02+08:00"}},{"type":"Feature","geometry":{"type":"Point","coordinates":[121.47404,25.05604]},"properties":{"sno":500203091,"name":"YouBike2.0_群光公園","name_en":"YouBike2.0_Qunguang Park","city":"新北市","city_en":"New Taipei City","area":"三重區","area_en":"Sanchong Dist","address":"頂文路/神農街(西北側)","address_en":"Dingwen Rd. & Shennong St. Intersection(Northwest)","total_quantity":15,"available_bikes":3,"available_spots":12,"yb2_quantity":3,"eyb_quantity":0,"active":true,"latitude":25.05604,"longitude":121.47404,"updated_at":"2026-05-02T14:05:04+08:00"}},{"type":"Feature","geometry":{"type":"Point","coordinates":[121.49629,25.07914]},"properties":{"sno":500203092,"name":"YouBike2.0_仁信段平面停車場","name_en":"YouBike2.0_Renxin Parking Lot","city":"新北市","city_en":"New Taipei City","area":"三重區","area_en":"Sanchong Dist","address":"元信二街/元信二街202巷(東南側)","address_en":"Yuanxin 2nd St. & Ln. 202, Yuanxin 2nd St. Intersection(Southeast)","total_quantity":12,"available_bikes":4,"available_spots":8,"yb2_quantity":2,"eyb_quantity":2,"active":true,"latitude":25.07914,"longitude":121.49629,"updated_at":"2026-05-02T14:38:04+08:00"}},{"type":"Feature","geometry":{"type":"Point","coordinates":[121.49185,25.06318]},"properties":{"sno":500203093,"name":"YouBike2.0_中正北路25巷(交響院社區)","name_en":"YouBike2.0_Ln.25, Zhongzheng Rd.","city":"新北市","city_en":"New Taipei City","area":"三重區","area_en":"Sanchong Dist","address":"中正北路29號","address_en":"No. 29, Zhongzheng N. Rd.","total_quantity":40,"available_bikes":1,"available_spots":39,"yb2_quantity":0,"eyb_quantity":1,"active":true,"latitude":25.06318,"longitude":121.49185,"updated_at":"2026-05-02T14:29:02+08:00"}},{"type":"Feature","geometry":{"type":"Point","coordinates":[121.47421,25.04937]},"properties":{"sno":500203094,"name":"YouBike2.0_興穀國小","name_en":"YouBike2.0_Xinggu Elementary School","city":"新北市","city_en":"New Taipei City","area":"三重區","area_en":"Sanchong Dist","address":"神農街/五谷王北街42巷(東北側)","address_en":"Shennong St. & Ln. 42, Wuguwang N. St.(Northeast)","total_quantity":35,"available_bikes":1,"available_spots":34,"yb2_quantity":1,"eyb_quantity":0,"active":true,"latitude":25.04937,"longitude":121.47421,"updated_at":"2026-05-02T14:33:03+08:00"}},{"type":"Feature","geometry":{"type":"Point","coordinates":[121.47621,25.05365]},"properties":{"sno":500203095,"name":"YouBike2.0_三重區停八停車場","name_en":"YouBike2.0_Parking Lot No.8, Sanchong","city":"新北市","city_en":"New Taipei City","area":"三重區","area_en":"Sanchong Dist","address":"興德路55號南側","address_en":"No. 55, Xingde Rd.(South)","total_quantity":17,"available_bikes":2,"available_spots":15,"yb2_quantity":2,"eyb_quantity":0,"active":true,"latitude":25.05365,"longitude":121.47621,"updated_at":"2026-05-02T14:01:02+08:00"}},{"type":"Feature","geometry":{"type":"Point","coordinates":[121.48424,25.07307]},"properties":{"sno":500203096,"name":"YouBike2.0_國道車路頭街口","name_en":"YouBike2.0_Guodao Rd. & Chelutou St. Intersection","city":"新北市","city_en":"New Taipei City","area":"三重區","area_en":"Sanchong Dist","address":"國道路一段39巷1號對面","address_en":"No.1, Ln.39, Sec.1, Guodao Rd. (opposite)","total_quantity":20,"available_bikes":5,"available_spots":15,"yb2_quantity":3,"eyb_quantity":2,"active":true,"latitude":25.07307,"longitude":121.48424,"updated_at":"2026-05-02T14:37:02+08:00"}},{"type":"Feature","geometry":{"type":"Point","coordinates":[121.49026,25.08153]},"properties":{"sno":500203097,"name":"YouBike2.0_仁愛街422巷口","name_en":"YouBike2.0_Ln.422, Ren'ai St.","city":"新北市","city_en":"New Taipei City","area":"三重區","area_en":"Sanchong Dist","address":"仁愛街423-1號對面","address_en":"No. 423-1, Ren'ai St. (opposite)","total_quantity":17,"available_bikes":2,"available_spots":15,"yb2_quantity":2,"eyb_quantity":0,"active":true,"latitude":25.08153,"longitude":121.49026,"updated_at":"2026-05-02T14:37:02+08:00"}},{"type":"Feature","geometry":{"type":"Point","coordinates":[121.47809,25.04883]},"properties":{"sno":500203098,"name":"YouBike2.0_德厚公園","name_en":"YouBike2.0_Dehou Park","city":"新北市","city_en":"New Taipei City","area":"三重區","area_en":"Sanchong Dist","address":"重新路五段/重新路五段317巷(東南側)","address_en":"Sec. 5, Chongxin Rd. & Ln. 317, Sec. 5, Chongxin Rd. (Southeast)","total_quantity":15,"available_bikes":0,"available_spots":15,"yb2_quantity":0,"eyb_quantity":0,"active":true,"latitude":25.04883,"longitude":121.47809,"updated_at":"2026-05-02T14:37:17+08:00"}},{"type":"Feature","geometry":{"type":"Point","coordinates":[121.48842,25.07285]},"properties":{"sno":500203099,"name":"YouBike2.0_永德市民活動中心","name_en":"YouBike2.0_Yongde Civil Activity Center","city":"新北市","city_en":"New Taipei City","area":"三重區","area_en":"Sanchong Dist","address":"永德街37號(對側)","address_en":"No. 37, Yongde St. (Opposite)","total_quantity":20,"available_bikes":2,"available_spots":18,"yb2_quantity":2,"eyb_quantity":0,"active":true,"latitude":25.07285,"longitude":121.48842,"updated_at":"2026-05-02T14:25:03+08:00"}},{"type":"Feature","geometry":{"type":"Point","coordinates":[121.50218,25.07298]},"properties":{"sno":500203100,"name":"YouBike2.0_龍濱公園","name_en":"YouBike2.0_Longbin Park","city":"新北市","city_en":"New Taipei City","area":"三重區","area_en":"Sanchong Dist","address":"秀江街28號(對面)","address_en":"No. 28, Xiujiang St. (Opposite)","total_quantity":14,"available_bikes":3,"available_spots":11,"yb2_quantity":2,"eyb_quantity":1,"active":true,"latitude":25.07298,"longitude":121.50218,"updated_at":"2026-05-02T14:39:02+08:00"}},{"type":"Feature","geometry":{"type":"Point","coordinates":[121.48652,25.05138]},"properties":{"sno":500203101,"name":"YouBike2.0_簡仔舍街(河家歡社區)","name_en":"YouBike2.0_Jianzaishe St.","city":"新北市","city_en":"New Taipei City","area":"三重區","area_en":"Sanchong Dist","address":"簡仔舍街","address_en":"Jianzaishe St.","total_quantity":40,"available_bikes":0,"available_spots":39,"yb2_quantity":0,"eyb_quantity":0,"active":true,"latitude":25.05138,"longitude":121.48652,"updated_at":"2026-05-02T14:38:21+08:00"}},{"type":"Feature","geometry":{"type":"Point","coordinates":[121.48832,25.08861]},"properties":{"sno":500203102,"name":"YouBike2.0_碧華國中(三賢街)","name_en":"YouBike2.0_Bi-Hua Junior High School (Sanxian St.)","city":"新北市","city_en":"New Taipei City","area":"三重區","area_en":"Sanchong Dist","address":"三賢街101號(對面)","address_en":"No. 101, Sanxian St. (Opposite)","total_quantity":30,"available_bikes":13,"available_spots":17,"yb2_quantity":13,"eyb_quantity":0,"active":true,"latitude":25.08861,"longitude":121.48832,"updated_at":"2026-05-02T14:36:04+08:00"}},{"type":"Feature","geometry":{"type":"Point","coordinates":[121.49151,25.07486]},"properties":{"sno":500203103,"name":"YouBike2.0_溪尾街(國道橋下)","name_en":"YouBike2.0_Xiwei St. (Under Freeway)","city":"新北市","city_en":"New Taipei City","area":"三重區","area_en":"Sanchong Dist","address":"溪尾街12號旁(國道橋下)","address_en":"No. 12, Xiwei St. (Side ,Under Freeway)","total_quantity":15,"available_bikes":4,"available_spots":11,"yb2_quantity":4,"eyb_quantity":0,"active":true,"latitude":25.07486,"longitude":121.49151,"updated_at":"2026-05-02T14:34:03+08:00"}},{"type":"Feature","geometry":{"type":"Point","coordinates":[121.46815,25.04468]},"properties":{"sno":500203104,"name":"YouBike2.0_重新路五段(心天匯社區)","name_en":"YouBike2.0_Sec. 5, Chongxin Rd.","city":"新北市","city_en":"New Taipei City","area":"三重區","area_en":"Sanchong Dist","address":"重新路五段613號(對面)","address_en":"No. 613, Sec. 5, Chongxin Rd. (Opposite)","total_quantity":40,"available_bikes":8,"available_spots":32,"yb2_quantity":8,"eyb_quantity":0,"active":true,"latitude":25.04468,"longitude":121.46815,"updated_at":"2026-05-02T14:38:04+08:00"}},{"type":"Feature","geometry":{"type":"Point","coordinates":[121.47102,25.05287]},"properties":{"sno":500203105,"name":"YouBike2.0_興德路134號(前)","name_en":"YouBike2.0_No. 134, Xingde Rd.","city":"新北市","city_en":"New Taipei City","area":"三重區","area_en":"Sanchong Dist","address":"興德路134號(前)","address_en":"No. 134, Xingde Rd. (Front)","total_quantity":20,"available_bikes":5,"available_spots":15,"yb2_quantity":5,"eyb_quantity":0,"active":true,"latitude":25.05287,"longitude":121.47102,"updated_at":"2026-05-02T14:19:03+08:00"}},{"type":"Feature","geometry":{"type":"Point","coordinates":[121.49515,25.08229]},"properties":{"sno":500203106,"name":"YouBike2.0_自強臨時平面停車場","name_en":"YouBike2.0_Ziqiang Parking Lot","city":"新北市","city_en":"New Taipei City","area":"三重區","area_en":"Sanchong Dist","address":"自強路五段89號(對面)","address_en":"No. 89, Sec. 5, Ziqiang Rd. (Opposite)","total_quantity":21,"available_bikes":3,"available_spots":17,"yb2_quantity":1,"eyb_quantity":2,"active":true,"latitude":25.08229,"longitude":121.49515,"updated_at":"2026-05-02T14:35:03+08:00"}},{"type":"Feature","geometry":{"type":"Point","coordinates":[121.49811,25.0774]},"properties":{"sno":500203107,"name":"YouBike2.0_仁義街26巷","name_en":"YouBike2.0_Ln. 26, Renyi St.","city":"新北市","city_en":"New Taipei City","area":"三重區","area_en":"Sanchong Dist","address":"元富二街2-20號(對面)","address_en":"No. 2-20, Yuanfu 2nd St. (Opposite)","total_quantity":17,"available_bikes":6,"available_spots":11,"yb2_quantity":6,"eyb_quantity":0,"active":true,"latitude":25.0774,"longitude":121.49811,"updated_at":"2026-05-02T14:38:04+08:00"}},{"type":"Feature","geometry":{"type":"Point","coordinates":[121.48736,25.06417]},"properties":{"sno":500203108,"name":"YouBike2.0_中正北重陽路口","name_en":"YouBike2.0_Zhongzheng N. Rd. & Chongyang Rd. Intersection","city":"新北市","city_en":"New Taipei City","area":"三重區","area_en":"Sanchong Dist","address":"中正北路42號(對面)","address_en":"No. 42, Zhongzheng N. Rd. (Opposite)","total_quantity":12,"available_bikes":2,"available_spots":10,"yb2_quantity":2,"eyb_quantity":0,"active":true,"latitude":25.06417,"longitude":121.48736,"updated_at":"2026-05-02T14:37:02+08:00"}},{"type":"Feature","geometry":{"type":"Point","coordinates":[121.47213,25.04751]},"properties":{"sno":500203109,"name":"YouBike2.0_光復路一段15巷口","name_en":"YouBike2.0_Ln. 15, Sec. 1, Guangfu Rd. Intersection","city":"新北市","city_en":"New Taipei City","area":"三重區","area_en":"Sanchong Dist","address":"光復路一段19號(前)","address_en":"No. 19, Sec. 1, Guangfu Rd. (Front)","total_quantity":29,"available_bikes":4,"available_spots":25,"yb2_quantity":3,"eyb_quantity":1,"active":true,"latitude":25.04751,"longitude":121.47213,"updated_at":"2026-05-02T14:21:03+08:00"}},{"type":"Feature","geometry":{"type":"Point","coordinates":[121.47209,25.05109]},"properties":{"sno":500203111,"name":"YouBike2.0_光復路一段99巷口","name_en":"YouBike2.0_No. 101, Sec. 1, Guangfu Rd. (Front)","city":"新北市","city_en":"New Taipei City","area":"三重區","area_en":"Sanchong Dist","address":"光復路一段101號(前)","address_en":"No. 101, Sec. 1, Guangfu Rd. (Front)","total_quantity":18,"available_bikes":3,"available_spots":15,"yb2_quantity":3,"eyb_quantity":0,"active":true,"latitude":25.05109,"longitude":121.47209,"updated_at":"2026-05-02T14:08:03+08:00"}},{"type":"Feature","geometry":{"type":"Point","coordinates":[121.4721,25.05251]},"properties":{"sno":500203112,"name":"YouBike2.0_光復興德路口(東南側)","name_en":"YouBike2.0_Guangfu Rd. & Xingde Rd. Intersection (Southeast)","city":"新北市","city_en":"New Taipei City","area":"三重區","area_en":"Sanchong Dist","address":"光復路一段121號(前)","address_en":"No. 121, Sec. 1, Guangfu Rd. (Front)","total_quantity":18,"available_bikes":1,"available_spots":17,"yb2_quantity":1,"eyb_quantity":0,"active":true,"latitude":25.05251,"longitude":121.4721,"updated_at":"2026-05-02T12:33:04+08:00"}},{"type":"Feature","geometry":{"type":"Point","coordinates":[121.47203,25.05452]},"properties":{"sno":500203113,"name":"YouBike2.0_光復路二段42巷口","name_en":"YouBike2.0_Ln. 42, Sec. 2, Guangfu Rd. Intersection","city":"新北市","city_en":"New Taipei City","area":"三重區","area_en":"Sanchong Dist","address":"光復路二段30號(前)","address_en":"No. 30, Sec. 2, Guangfu Rd. (Front)","total_quantity":18,"available_bikes":3,"available_spots":15,"yb2_quantity":3,"eyb_quantity":0,"active":true,"latitude":25.05452,"longitude":121.47203,"updated_at":"2026-05-02T14:14:02+08:00"}},{"type":"Feature","geometry":{"type":"Point","coordinates":[121.47205,25.05676]},"properties":{"sno":500203114,"name":"YouBike2.0_光復中興北街175巷口(西北側)","name_en":"YouBike2.0_Guangfu Rd. & Ln. 175, Zhongxing N. St. Intersection (Northwest)","city":"新北市","city_en":"New Taipei City","area":"三重區","area_en":"Sanchong Dist","address":"光復路二段74號(前)","address_en":"No. 74, Sec. 2, Guangfu Rd. (Front)","total_quantity":41,"available_bikes":9,"available_spots":32,"yb2_quantity":8,"eyb_quantity":1,"active":true,"latitude":25.05676,"longitude":121.47205,"updated_at":"2026-05-02T13:05:03+08:00"}},{"type":"Feature","geometry":{"type":"Point","coordinates":[121.48833,25.055]},"properties":{"sno":500203115,"name":"YouBike2.0_集美街58巷口(東北側)","name_en":"YouBike2.0_No. 18, Jimei St. (Front)","city":"新北市","city_en":"New Taipei City","area":"三重區","area_en":"Sanchong Dist","address":"集美街18號(前)","address_en":"No. 18, Jimei St. (Front)","total_quantity":16,"available_bikes":3,"available_spots":13,"yb2_quantity":3,"eyb_quantity":0,"active":true,"latitude":25.055,"longitude":121.48833,"updated_at":"2026-05-02T14:39:02+08:00"}},{"type":"Feature","geometry":{"type":"Point","coordinates":[121.48977,25.07513]},"properties":{"sno":500203116,"name":"YouBike2.0_三和路四段73號旁","name_en":"YouBike2.0_No. 73, Sec. 4, Sanhe Rd. (Side)","city":"新北市","city_en":"New Taipei City","area":"三重區","area_en":"Sanchong Dist","address":"三和路四段73號(旁)","address_en":"No. 73, Sec. 4, Sanhe Rd. (Side)","total_quantity":15,"available_bikes":2,"available_spots":13,"yb2_quantity":2,"eyb_quantity":0,"active":true,"latitude":25.07513,"longitude":121.48977,"updated_at":"2026-05-02T14:08:03+08:00"}},{"type":"Feature","geometry":{"type":"Point","coordinates":[121.48748,25.08563]},"properties":{"sno":500203117,"name":"YouBike2.0_三信集英路口","name_en":"YouBike2.0_Sanxin Rd. & Jiying Rd. Intersection","city":"新北市","city_en":"New Taipei City","area":"三重區","area_en":"Sanchong Dist","address":"集英路1-15號(旁)","address_en":"No. 1-15, Jiying Rd. (Side)","total_quantity":13,"available_bikes":0,"available_spots":13,"yb2_quantity":0,"eyb_quantity":0,"active":true,"latitude":25.08563,"longitude":121.48748,"updated_at":"2026-05-02T14:27:17+08:00"}},{"type":"Feature","geometry":{"type":"Point","coordinates":[121.48864,25.08461]},"properties":{"sno":500203118,"name":"YouBike2.0_慈化公園","name_en":"YouBike2.0_Cihua Park","city":"新北市","city_en":"New Taipei City","area":"三重區","area_en":"Sanchong Dist","address":"溪尾街327號(旁)","address_en":"No. 327, Xiwei St. (Side)","total_quantity":16,"available_bikes":8,"available_spots":8,"yb2_quantity":8,"eyb_quantity":0,"active":true,"latitude":25.08461,"longitude":121.48864,"updated_at":"2026-05-02T14:37:02+08:00"}},{"type":"Feature","geometry":{"type":"Point","coordinates":[121.48981,25.07054]},"properties":{"sno":500203119,"name":"YouBike2.0_三張地下停車場","name_en":"YouBike2.0_SanZhang Car Park","city":"新北市","city_en":"New Taipei City","area":"三重區","area_en":"Sanchong Dist","address":"三張街87號(對面)","address_en":"No. 87, SanZhang St. (Opposite)","total_quantity":22,"available_bikes":6,"available_spots":16,"yb2_quantity":4,"eyb_quantity":2,"active":true,"latitude":25.07054,"longitude":121.48981,"updated_at":"2026-05-02T14:29:02+08:00"}},{"type":"Feature","geometry":{"type":"Point","coordinates":[121.49569,25.07354]},"properties":{"sno":500203120,"name":"YouBike2.0_仁愛仁和街口","name_en":"YouBike2.0_RenAi St. & RenHe St. Intersection","city":"新北市","city_en":"New Taipei City","area":"三重區","area_en":"Sanchong Dist","address":"仁愛街/仁和街口","address_en":"RenAi St. & RenHe St. Intersection","total_quantity":15,"available_bikes":0,"available_spots":15,"yb2_quantity":0,"eyb_quantity":0,"active":true,"latitude":25.07354,"longitude":121.49569,"updated_at":"2026-05-02T14:30:18+08:00"}},{"type":"Feature","geometry":{"type":"Point","coordinates":[121.48895,25.0662]},"properties":{"sno":500203121,"name":"YouBike2.0_修德國小(重陽路三段)","name_en":"YouBike2.0_Sioude Elementary School (Sec. 3, ChongYang Rd.)","city":"新北市","city_en":"New Taipei City","area":"三重區","area_en":"Sanchong Dist","address":"重陽路三段/重陽路三段5巷(南側)","address_en":"Ln. 5, Sec. 3, ChongYang Rd. (South)","total_quantity":22,"available_bikes":7,"available_spots":15,"yb2_quantity":7,"eyb_quantity":0,"active":true,"latitude":25.0662,"longitude":121.48895,"updated_at":"2026-05-02T14:30:03+08:00"}},{"type":"Feature","geometry":{"type":"Point","coordinates":[121.48367,25.05753]},"properties":{"sno":500203122,"name":"YouBike2.0_三重重陽公園","name_en":"YouBike2.0_SanChong District Chong Yang Park","city":"新北市","city_en":"New Taipei City","area":"三重區","area_en":"Sanchong Dist","address":"朝陽街57巷","address_en":"Ln. 57, ChaoYang St.","total_quantity":15,"available_bikes":2,"available_spots":13,"yb2_quantity":2,"eyb_quantity":0,"active":true,"latitude":25.05753,"longitude":121.48367,"updated_at":"2026-05-02T14:38:04+08:00"}},{"type":"Feature","geometry":{"type":"Point","coordinates":[121.48694,25.0748]},"properties":{"sno":500203123,"name":"YouBike2.0_三和國中(自強路三段110巷)","name_en":"YouBike2.0_Sanhe Junior High School (Ln. 110, Sec. 3, ZiQiang Rd.)","city":"新北市","city_en":"New Taipei City","area":"三重區","area_en":"Sanchong Dist","address":"自強路三段110巷15-2號(對側)","address_en":"No. 15-2, Ln. 110, Sec. 3, ZiQiang Rd. (Opposite)","total_quantity":22,"available_bikes":18,"available_spots":4,"yb2_quantity":16,"eyb_quantity":2,"active":true,"latitude":25.0748,"longitude":121.48694,"updated_at":"2026-05-02T13:53:03+08:00"}},{"type":"Feature","geometry":{"type":"Point","coordinates":[121.47586,25.06803]},"properties":{"sno":500203124,"name":"YouBike2.0_頂崁街210巷28弄口","name_en":"YouBike2.0_Aly. 28, Ln. 210, DingKan St. Intersection","city":"新北市","city_en":"New Taipei City","area":"三重區","area_en":"Sanchong Dist","address":"頂崁街210巷26號(旁)","address_en":"No. 26, Ln. 210, DingKan St. (Side)","total_quantity":15,"available_bikes":0,"available_spots":15,"yb2_quantity":0,"eyb_quantity":0,"active":true,"latitude":25.06803,"longitude":121.47586,"updated_at":"2026-05-02T14:38:21+08:00"}},{"type":"Feature","geometry":{"type":"Point","coordinates":[121.50404,25.07043]},"properties":{"sno":500203125,"name":"YouBike2.0_河邊北街100巷口","name_en":"YouBike2.0_Ln.100, HeBian N. St.","city":"新北市","city_en":"New Taipei City","area":"三重區","area_en":"Sanchong Dist","address":"河邊北街/河邊北街100巷(高架橋下)","address_en":"HeBian N. St./Ln.100, HeBian N. St.","total_quantity":20,"available_bikes":2,"available_spots":18,"yb2_quantity":2,"eyb_quantity":0,"active":true,"latitude":25.07043,"longitude":121.50404,"updated_at":"2026-05-02T14:21:58+08:00"}},{"type":"Feature","geometry":{"type":"Point","coordinates":[121.47718,25.05283]},"properties":{"sno":500203128,"name":"YouBike2.0_谷王公園","name_en":"YouBike2.0_GuWang Park","city":"新北市","city_en":"New Taipei City","area":"三重區","area_en":"Sanchong Dist","address":"五谷王北街157號後方(公園南側及東側)","address_en":"No. 157, WuGuWang N. St. (Behind)","total_quantity":18,"available_bikes":3,"available_spots":15,"yb2_quantity":3,"eyb_quantity":0,"active":true,"latitude":25.05283,"longitude":121.47718,"updated_at":"2026-05-02T14:38:04+08:00"}},{"type":"Feature","geometry":{"type":"Point","coordinates":[121.5003,25.07785]},"properties":{"sno":500203129,"name":"YouBike2.0_仁義街37巷元富一街口","name_en":"YouBike2.0_Ln. 37, RenYi St. & YuanFu 1st St. Intersection","city":"新北市","city_en":"New Taipei City","area":"三重區","area_en":"Sanchong Dist","address":"仁義街37巷/元富一街口(公園內)","address_en":"Ln. 37, RenYi St. & YuanFu 1st St. Intersection","total_quantity":40,"available_bikes":3,"available_spots":37,"yb2_quantity":3,"eyb_quantity":0,"active":true,"latitude":25.07785,"longitude":121.5003,"updated_at":"2026-05-02T14:26:02+08:00"}},{"type":"Feature","geometry":{"type":"Point","coordinates":[121.49692,25.07791]},"properties":{"sno":500203130,"name":"YouBike2.0_仁信段平面停車場(元信一街)","name_en":"YouBike2.0_Renxin Car Park (YuanXin 1st St.)","city":"新北市","city_en":"New Taipei City","area":"三重區","area_en":"Sanchong Dist","address":"元信一街161號(對側)","address_en":"No. 161, YuanXin 1st St. (Opposite)","total_quantity":30,"available_bikes":11,"available_spots":19,"yb2_quantity":10,"eyb_quantity":1,"active":true,"latitude":25.07791,"longitude":121.49692,"updated_at":"2026-05-02T14:39:02+08:00"}},{"type":"Feature","geometry":{"type":"Point","coordinates":[121.47932,25.06325]},"properties":{"sno":500203131,"name":"YouBike2.0_三重忠孝公園","name_en":"YouBike2.0_SanChong ZhongXiao Park","city":"新北市","city_en":"New Taipei City","area":"三重區","area_en":"Sanchong Dist","address":"忠孝路三段127巷5號(對側)","address_en":"No. 5, Ln. 127, Sec. 3, ZhongXiao Rd. (Opposite)","total_quantity":28,"available_bikes":2,"available_spots":26,"yb2_quantity":0,"eyb_quantity":2,"active":true,"latitude":25.06325,"longitude":121.47932,"updated_at":"2026-05-02T14:29:02+08:00"}},{"type":"Feature","geometry":{"type":"Point","coordinates":[121.49943,25.08149]},"properties":{"sno":500203132,"name":"YouBike2.0_三重環河陸橋","name_en":"YouBike2.0_SanChong HuanHe Footbridge","city":"新北市","city_en":"New Taipei City","area":"三重區","area_en":"Sanchong Dist","address":"環河北路二段/元信三街口","address_en":"Sec. 2, HuanHe N. Rd. & YuanXin 3rd St.","total_quantity":16,"available_bikes":4,"available_spots":12,"yb2_quantity":2,"eyb_quantity":2,"active":true,"latitude":25.08149,"longitude":121.49943,"updated_at":"2026-05-02T14:34:03+08:00"}},{"type":"Feature","geometry":{"type":"Point","coordinates":[121.49219,25.07949]},"properties":{"sno":500203133,"name":"YouBike2.0_仁愛仁政街145巷口","name_en":"YouBike2.0_RenAi St. & Ln. 145, RenZheng St. Intersection","city":"新北市","city_en":"New Taipei City","area":"三重區","area_en":"Sanchong Dist","address":"仁愛街300號(前)","address_en":"No. 300, RenAi St. (Front)","total_quantity":18,"available_bikes":4,"available_spots":14,"yb2_quantity":3,"eyb_quantity":1,"active":true,"latitude":25.07949,"longitude":121.49219,"updated_at":"2026-05-02T14:38:04+08:00"}},{"type":"Feature","geometry":{"type":"Point","coordinates":[121.49015,25.08211]},"properties":{"sno":500203134,"name":"YouBike2.0_仁愛街458巷口","name_en":"YouBike2.0_Ln. 458, RenAi St. Intersection","city":"新北市","city_en":"New Taipei City","area":"三重區","area_en":"Sanchong Dist","address":"仁愛街437號","address_en":"No. 437, RenAi St.","total_quantity":23,"available_bikes":6,"available_spots":17,"yb2_quantity":6,"eyb_quantity":0,"active":true,"latitude":25.08211,"longitude":121.49015,"updated_at":"2026-05-02T14:37:02+08:00"}},{"type":"Feature","geometry":{"type":"Point","coordinates":[121.48563,25.05355]},"properties":{"sno":500203135,"name":"YouBike2.0_重新橋第1市民活動中心","name_en":"YouBike2.0_Chongxin Bridge 1st Civic Activity Center","city":"新北市","city_en":"New Taipei City","area":"三重區","area_en":"Sanchong Dist","address":"重新路四段244巷口","address_en":"Ln. 244, Sec. 4, ChongXin Rd. Intersection","total_quantity":15,"available_bikes":7,"available_spots":8,"yb2_quantity":7,"eyb_quantity":0,"active":true,"latitude":25.05355,"longitude":121.48563,"updated_at":"2026-05-02T14:38:04+08:00"}},{"type":"Feature","geometry":{"type":"Point","coordinates":[121.49187,25.08861]},"properties":{"sno":500203136,"name":"YouBike2.0_集賢三信路口(南側)","name_en":"YouBike2.0_JiXian Rd. & SanXin Rd. (South)","city":"新北市","city_en":"New Taipei City","area":"三重區","area_en":"Sanchong Dist","address":"集賢路/三信路口(南側)","address_en":"JiXian Rd. & SanXin Rd. (South)","total_quantity":17,"available_bikes":3,"available_spots":14,"yb2_quantity":3,"eyb_quantity":0,"active":true,"latitude":25.08861,"longitude":121.49187,"updated_at":"2026-05-02T14:39:02+08:00"}},{"type":"Feature","geometry":{"type":"Point","coordinates":[121.48557,25.05004]},"properties":{"sno":500203137,"name":"YouBike2.0_水漾成功一街口","name_en":"YouBike2.0_ShuiYang Rd. & ChengGong 1st St. Intersection","city":"新北市","city_en":"New Taipei City","area":"三重區","area_en":"Sanchong Dist","address":"水漾路一段69號","address_en":"No. 69, Sec. 1, ShuiYang Rd.","total_quantity":32,"available_bikes":1,"available_spots":31,"yb2_quantity":1,"eyb_quantity":0,"active":true,"latitude":25.05004,"longitude":121.48557,"updated_at":"2026-05-02T14:20:04+08:00"}},{"type":"Feature","geometry":{"type":"Point","coordinates":[121.46662,25.05981]},"properties":{"sno":500203138,"name":"YouBike2.0_新北大道二段139巷","name_en":"YouBike2.0_Ln. 139, Sec. 2, New Taipei Blvd.","city":"新北市","city_en":"New Taipei City","area":"三重區","area_en":"Sanchong Dist","address":"光華路69號南側","address_en":"No. 69, GuangHua Rd. (South)","total_quantity":11,"available_bikes":5,"available_spots":6,"yb2_quantity":5,"eyb_quantity":0,"active":true,"latitude":25.05981,"longitude":121.46662,"updated_at":"2026-05-02T13:22:03+08:00"}},{"type":"Feature","geometry":{"type":"Point","coordinates":[121.50238,25.06908]},"properties":{"sno":500203139,"name":"YouBike2.0_長榮龍濱路口","name_en":"YouBike2.0_ChangRong Rd. & LongBin Rd. Intersection","city":"新北市","city_en":"New Taipei City","area":"三重區","area_en":"Sanchong Dist","address":"長榮路88號(前)","address_en":"No. 88, ChangRong Rd. (Front)","total_quantity":19,"available_bikes":0,"available_spots":19,"yb2_quantity":0,"eyb_quantity":0,"active":true,"latitude":25.06908,"longitude":121.50238,"updated_at":"2026-05-02T14:18:18+08:00"}},{"type":"Feature","geometry":{"type":"Point","coordinates":[121.36355,24.93891]},"properties":{"sno":500205001,"name":"YouBike2.0_恩主公醫院","name_en":"YouBike2.0_En Chu Kong Hospital","city":"新北市","city_en":"New Taipei City","area":"三峽區","area_en":"Sanxia Dist","address":"復興路399號東北側","address_en":"No.399, Fuxing Rd.(Northeast)","total_quantity":54,"available_bikes":12,"available_spots":42,"yb2_quantity":12,"eyb_quantity":0,"active":true,"latitude":24.93891,"longitude":121.36355,"updated_at":"2026-05-02T14:38:04+08:00"}},{"type":"Feature","geometry":{"type":"Point","coordinates":[121.37265,24.93122]},"properties":{"sno":500205002,"name":"YouBike2.0_安溪國小","name_en":"YouBike2.0_Anxi Elementary School","city":"新北市","city_en":"New Taipei City","area":"三峽區","area_en":"Sanxia Dist","address":"中華路42號","address_en":"No.42, Zhonghua Rd., Sanxia Dist.","total_quantity":28,"available_bikes":13,"available_spots":15,"yb2_quantity":13,"eyb_quantity":0,"active":true,"latitude":24.93122,"longitude":121.37265,"updated_at":"2026-05-02T14:35:03+08:00"}},{"type":"Feature","geometry":{"type":"Point","coordinates":[121.37912,24.93026]},"properties":{"sno":500205003,"name":"YouBike2.0_介壽國小","name_en":"YouBike2.0_Jieshou Elementary School","city":"新北市","city_en":"New Taipei City","area":"三峽區","area_en":"Sanxia Dist","address":"大同路1號(北側)","address_en":"No. 1, Datong Rd. (North)","total_quantity":26,"available_bikes":15,"available_spots":11,"yb2_quantity":14,"eyb_quantity":1,"active":true,"latitude":24.93026,"longitude":121.37912,"updated_at":"2026-05-02T14:26:02+08:00"}},{"type":"Feature","geometry":{"type":"Point","coordinates":[121.37185,24.92638]},"properties":{"sno":500205004,"name":"YouBike2.0_安溪國中","name_en":"YouBike2.0_Anxi Junior high School","city":"新北市","city_en":"New Taipei City","area":"三峽區","area_en":"Sanxia Dist","address":"大同路135號(西側)","address_en":"No. 135, Datong Rd. (West)","total_quantity":20,"available_bikes":10,"available_spots":9,"yb2_quantity":9,"eyb_quantity":1,"active":true,"latitude":24.92638,"longitude":121.37185,"updated_at":"2026-05-02T14:39:02+08:00"}},{"type":"Feature","geometry":{"type":"Point","coordinates":[121.37686,24.93743]},"properties":{"sno":500205005,"name":"YouBike2.0_三峽國光青年社會住宅","name_en":"YouBike2.0_Sanxia Guoguang Youth Rental House","city":"新北市","city_en":"New Taipei City","area":"三峽區","area_en":"Sanxia Dist","address":"三樹路5號西北側","address_en":"No. 5, Sanshu Rd. (Northwest)","total_quantity":30,"available_bikes":4,"available_spots":26,"yb2_quantity":4,"eyb_quantity":0,"active":true,"latitude":24.93743,"longitude":121.37686,"updated_at":"2026-05-02T14:39:02+08:00"}},{"type":"Feature","geometry":{"type":"Point","coordinates":[121.36929,24.9339]},"properties":{"sno":500205006,"name":"YouBike2.0_三峽區公所(三峽老街)","name_en":"YouBike2.0_Sanxia District Office(Sanxia Old Street)","city":"新北市","city_en":"New Taipei City","area":"三峽區","area_en":"Sanxia Dist","address":"民權街36號南側","address_en":"No. 36, Minquan St. (South)","total_quantity":33,"available_bikes":5,"available_spots":28,"yb2_quantity":0,"eyb_quantity":5,"active":true,"latitude":24.9339,"longitude":121.36929,"updated_at":"2026-05-02T14:39:02+08:00"}},{"type":"Feature","geometry":{"type":"Point","coordinates":[121.3667403505291,24.927562225588048]},"properties":{"sno":500205007,"name":"YouBike2.0_中園國小","name_en":"YouBike2.0_Zhongyuan elementary school","city":"新北市","city_en":"New Taipei City","area":"三峽區","area_en":"Sanxia Dist","address":"弘園街22號","address_en":"No.22, Hongyuan St., Sanxia Dist","total_quantity":20,"available_bikes":12,"available_spots":7,"yb2_quantity":12,"eyb_quantity":0,"active":true,"latitude":24.927562225588048,"longitude":121.3667403505291,"updated_at":"2026-05-02T14:33:03+08:00"}},{"type":"Feature","geometry":{"type":"Point","coordinates":[121.37339809342713,24.936959752151225]},"properties":{"sno":500205008,"name":"YouBike2.0_復興民生街口","name_en":"YouBike2.0_Fuxing & Minsheng St. Intersection","city":"新北市","city_en":"New Taipei City","area":"三峽區","area_en":"Sanxia Dist","address":"復興路45號(前)","address_en":"No. 45, Fuxing Rd., Sanxia Dist.","total_quantity":32,"available_bikes":22,"available_spots":10,"yb2_quantity":21,"eyb_quantity":1,"active":true,"latitude":24.936959752151225,"longitude":121.37339809342713,"updated_at":"2026-05-02T14:31:03+08:00"}},{"type":"Feature","geometry":{"type":"Point","coordinates":[121.369,24.9389]},"properties":{"sno":500205009,"name":"YouBike2.0_三峽國中","name_en":"YouBike2.0_Sanxia Junior High School","city":"新北市","city_en":"New Taipei City","area":"三峽區","area_en":"Sanxia Dist","address":"復興路238號(前人行道)","address_en":"No. 238, Fuxing Rd. (front)","total_quantity":33,"available_bikes":16,"available_spots":17,"yb2_quantity":14,"eyb_quantity":2,"active":true,"latitude":24.9389,"longitude":121.369,"updated_at":"2026-05-02T14:39:02+08:00"}},{"type":"Feature","geometry":{"type":"Point","coordinates":[121.37676,24.94776]},"properties":{"sno":500205010,"name":"YouBike2.0_海洋公園","name_en":"YouBike2.0_Ocean Park","city":"新北市","city_en":"New Taipei City","area":"三峽區","area_en":"Sanxia Dist","address":"大義路277號","address_en":"No. 277, Dayi Rd.","total_quantity":25,"available_bikes":9,"available_spots":16,"yb2_quantity":7,"eyb_quantity":2,"active":true,"latitude":24.94776,"longitude":121.37676,"updated_at":"2026-05-02T14:32:02+08:00"}},{"type":"Feature","geometry":{"type":"Point","coordinates":[121.37676,24.94104]},"properties":{"sno":500205011,"name":"YouBike2.0_龍埔國小","name_en":"YouBike2.0_Longpu elementary school","city":"新北市","city_en":"New Taipei City","area":"三峽區","area_en":"Sanxia Dist","address":"大學路47號對側","address_en":"No.47, Daxue Rd., Sanxia Dist.","total_quantity":45,"available_bikes":25,"available_spots":20,"yb2_quantity":19,"eyb_quantity":6,"active":true,"latitude":24.94104,"longitude":121.37676,"updated_at":"2026-05-02T14:27:03+08:00"}},{"type":"Feature","geometry":{"type":"Point","coordinates":[121.3729,24.94594]},"properties":{"sno":500205012,"name":"YouBike2.0_國立臺北大學(三峽校區)","name_en":"YouBike2.0_National Taipei University(Sanxia Campus)","city":"新北市","city_en":"New Taipei City","area":"三峽區","area_en":"Sanxia Dist","address":"大學路160號(對側)","address_en":"No.160, Daxue Rd.(Opposite)","total_quantity":63,"available_bikes":36,"available_spots":23,"yb2_quantity":36,"eyb_quantity":0,"active":true,"latitude":24.94594,"longitude":121.3729,"updated_at":"2026-05-02T14:39:02+08:00"}},{"type":"Feature","geometry":{"type":"Point","coordinates":[121.36858,24.93697]},"properties":{"sno":500205013,"name":"YouBike2.0_三鶯國民運動中心","name_en":"YouBike2.0_Sanying Civil Sports Center","city":"新北市","city_en":"New Taipei City","area":"三峽區","area_en":"Sanxia Dist","address":"文化路210巷15號(對面)","address_en":"No.15, Ln. 210, Wenhua Rd., Sanxia Dist.","total_quantity":17,"available_bikes":11,"available_spots":6,"yb2_quantity":11,"eyb_quantity":0,"active":true,"latitude":24.93697,"longitude":121.36858,"updated_at":"2026-05-02T14:39:02+08:00"}},{"type":"Feature","geometry":{"type":"Point","coordinates":[121.36992,24.94278]},"properties":{"sno":500205014,"name":"YouBike2.0_臺北大學(音律資訊大樓)","name_en":"YouBike2.0_NTPU(Computer Center)","city":"新北市","city_en":"New Taipei City","area":"三峽區","area_en":"Sanxia Dist","address":"圖資大道/法政路口(東南側)","address_en":"Tuzi Blvd. & Fazheng Rd. Intersection(Southeast)","total_quantity":78,"available_bikes":24,"available_spots":54,"yb2_quantity":22,"eyb_quantity":2,"active":true,"latitude":24.94278,"longitude":121.36992,"updated_at":"2026-05-02T14:38:04+08:00"}},{"type":"Feature","geometry":{"type":"Point","coordinates":[121.36688,24.93974]},"properties":{"sno":500205015,"name":"YouBike2.0_臺北大學體育館","name_en":"YouBike2.0_National Taipei University(stadium)","city":"新北市","city_en":"New Taipei City","area":"三峽區","area_en":"Sanxia Dist","address":"大學路151號(台北大學體育館前)","address_en":"No. 151, Daxue Rd.(National Taipei University(stadium)","total_quantity":44,"available_bikes":13,"available_spots":30,"yb2_quantity":11,"eyb_quantity":2,"active":true,"latitude":24.93974,"longitude":121.36688,"updated_at":"2026-05-02T14:39:02+08:00"}},{"type":"Feature","geometry":{"type":"Point","coordinates":[121.37462,24.9327]},"properties":{"sno":500205016,"name":"YouBike2.0_中華愛國路口","name_en":"YouBike2.0_Zhonghua Ai'guo Rd. Intersection","city":"新北市","city_en":"New Taipei City","area":"三峽區","area_en":"Sanxia Dist","address":"愛國路71號(旁)","address_en":"No. 71, Ai'guo Rd","total_quantity":10,"available_bikes":6,"available_spots":4,"yb2_quantity":6,"eyb_quantity":0,"active":true,"latitude":24.9327,"longitude":121.37462,"updated_at":"2026-05-02T14:24:04+08:00"}},{"type":"Feature","geometry":{"type":"Point","coordinates":[121.35512,24.90328]},"properties":{"sno":500205017,"name":"YouBike2.0_中山科學研究院","name_en":"YouBike2.0_National Chung-Shan Institute of Science & Technology","city":"新北市","city_en":"New Taipei City","area":"三峽區","area_en":"Sanxia Dist","address":"中正路3段1號(前)","address_en":"No. 1, Section 3, Zhongzheng Rd.(Front)","total_quantity":14,"available_bikes":6,"available_spots":8,"yb2_quantity":6,"eyb_quantity":0,"active":true,"latitude":24.90328,"longitude":121.35512,"updated_at":"2026-05-02T14:15:02+08:00"}},{"type":"Feature","geometry":{"type":"Point","coordinates":[121.37803,24.94477]},"properties":{"sno":500205018,"name":"YouBike2.0_學成大義路口(學成路一)","name_en":"YouBike2.0_Xuecheng Dayi Rd.Intersection (Xuecheng Rd. 1)","city":"新北市","city_en":"New Taipei City","area":"三峽區","area_en":"Sanxia Dist","address":"大義路195號(東南側公車站旁)","address_en":"No. 195, Dayi Rd.(Southeast Bus station)","total_quantity":13,"available_bikes":2,"available_spots":11,"yb2_quantity":2,"eyb_quantity":0,"active":true,"latitude":24.94477,"longitude":121.37803,"updated_at":"2026-05-02T14:32:02+08:00"}},{"type":"Feature","geometry":{"type":"Point","coordinates":[121.38393,24.93989]},"properties":{"sno":500205019,"name":"YouBike2.0_龍埔三樹路98巷口","name_en":"YouBike2.0_Longpu & Ln. 98, Sancshu Rd. Intersection","city":"新北市","city_en":"New Taipei City","area":"三峽區","area_en":"Sanxia Dist","address":"三樹路98巷175號(旁)","address_en":"No. 175, Ln. 98, Sanshu Rd.","total_quantity":42,"available_bikes":10,"available_spots":32,"yb2_quantity":10,"eyb_quantity":0,"active":true,"latitude":24.93989,"longitude":121.38393,"updated_at":"2026-05-02T14:16:03+08:00"}},{"type":"Feature","geometry":{"type":"Point","coordinates":[121.37592,24.92843]},"properties":{"sno":500205020,"name":"YouBike2.0_三峽區礁溪行政中心","name_en":"YouBike2.0_Sanxia District Jiaoxi Administration Center","city":"新北市","city_en":"New Taipei City","area":"三峽區","area_en":"Sanxia Dist","address":"光明路96-100號對面","address_en":"No. 96-100, Guangming Rd. (Opposite)","total_quantity":20,"available_bikes":3,"available_spots":17,"yb2_quantity":2,"eyb_quantity":1,"active":true,"latitude":24.92843,"longitude":121.37592,"updated_at":"2026-05-02T14:35:03+08:00"}},{"type":"Feature","geometry":{"type":"Point","coordinates":[121.36034,24.94207]},"properties":{"sno":500205021,"name":"YouBike2.0_新北市客家文化園區","name_en":"YouBike2.0_Hakka Museum New Taipei City Government","city":"新北市","city_en":"New Taipei City","area":"三峽區","area_en":"Sanxia Dist","address":"隆恩街239號(前人行道)","address_en":"No.239, Long’en St., Sanxia Dist.","total_quantity":39,"available_bikes":23,"available_spots":16,"yb2_quantity":21,"eyb_quantity":2,"active":true,"latitude":24.94207,"longitude":121.36034,"updated_at":"2026-05-02T14:29:02+08:00"}},{"type":"Feature","geometry":{"type":"Point","coordinates":[121.37052,24.94135]},"properties":{"sno":500205022,"name":"YouBike2.0_龍恩公園","name_en":"YouBike2.0_longen Park","city":"新北市","city_en":"New Taipei City","area":"三峽區","area_en":"Sanxia Dist","address":"國際一街90號南側","address_en":"No. 90, Guoji 1st St. (South)","total_quantity":26,"available_bikes":19,"available_spots":7,"yb2_quantity":18,"eyb_quantity":1,"active":true,"latitude":24.94135,"longitude":121.37052,"updated_at":"2026-05-02T14:25:03+08:00"}},{"type":"Feature","geometry":{"type":"Point","coordinates":[121.3742,24.93841]},"properties":{"sno":500205023,"name":"YouBike2.0_龍埔公園","name_en":"YouBike2.0_Longpu Park","city":"新北市","city_en":"New Taipei City","area":"三峽區","area_en":"Sanxia Dist","address":"國光街73號(對面)","address_en":"No.73, Guoguang St., Sanxia Dist","total_quantity":28,"available_bikes":6,"available_spots":21,"yb2_quantity":6,"eyb_quantity":0,"active":true,"latitude":24.93841,"longitude":121.3742,"updated_at":"2026-05-02T14:35:03+08:00"}},{"type":"Feature","geometry":{"type":"Point","coordinates":[121.36059,24.93708]},"properties":{"sno":500205024,"name":"YouBike2.0_大智中山路口","name_en":"YouBike2.0_Dazhi Wenhua Rd.Intersection","city":"新北市","city_en":"New Taipei City","area":"三峽區","area_en":"Sanxia Dist","address":"大智路25號(前)","address_en":"No.25, Dazhi Rd.","total_quantity":20,"available_bikes":19,"available_spots":1,"yb2_quantity":19,"eyb_quantity":0,"active":true,"latitude":24.93708,"longitude":121.36059,"updated_at":"2026-05-02T14:37:17+08:00"}},{"type":"Feature","geometry":{"type":"Point","coordinates":[121.36472,24.90742]},"properties":{"sno":500205025,"name":"YouBike2.0_明德高中","name_en":"YouBike2.0_Mingde High School","city":"新北市","city_en":"New Taipei City","area":"三峽區","area_en":"Sanxia Dist","address":"中正路二段399號(西北側)","address_en":"No. 399, Sec. 2, Zhongzheng Rd.(Northwest)","total_quantity":52,"available_bikes":26,"available_spots":22,"yb2_quantity":21,"eyb_quantity":5,"active":true,"latitude":24.90742,"longitude":121.36472,"updated_at":"2026-05-02T14:16:03+08:00"}},{"type":"Feature","geometry":{"type":"Point","coordinates":[121.3718,24.94779]},"properties":{"sno":500205026,"name":"YouBike2.0_學府大學路口","name_en":"YouBike2.0_Xuefu Daxue Rd. Intersection","city":"新北市","city_en":"New Taipei City","area":"三峽區","area_en":"Sanxia Dist","address":"學府路6號","address_en":"No. 6, Xuefu Rd.","total_quantity":18,"available_bikes":11,"available_spots":7,"yb2_quantity":8,"eyb_quantity":3,"active":true,"latitude":24.94779,"longitude":121.3718,"updated_at":"2026-05-02T14:38:04+08:00"}},{"type":"Feature","geometry":{"type":"Point","coordinates":[121.37362,24.94864]},"properties":{"sno":500205027,"name":"YouBike2.0_學府大德路口","name_en":"YouBike2.0_Xuefu Dade Rd. Intersection","city":"新北市","city_en":"New Taipei City","area":"三峽區","area_en":"Sanxia Dist","address":"大德路493號北側","address_en":"No. 493, Dade Rd.(North)","total_quantity":12,"available_bikes":5,"available_spots":7,"yb2_quantity":5,"eyb_quantity":0,"active":true,"latitude":24.94864,"longitude":121.37362,"updated_at":"2026-05-02T14:39:02+08:00"}},{"type":"Feature","geometry":{"type":"Point","coordinates":[121.37506,24.94634]},"properties":{"sno":500205028,"name":"YouBike2.0_大德學勤路口","name_en":"YouBike2.0_Dade Xueqin Rd. Intersection","city":"新北市","city_en":"New Taipei City","area":"三峽區","area_en":"Sanxia Dist","address":"學勤路105號","address_en":"No. 105, Xueqin Rd.","total_quantity":15,"available_bikes":9,"available_spots":6,"yb2_quantity":7,"eyb_quantity":2,"active":true,"latitude":24.94634,"longitude":121.37506,"updated_at":"2026-05-02T14:37:02+08:00"}},{"type":"Feature","geometry":{"type":"Point","coordinates":[121.3743,24.94584]},"properties":{"sno":500205029,"name":"YouBike2.0_學勤大觀路口","name_en":"YouBike2.0_Xueqin Daguan Rd. Intersection","city":"新北市","city_en":"New Taipei City","area":"三峽區","area_en":"Sanxia Dist","address":"學勤路86號","address_en":"No. 86, Xueqin Rd.","total_quantity":15,"available_bikes":9,"available_spots":6,"yb2_quantity":9,"eyb_quantity":0,"active":true,"latitude":24.94584,"longitude":121.3743,"updated_at":"2026-05-02T14:31:03+08:00"}},{"type":"Feature","geometry":{"type":"Point","coordinates":[121.37634,24.94334]},"properties":{"sno":500205030,"name":"YouBike2.0_學成大德路口","name_en":"YouBike2.0_Xuecheng Dade Rd. Intersection","city":"新北市","city_en":"New Taipei City","area":"三峽區","area_en":"Sanxia Dist","address":"學成路278號","address_en":"No. 278, Xuecheng Rd.","total_quantity":19,"available_bikes":17,"available_spots":2,"yb2_quantity":16,"eyb_quantity":1,"active":true,"latitude":24.94334,"longitude":121.37634,"updated_at":"2026-05-02T14:34:03+08:00"}},{"type":"Feature","geometry":{"type":"Point","coordinates":[121.37871,24.94163]},"properties":{"sno":500205031,"name":"YouBike2.0_三樹大德路口","name_en":"YouBike2.0_Sanshu Dade Rd. Intersection","city":"新北市","city_en":"New Taipei City","area":"三峽區","area_en":"Sanxia Dist","address":"三樹路197號","address_en":"No. 197, Sanshu Rd.","total_quantity":15,"available_bikes":6,"available_spots":8,"yb2_quantity":5,"eyb_quantity":1,"active":true,"latitude":24.94163,"longitude":121.37871,"updated_at":"2026-05-02T14:37:02+08:00"}},{"type":"Feature","geometry":{"type":"Point","coordinates":[121.37899,24.94357]},"properties":{"sno":500205032,"name":"YouBike2.0_大義三樹路口","name_en":"YouBike2.0_Dayi Sanshu Rd. Intersection","city":"新北市","city_en":"New Taipei City","area":"三峽區","area_en":"Sanxia Dist","address":"大義路7號","address_en":"No. 7, Dayi Rd.","total_quantity":14,"available_bikes":13,"available_spots":1,"yb2_quantity":12,"eyb_quantity":1,"active":true,"latitude":24.94357,"longitude":121.37899,"updated_at":"2026-05-02T14:31:03+08:00"}},{"type":"Feature","geometry":{"type":"Point","coordinates":[121.36767,24.92853]},"properties":{"sno":500205033,"name":"YouBike2.0_中園國小(民權街)","name_en":"YouBike2.0_Zhongyuan Elementary School(Minquan St.)","city":"新北市","city_en":"New Taipei City","area":"三峽區","area_en":"Sanxia Dist","address":"民權街209號","address_en":"No. 209, Minquan St.","total_quantity":19,"available_bikes":16,"available_spots":3,"yb2_quantity":14,"eyb_quantity":2,"active":true,"latitude":24.92853,"longitude":121.36767,"updated_at":"2026-05-02T14:39:02+08:00"}},{"type":"Feature","geometry":{"type":"Point","coordinates":[121.36779,24.93474]},"properties":{"sno":500205034,"name":"YouBike2.0_三峽國小(中山路)","name_en":"YouBike2.0_Sanxia Elementary School(Zhongshan Rd.)","city":"新北市","city_en":"New Taipei City","area":"三峽區","area_en":"Sanxia Dist","address":"中山路16號","address_en":"No. 16, Zhongshan Rd.","total_quantity":21,"available_bikes":7,"available_spots":14,"yb2_quantity":5,"eyb_quantity":2,"active":true,"latitude":24.93474,"longitude":121.36779,"updated_at":"2026-05-02T14:22:02+08:00"}},{"type":"Feature","geometry":{"type":"Point","coordinates":[121.36856,24.94092]},"properties":{"sno":500205035,"name":"YouBike2.0_臺北大學宿舍(學成路)","name_en":"YouBike2.0_National Taipei University Dormitory(Xuecheng Rd.)","city":"新北市","city_en":"New Taipei City","area":"三峽區","area_en":"Sanxia Dist","address":"學成路3號","address_en":"No. 3, Xuecheng Rd.","total_quantity":36,"available_bikes":4,"available_spots":31,"yb2_quantity":3,"eyb_quantity":1,"active":true,"latitude":24.94092,"longitude":121.36856,"updated_at":"2026-05-02T14:39:02+08:00"}},{"type":"Feature","geometry":{"type":"Point","coordinates":[121.37233,24.94319]},"properties":{"sno":500205036,"name":"YouBike2.0_國際二國學街口","name_en":"YouBike2.0_Guoji 2nd Guoxue St. Intersection","city":"新北市","city_en":"New Taipei City","area":"三峽區","area_en":"Sanxia Dist","address":"國際二街33號","address_en":"No. 33, Guoji 2nd St.","total_quantity":15,"available_bikes":14,"available_spots":1,"yb2_quantity":13,"eyb_quantity":1,"active":true,"latitude":24.94319,"longitude":121.37233,"updated_at":"2026-05-02T14:33:18+08:00"}},{"type":"Feature","geometry":{"type":"Point","coordinates":[121.37521,24.94298]},"properties":{"sno":500205037,"name":"YouBike2.0_大學學成路口","name_en":"YouBike2.0_Daxue Xuecheng Rd. Intersection","city":"新北市","city_en":"New Taipei City","area":"三峽區","area_en":"Sanxia Dist","address":"大學路113號","address_en":"No. 113, Daxue Rd.","total_quantity":11,"available_bikes":7,"available_spots":3,"yb2_quantity":4,"eyb_quantity":3,"active":true,"latitude":24.94298,"longitude":121.37521,"updated_at":"2026-05-02T14:36:04+08:00"}},{"type":"Feature","geometry":{"type":"Point","coordinates":[121.37816,24.93951]},"properties":{"sno":500205039,"name":"YouBike2.0_三樹大學路口","name_en":"YouBike2.0_Sanshu Daxue Rd. Intersection","city":"新北市","city_en":"New Taipei City","area":"三峽區","area_en":"Sanxia Dist","address":"三樹路69號","address_en":"No. 69, Sanshu Rd.","total_quantity":24,"available_bikes":0,"available_spots":24,"yb2_quantity":0,"eyb_quantity":0,"active":true,"latitude":24.93951,"longitude":121.37816,"updated_at":"2026-05-02T14:26:17+08:00"}},{"type":"Feature","geometry":{"type":"Point","coordinates":[121.35816,24.90883]},"properties":{"sno":500205040,"name":"YouBike2.0_薇多綠雅社區(警衛亭)","name_en":"YouBike2.0_Victoria Community(Guard Booth)","city":"新北市","city_en":"New Taipei City","area":"三峽區","area_en":"Sanxia Dist","address":"二鬮路136巷49號北側","address_en":"No. 49, Ln. 136, Erjiu Rd.(North)","total_quantity":19,"available_bikes":15,"available_spots":4,"yb2_quantity":13,"eyb_quantity":2,"active":true,"latitude":24.90883,"longitude":121.35816,"updated_at":"2026-05-02T12:04:04+08:00"}},{"type":"Feature","geometry":{"type":"Point","coordinates":[121.35727,24.90955]},"properties":{"sno":500205041,"name":"YouBike2.0_薇多綠雅社區(活動中心)","name_en":"YouBike2.0_Victoria Community(Activity Center)","city":"新北市","city_en":"New Taipei City","area":"三峽區","area_en":"Sanxia Dist","address":"二鬮路136巷73號北側","address_en":"No. 73, Ln. 136, Erjiu Rd.(North)","total_quantity":15,"available_bikes":8,"available_spots":7,"yb2_quantity":6,"eyb_quantity":2,"active":true,"latitude":24.90955,"longitude":121.35727,"updated_at":"2026-05-02T14:08:03+08:00"}},{"type":"Feature","geometry":{"type":"Point","coordinates":[121.40753,24.93192]},"properties":{"sno":500205042,"name":"YouBike2.0_溪東市民活動中心","name_en":"YouBike2.0_Xidong Civil Activity Center","city":"新北市","city_en":"New Taipei City","area":"三峽區","area_en":"Sanxia Dist","address":"溪東路218巷3號前","address_en":"No. 3, Ln. 218, Xidong Rd.","total_quantity":20,"available_bikes":11,"available_spots":8,"yb2_quantity":11,"eyb_quantity":0,"active":true,"latitude":24.93192,"longitude":121.40753,"updated_at":"2026-05-02T13:36:03+08:00"}},{"type":"Feature","geometry":{"type":"Point","coordinates":[121.37726,24.92918]},"properties":{"sno":500205043,"name":"YouBike2.0_光明路69巷口","name_en":"YouBike2.0_Ln. 69, Guangming Rd. Intersection","city":"新北市","city_en":"New Taipei City","area":"三峽區","area_en":"Sanxia Dist","address":"光明路69巷37號","address_en":"No. 37, Ln. 69, Guangming Rd.","total_quantity":17,"available_bikes":1,"available_spots":16,"yb2_quantity":1,"eyb_quantity":0,"active":true,"latitude":24.92918,"longitude":121.37726,"updated_at":"2026-05-02T14:33:03+08:00"}},{"type":"Feature","geometry":{"type":"Point","coordinates":[121.36551,24.92526]},"properties":{"sno":500205044,"name":"YouBike2.0_大同路270巷口","name_en":"YouBike2.0_Ln. 270, Datong Rd. Intersection","city":"新北市","city_en":"New Taipei City","area":"三峽區","area_en":"Sanxia Dist","address":"大同路268號對側","address_en":"No. 268, Datong Rd.(Opposite)","total_quantity":15,"available_bikes":4,"available_spots":11,"yb2_quantity":2,"eyb_quantity":2,"active":true,"latitude":24.92526,"longitude":121.36551,"updated_at":"2026-05-02T14:34:03+08:00"}},{"type":"Feature","geometry":{"type":"Point","coordinates":[121.37824,24.93455]},"properties":{"sno":500205045,"name":"YouBike2.0_龍埔自行車道(民生街1巷)","name_en":"YouBike2.0_Longpu Bikeway (Ln. 1, Minsheng St.)","city":"新北市","city_en":"New Taipei City","area":"三峽區","area_en":"Sanxia Dist","address":"民生街1巷5-82號","address_en":"No. 5-82, Ln. 1, Minsheng St.","total_quantity":20,"available_bikes":4,"available_spots":15,"yb2_quantity":4,"eyb_quantity":0,"active":true,"latitude":24.93455,"longitude":121.37824,"updated_at":"2026-05-02T14:39:02+08:00"}},{"type":"Feature","geometry":{"type":"Point","coordinates":[121.39008,24.93513]},"properties":{"sno":500205046,"name":"YouBike2.0_龍埔介壽路口","name_en":"YouBike2.0_Longpu & Jieshou Intersection","city":"新北市","city_en":"New Taipei City","area":"三峽區","area_en":"Sanxia Dist","address":"介壽路二段25號東側","address_en":"No. 25, Sec. 2, Jieshou Rd.(East)","total_quantity":30,"available_bikes":9,"available_spots":20,"yb2_quantity":8,"eyb_quantity":1,"active":true,"latitude":24.93513,"longitude":121.39008,"updated_at":"2026-05-02T14:38:04+08:00"}},{"type":"Feature","geometry":{"type":"Point","coordinates":[121.37397,24.94095]},"properties":{"sno":500205047,"name":"YouBike2.0_國慶學成路口","name_en":"YouBike2.0_0","city":"新北市","city_en":"New Taipei City","area":"三峽區","area_en":"Sanxia Dist","address":"學成路216號(南側)","address_en":"No. 216, Xuecheng Rd.(South)","total_quantity":10,"available_bikes":5,"available_spots":5,"yb2_quantity":5,"eyb_quantity":0,"active":true,"latitude":24.94095,"longitude":121.37397,"updated_at":"2026-05-02T14:36:18+08:00"}},{"type":"Feature","geometry":{"type":"Point","coordinates":[121.36717,24.92239]},"properties":{"sno":500205048,"name":"YouBike2.0_中園街福隆宮","name_en":"YouBike2.0_Zhongyuan St. Fulong Temple","city":"新北市","city_en":"New Taipei City","area":"三峽區","area_en":"Sanxia Dist","address":"中園街124號(旁)","address_en":"No. 124, Zhongyuan St.","total_quantity":15,"available_bikes":1,"available_spots":14,"yb2_quantity":1,"eyb_quantity":0,"active":true,"latitude":24.92239,"longitude":121.36717,"updated_at":"2026-05-02T13:41:02+08:00"}},{"type":"Feature","geometry":{"type":"Point","coordinates":[121.37117,24.94723]},"properties":{"sno":500205049,"name":"YouBike2.0_臺北大學蓮池","name_en":"YouBike2.0_NTPU Lotus Pond","city":"新北市","city_en":"New Taipei City","area":"三峽區","area_en":"Sanxia Dist","address":"臺北大學蓮池","address_en":"NTPU Lotus Pond","total_quantity":34,"available_bikes":13,"available_spots":21,"yb2_quantity":13,"eyb_quantity":0,"active":true,"latitude":24.94723,"longitude":121.37117,"updated_at":"2026-05-02T13:37:04+08:00"}},{"type":"Feature","geometry":{"type":"Point","coordinates":[121.37249,24.94557]},"properties":{"sno":500205050,"name":"YouBike2.0_臺北大學商學院(尋鳶大道)","name_en":"YouBike2.0_NTPU College of Business (Kite-Seeking Avenue)","city":"新北市","city_en":"New Taipei City","area":"三峽區","area_en":"Sanxia Dist","address":"尋鳶大道/中央大道(西北側)","address_en":"Kite-Seeking Avenue & Central Avenue (Northwest)","total_quantity":11,"available_bikes":1,"available_spots":10,"yb2_quantity":0,"eyb_quantity":1,"active":true,"latitude":24.94557,"longitude":121.37249,"updated_at":"2026-05-02T14:34:03+08:00"}},{"type":"Feature","geometry":{"type":"Point","coordinates":[121.37146,24.94499]},"properties":{"sno":500205051,"name":"YouBike2.0_臺北大學商學院(法商大道)","name_en":"YouBike2.0_法商大道/中央大道(東北側)","city":"新北市","city_en":"New Taipei City","area":"三峽區","area_en":"Sanxia Dist","address":"法商大道/中央大道(東北側)","address_en":"Law & Commerce Avenue & Central Avenue (Northeast)","total_quantity":26,"available_bikes":15,"available_spots":11,"yb2_quantity":15,"eyb_quantity":0,"active":true,"latitude":24.94499,"longitude":121.37146,"updated_at":"2026-05-02T14:23:03+08:00"}},{"type":"Feature","geometry":{"type":"Point","coordinates":[121.3712,24.94494]},"properties":{"sno":500205052,"name":"YouBike2.0_臺北大學行政大樓(法商大道)","name_en":"YouBike2.0_法商大道/中央大道(西北側)","city":"新北市","city_en":"New Taipei City","area":"三峽區","area_en":"Sanxia Dist","address":"法商大道/中央大道(西北側)","address_en":"Law & Commerce Avenue & Central Avenue (Northeast)","total_quantity":23,"available_bikes":16,"available_spots":7,"yb2_quantity":16,"eyb_quantity":0,"active":true,"latitude":24.94494,"longitude":121.3712,"updated_at":"2026-05-02T14:13:03+08:00"}},{"type":"Feature","geometry":{"type":"Point","coordinates":[121.37333,24.94438]},"properties":{"sno":500205053,"name":"YouBike2.0_臺北大學法學院(鳶飛大道)","name_en":"YouBike2.0_臺北大學法學院(鳶飛大道)","city":"新北市","city_en":"New Taipei City","area":"三峽區","area_en":"Sanxia Dist","address":"臺北大學法學院(鳶飛大道)","address_en":"NTPU College of Law (Kite-Soaring Avenue)","total_quantity":29,"available_bikes":21,"available_spots":8,"yb2_quantity":21,"eyb_quantity":0,"active":true,"latitude":24.94438,"longitude":121.37333,"updated_at":"2026-05-02T14:38:04+08:00"}},{"type":"Feature","geometry":{"type":"Point","coordinates":[121.37212,24.94363]},"properties":{"sno":500205054,"name":"YouBike2.0_臺北大學公共事務大樓(法商大道)","name_en":"YouBike2.0_NTPU College of Public Affairs (Law & Commerce Avenue)","city":"新北市","city_en":"New Taipei City","area":"三峽區","area_en":"Sanxia Dist","address":"臺北大學公共事務大樓(法商大道)","address_en":"NTPU College of Public Affairs (Law & Commerce Avenue)","total_quantity":44,"available_bikes":18,"available_spots":26,"yb2_quantity":15,"eyb_quantity":3,"active":true,"latitude":24.94363,"longitude":121.37212,"updated_at":"2026-05-02T14:29:02+08:00"}},{"type":"Feature","geometry":{"type":"Point","coordinates":[121.37121,24.94325]},"properties":{"sno":500205055,"name":"YouBike2.0_臺北大學公共事務大樓(公政大道)","name_en":"YouBike2.0_臺北大學公共事務大樓(公政大道)","city":"新北市","city_en":"New Taipei City","area":"三峽區","area_en":"Sanxia Dist","address":"臺北大學公共事務大樓(公政大道)","address_en":"NTPU College of Public Affairs (Public Affairs & Administration Avenue)","total_quantity":23,"available_bikes":10,"available_spots":13,"yb2_quantity":10,"eyb_quantity":0,"active":true,"latitude":24.94325,"longitude":121.37121,"updated_at":"2026-05-02T14:35:03+08:00"}},{"type":"Feature","geometry":{"type":"Point","coordinates":[121.37037,24.94457]},"properties":{"sno":500205056,"name":"YouBike2.0_臺北大學行政大樓(公政大道)","name_en":"YouBike2.0_NTPU Administration Center(Law & Commerce Avenue)","city":"新北市","city_en":"New Taipei City","area":"三峽區","area_en":"Sanxia Dist","address":"公政大道/中央大道(東北側)","address_en":"Public Affairs & Administration Avenue & Central Avenue (Northeast)","total_quantity":34,"available_bikes":14,"available_spots":20,"yb2_quantity":14,"eyb_quantity":0,"active":true,"latitude":24.94457,"longitude":121.37037,"updated_at":"2026-05-02T13:46:02+08:00"}},{"type":"Feature","geometry":{"type":"Point","coordinates":[121.3701,24.94441]},"properties":{"sno":500205057,"name":"YouBike2.0_臺北大學社科院(公政大道)","name_en":"YouBike2.0_NTPU College of Social Sciences (Public Affairs & Administration Avenue)","city":"新北市","city_en":"New Taipei City","area":"三峽區","area_en":"Sanxia Dist","address":"公政大道/中央大道(西北側)","address_en":"Public Affairs & Administration Avenue & Central Avenue (Northwest)","total_quantity":40,"available_bikes":16,"available_spots":24,"yb2_quantity":15,"eyb_quantity":1,"active":true,"latitude":24.94441,"longitude":121.3701,"updated_at":"2026-05-02T14:23:03+08:00"}},{"type":"Feature","geometry":{"type":"Point","coordinates":[121.36912,24.94396]},"properties":{"sno":500205058,"name":"YouBike2.0_臺北大學社科院(圖資大道)","name_en":"YouBike2.0_臺北大學社科院(圖資大道)","city":"新北市","city_en":"New Taipei City","area":"三峽區","area_en":"Sanxia Dist","address":"臺北大學社科院(圖資大道)","address_en":"NTPU College of Social Sciences (Library & Information Avenue)","total_quantity":37,"available_bikes":7,"available_spots":30,"yb2_quantity":7,"eyb_quantity":0,"active":true,"latitude":24.94396,"longitude":121.36912,"updated_at":"2026-05-02T14:22:02+08:00"}},{"type":"Feature","geometry":{"type":"Point","coordinates":[121.36433,24.9395]},"properties":{"sno":500205059,"name":"YouBike2.0_臺北大學田徑場(體風路)","name_en":"YouBike2.0_臺北大學田徑場(體風路)","city":"新北市","city_en":"New Taipei City","area":"三峽區","area_en":"Sanxia Dist","address":"臺北大學田徑場(體風路)","address_en":"NTPU Athletic Field (Sprotsmanship Rd.)","total_quantity":52,"available_bikes":4,"available_spots":48,"yb2_quantity":4,"eyb_quantity":0,"active":true,"latitude":24.9395,"longitude":121.36433,"updated_at":"2026-05-02T14:26:02+08:00"}},{"type":"Feature","geometry":{"type":"Point","coordinates":[121.36547,24.94254]},"properties":{"sno":500205060,"name":"YouBike2.0_臺北大學隆恩哨(忘憂路)","name_en":"YouBike2.0_NTPU Long'en Gate (The Merry Rd.)","city":"新北市","city_en":"New Taipei City","area":"三峽區","area_en":"Sanxia Dist","address":"臺北大學隆恩哨(忘憂路)","address_en":"NTPU Long'en Gate (The Merry Rd.)","total_quantity":15,"available_bikes":3,"available_spots":12,"yb2_quantity":2,"eyb_quantity":1,"active":true,"latitude":24.94254,"longitude":121.36547,"updated_at":"2026-05-02T14:00:03+08:00"}},{"type":"Feature","geometry":{"type":"Point","coordinates":[121.36743,24.94334]},"properties":{"sno":500205061,"name":"YouBike2.0_臺北大學懷德居木師基地","name_en":"YouBike2.0_臺北大學懷德居木師基地","city":"新北市","city_en":"New Taipei City","area":"三峽區","area_en":"Sanxia Dist","address":"臺北大學懷德居木師基地","address_en":"NTPU Woodworking Complex, HDG","total_quantity":21,"available_bikes":15,"available_spots":6,"yb2_quantity":15,"eyb_quantity":0,"active":true,"latitude":24.94334,"longitude":121.36743,"updated_at":"2026-05-02T14:37:02+08:00"}},{"type":"Feature","geometry":{"type":"Point","coordinates":[121.37505,24.9492]},"properties":{"sno":500205062,"name":"YouBike2.0_北大高中","name_en":"YouBike2.0_Bei Da High School","city":"新北市","city_en":"New Taipei City","area":"三峽區","area_en":"Sanxia Dist","address":"大義路277號(北側)","address_en":"No. 277, Dayi Rd.(North)","total_quantity":23,"available_bikes":9,"available_spots":14,"yb2_quantity":8,"eyb_quantity":1,"active":true,"latitude":24.9492,"longitude":121.37505,"updated_at":"2026-05-02T14:32:02+08:00"}},{"type":"Feature","geometry":{"type":"Point","coordinates":[121.3741,24.93036]},"properties":{"sno":500205063,"name":"YouBike2.0_光明停車場","name_en":"YouBike2.0_Guangming Parking Lot","city":"新北市","city_en":"New Taipei City","area":"三峽區","area_en":"Sanxia Dist","address":"光明路/愛國路(東側停車場內)","address_en":"Guangming Rd./ Aiguo Rd. (East)","total_quantity":15,"available_bikes":7,"available_spots":8,"yb2_quantity":6,"eyb_quantity":1,"active":true,"latitude":24.93036,"longitude":121.3741,"updated_at":"2026-05-02T14:29:02+08:00"}},{"type":"Feature","geometry":{"type":"Point","coordinates":[121.36891,24.92701]},"properties":{"sno":500205064,"name":"YouBike2.0_八安大橋(清水街)","name_en":"YouBike2.0_Ba'an Bridge","city":"新北市","city_en":"New Taipei City","area":"三峽區","area_en":"Sanxia Dist","address":"中園街13號(清水街側)","address_en":"No. 13, Zhongyuan St.(Qingshui St. side)","total_quantity":10,"available_bikes":3,"available_spots":6,"yb2_quantity":3,"eyb_quantity":0,"active":true,"latitude":24.92701,"longitude":121.36891,"updated_at":"2026-05-02T14:39:02+08:00"}},{"type":"Feature","geometry":{"type":"Point","coordinates":[121.36584,24.93561]},"properties":{"sno":500205065,"name":"YouBike2.0_三峽中山公園","name_en":"YouBike2.0_Sanxia Zhongshan Park","city":"新北市","city_en":"New Taipei City","area":"三峽區","area_en":"Sanxia Dist","address":"文化路/中山路口(西南側)","address_en":"Wenhua Rd. & Zhongshan Rd. (Southwest)","total_quantity":15,"available_bikes":4,"available_spots":10,"yb2_quantity":2,"eyb_quantity":2,"active":true,"latitude":24.93561,"longitude":121.36584,"updated_at":"2026-05-02T14:23:03+08:00"}},{"type":"Feature","geometry":{"type":"Point","coordinates":[121.36941,24.93614]},"properties":{"sno":500205066,"name":"YouBike2.0_三鶯國民運動中心停車場","name_en":"YouBike2.0_Sanying Civil Sports Center Parking Lot","city":"新北市","city_en":"New Taipei City","area":"三峽區","area_en":"Sanxia Dist","address":"文化路164號(對面)","address_en":"No. 164, Wenhua Rd. (Opposite)","total_quantity":32,"available_bikes":5,"available_spots":27,"yb2_quantity":3,"eyb_quantity":2,"active":true,"latitude":24.93614,"longitude":121.36941,"updated_at":"2026-05-02T14:33:03+08:00"}},{"type":"Feature","geometry":{"type":"Point","coordinates":[121.37212,24.93942]},"properties":{"sno":500205067,"name":"YouBike2.0_國光街330巷口","name_en":"YouBike2.0_Ln. 330, Guoguang St. Intersection","city":"新北市","city_en":"New Taipei City","area":"三峽區","area_en":"Sanxia Dist","address":"國光街322號(對側)","address_en":"No. 322, Guoguang St. (Opposite)","total_quantity":16,"available_bikes":2,"available_spots":14,"yb2_quantity":2,"eyb_quantity":0,"active":true,"latitude":24.93942,"longitude":121.37212,"updated_at":"2026-05-02T13:55:04+08:00"}},{"type":"Feature","geometry":{"type":"Point","coordinates":[121.37254,24.90475]},"properties":{"sno":500205068,"name":"YouBike2.0_添福里(添福15號之33)","name_en":"YouBike2.0_Tianfu Vil (No. 15-33, Tianfu)","city":"新北市","city_en":"New Taipei City","area":"三峽區","area_en":"Sanxia Dist","address":"添福15號之33(對側)","address_en":"No. 15-33, Tianfu (Opposite)","total_quantity":16,"available_bikes":11,"available_spots":5,"yb2_quantity":1,"eyb_quantity":10,"active":true,"latitude":24.90475,"longitude":121.37254,"updated_at":"2026-05-02T12:06:02+08:00"}},{"type":"Feature","geometry":{"type":"Point","coordinates":[121.36986,24.93021]},"properties":{"sno":500205069,"name":"YouBike2.0_民族街78巷口","name_en":"YouBike2.0_Ln. 78, MinZu St. Intersection","city":"新北市","city_en":"New Taipei City","area":"三峽區","area_en":"Sanxia Dist","address":"民族街37號東側","address_en":"No. 37, MinZu St. (East)","total_quantity":11,"available_bikes":3,"available_spots":8,"yb2_quantity":3,"eyb_quantity":0,"active":true,"latitude":24.93021,"longitude":121.36986,"updated_at":"2026-05-02T13:07:02+08:00"}},{"type":"Feature","geometry":{"type":"Point","coordinates":[121.36672,24.94565]},"properties":{"sno":500205070,"name":"YouBike2.0_三峽原住民族生活文化園區","name_en":"YouBike2.0_Sanxia Aboriginal Cultural Park","city":"新北市","city_en":"New Taipei City","area":"三峽區","area_en":"Sanxia Dist","address":"隆恩街158巷(捷運墩下停車場)","address_en":"Ln. 158, LongEn St. (Car Park)","total_quantity":31,"available_bikes":10,"available_spots":20,"yb2_quantity":9,"eyb_quantity":1,"active":true,"latitude":24.94565,"longitude":121.36672,"updated_at":"2026-05-02T08:54:02+08:00"}},{"type":"Feature","geometry":{"type":"Point","coordinates":[121.41716,24.96046]},"properties":{"sno":500206001,"name":"YouBike2.0_華南頂埔科技大樓","name_en":"YouBike2.0_Hua Nan Dingpu Technology Building","city":"新北市","city_en":"New Taipei City","area":"土城區","area_en":"Tucheng Dist","address":"民權路1號","address_en":"No. 1, Minquan St.","total_quantity":40,"available_bikes":9,"available_spots":31,"yb2_quantity":7,"eyb_quantity":2,"active":true,"latitude":24.96046,"longitude":121.41716,"updated_at":"2026-05-02T14:25:03+08:00"}},{"type":"Feature","geometry":{"type":"Point","coordinates":[121.45277,24.98216]},"properties":{"sno":500206002,"name":"YouBike2.0_新北高工(學士路)","name_en":"YouBike2.0_New Taipei Industrial Vocational High School (Xueshi Rd.)","city":"新北市","city_en":"New Taipei City","area":"土城區","area_en":"Tucheng Dist","address":"學士路41號(前)","address_en":"No. 41, Xueshi Rd.","total_quantity":28,"available_bikes":2,"available_spots":26,"yb2_quantity":1,"eyb_quantity":1,"active":true,"latitude":24.98216,"longitude":121.45277,"updated_at":"2026-05-02T14:39:02+08:00"}},{"type":"Feature","geometry":{"type":"Point","coordinates":[121.46353,24.98382]},"properties":{"sno":500206003,"name":"YouBike2.0_清水社區公園","name_en":"YouBike2.0_Qing Shui Community Park","city":"新北市","city_en":"New Taipei City","area":"土城區","area_en":"Tucheng Dist","address":"延吉街381巷與延吉街口","address_en":"Ln. 381, Yanji St. & Yanji St. Intersection","total_quantity":42,"available_bikes":3,"available_spots":39,"yb2_quantity":3,"eyb_quantity":0,"active":true,"latitude":24.98382,"longitude":121.46353,"updated_at":"2026-05-02T14:36:04+08:00"}},{"type":"Feature","geometry":{"type":"Point","coordinates":[121.46035,24.98071]},"properties":{"sno":500206004,"name":"YouBike2.0_土城仁愛社區公園","name_en":"YouBike2.0_Tucheng Renai Park","city":"新北市","city_en":"New Taipei City","area":"土城區","area_en":"Tucheng Dist","address":"仁愛路12號旁","address_en":"No. 12, Ren’ai Rd.","total_quantity":39,"available_bikes":4,"available_spots":35,"yb2_quantity":4,"eyb_quantity":0,"active":true,"latitude":24.98071,"longitude":121.46035,"updated_at":"2026-05-02T14:37:02+08:00"}},{"type":"Feature","geometry":{"type":"Point","coordinates":[121.45874,24.97513]},"properties":{"sno":500206005,"name":"YouBike2.0_清和里(青雲路)","name_en":"YouBike2.0_Qinghe Village(Qingyun Rd.)","city":"新北市","city_en":"New Taipei City","area":"土城區","area_en":"Tucheng Dist","address":"青雲路449號(對面)","address_en":"No.449, Qingyun Rd.","total_quantity":37,"available_bikes":4,"available_spots":31,"yb2_quantity":4,"eyb_quantity":0,"active":true,"latitude":24.97513,"longitude":121.45874,"updated_at":"2026-05-02T14:35:03+08:00"}},{"type":"Feature","geometry":{"type":"Point","coordinates":[121.4477,24.97666]},"properties":{"sno":500206006,"name":"YouBike2.0_斬龍山遺址文化公園","name_en":"YouBike2.0_Zhanlongshan Archaeological Park","city":"新北市","city_en":"New Taipei City","area":"土城區","area_en":"Tucheng Dist","address":"龍山一街與金城路二段路口","address_en":"Longshan 1st St./Sec. 2, Jincheng Rd., Tucheng Dist.","total_quantity":64,"available_bikes":16,"available_spots":48,"yb2_quantity":14,"eyb_quantity":2,"active":true,"latitude":24.97666,"longitude":121.4477,"updated_at":"2026-05-02T14:35:03+08:00"}},{"type":"Feature","geometry":{"type":"Point","coordinates":[121.44383,24.98279]},"properties":{"sno":500206007,"name":"YouBike2.0_中央路一段292巷口","name_en":"YouBike2.0_Ln. 292, Sec. 1, Zhongyang Rd. Intersection","city":"新北市","city_en":"New Taipei City","area":"土城區","area_en":"Tucheng Dist","address":"中央路一段274號(對面)","address_en":"No. 274, Sec. 1, Zhongyang Rd., Tucheng Dist.(opposite)","total_quantity":53,"available_bikes":12,"available_spots":41,"yb2_quantity":12,"eyb_quantity":0,"active":true,"latitude":24.98279,"longitude":121.44383,"updated_at":"2026-05-02T14:36:04+08:00"}},{"type":"Feature","geometry":{"type":"Point","coordinates":[121.43883,24.97525]},"properties":{"sno":500206008,"name":"YouBike2.0_中華城林路口","name_en":"YouBike2.0_Zhonghua & Chenglin Intersection","city":"新北市","city_en":"New Taipei City","area":"土城區","area_en":"Tucheng Dist","address":"中華路二段165號前(天橋下)","address_en":"No. 165, Sec. 2, Zhonghua Rd.","total_quantity":30,"available_bikes":1,"available_spots":29,"yb2_quantity":0,"eyb_quantity":1,"active":true,"latitude":24.97525,"longitude":121.43883,"updated_at":"2026-05-02T14:36:18+08:00"}},{"type":"Feature","geometry":{"type":"Point","coordinates":[121.41504,24.95816]},"properties":{"sno":500206009,"name":"YouBike2.0_頂埔市場","name_en":"YouBike2.0_Dingpu Market","city":"新北市","city_en":"New Taipei City","area":"土城區","area_en":"Tucheng Dist","address":"中州路28巷30號","address_en":"No. 30, Ln. 28, Zhongzhou Rd., Tucheng Dist.","total_quantity":29,"available_bikes":10,"available_spots":19,"yb2_quantity":9,"eyb_quantity":1,"active":true,"latitude":24.95816,"longitude":121.41504,"updated_at":"2026-05-02T14:20:04+08:00"}},{"type":"Feature","geometry":{"type":"Point","coordinates":[121.453797,24.984095]},"properties":{"sno":500206010,"name":"YouBike2.0_土城綜合體育場","name_en":"YouBike2.0_Tucheng Sports Field","city":"新北市","city_en":"New Taipei City","area":"土城區","area_en":"Tucheng Dist","address":"裕民路195巷旁","address_en":"Ln. 195, Yumin Rd.","total_quantity":56,"available_bikes":1,"available_spots":55,"yb2_quantity":1,"eyb_quantity":0,"active":true,"latitude":24.984095,"longitude":121.453797,"updated_at":"2026-05-02T14:37:02+08:00"}},{"type":"Feature","geometry":{"type":"Point","coordinates":[121.44855,24.98441]},"properties":{"sno":500206011,"name":"YouBike2.0_捷運海山站(1號出口)","name_en":"YouBike2.0_MRT Haishan","city":"新北市","city_en":"New Taipei City","area":"土城區","area_en":"Tucheng Dist","address":"裕生路67巷14號前人行道(東側)","address_en":"No.14, Ln 67, Yusheng Rd.(East)","total_quantity":80,"available_bikes":33,"available_spots":39,"yb2_quantity":29,"eyb_quantity":4,"active":true,"latitude":24.98441,"longitude":121.44855,"updated_at":"2026-05-02T14:38:04+08:00"}},{"type":"Feature","geometry":{"type":"Point","coordinates":[121.45151,24.98803]},"properties":{"sno":500206012,"name":"YouBike2.0_學成公園","name_en":"YouBike2.0_Xuecheng Park","city":"新北市","city_en":"New Taipei City","area":"土城區","area_en":"Tucheng Dist","address":"學成路72號對面公園(西南側)","address_en":"No. 72, Xuecheng Rd., Tucheng Dist.","total_quantity":42,"available_bikes":2,"available_spots":40,"yb2_quantity":1,"eyb_quantity":1,"active":true,"latitude":24.98803,"longitude":121.45151,"updated_at":"2026-05-02T14:31:03+08:00"}},{"type":"Feature","geometry":{"type":"Point","coordinates":[121.44275033207957,24.978918316048684]},"properties":{"sno":500206013,"name":"YouBike2.0_員和公園","name_en":"YouBike2.0_Yuanhe Park","city":"新北市","city_en":"New Taipei City","area":"土城區","area_en":"Tucheng Dist","address":"中央路二段66號對面(東側)","address_en":"No.66, Sec. 2, Zhongyang Rd., Tucheng Dist.(opposite)","total_quantity":34,"available_bikes":11,"available_spots":22,"yb2_quantity":8,"eyb_quantity":3,"active":true,"latitude":24.978918316048684,"longitude":121.44275033207957,"updated_at":"2026-05-02T14:38:04+08:00"}},{"type":"Feature","geometry":{"type":"Point","coordinates":[121.44395,24.9728]},"properties":{"sno":500206014,"name":"YouBike2.0_捷運土城站(2號出口)","name_en":"YouBike2.0_MRT Tucheng Sta.(Exit 2)","city":"新北市","city_en":"New Taipei City","area":"土城區","area_en":"Tucheng Dist","address":"捷運土城站公車站牌旁人行道","address_en":"MRT Tucheng Sta.(Exit 2)","total_quantity":33,"available_bikes":27,"available_spots":2,"yb2_quantity":27,"eyb_quantity":0,"active":true,"latitude":24.9728,"longitude":121.44395,"updated_at":"2026-05-02T14:39:02+08:00"}},{"type":"Feature","geometry":{"type":"Point","coordinates":[121.44024,24.9691]},"properties":{"sno":500206015,"name":"YouBike2.0_金城忠義路口","name_en":"YouBike2.0_Jincheng & Zhongyi Intersection","city":"新北市","city_en":"New Taipei City","area":"土城區","area_en":"Tucheng Dist","address":"金城路一段18號旁(西側)","address_en":"No. 18, Sec. 1, Jincheng Rd.(West)","total_quantity":40,"available_bikes":30,"available_spots":10,"yb2_quantity":26,"eyb_quantity":4,"active":true,"latitude":24.9691,"longitude":121.44024,"updated_at":"2026-05-02T14:35:03+08:00"}},{"type":"Feature","geometry":{"type":"Point","coordinates":[121.43554,24.96613]},"properties":{"sno":500206016,"name":"YouBike2.0_捷運永寧站(2號出口)","name_en":"YouBike2.0_MRT Yungning Sta.(EXIT 2)","city":"新北市","city_en":"New Taipei City","area":"土城區","area_en":"Tucheng Dist","address":"中央路三段112號對面人行道(南側)","address_en":"No. 112, Sec. 3, Zhongyang Rd.(oppsite)","total_quantity":47,"available_bikes":30,"available_spots":16,"yb2_quantity":27,"eyb_quantity":3,"active":true,"latitude":24.96613,"longitude":121.43554,"updated_at":"2026-05-02T14:33:03+08:00"}},{"type":"Feature","geometry":{"type":"Point","coordinates":[121.43485,24.97256]},"properties":{"sno":500206017,"name":"YouBike2.0_亞洲員安路口","name_en":"YouBike2.0_Yazhou & Yuan'an Rd.","city":"新北市","city_en":"New Taipei City","area":"土城區","area_en":"Tucheng Dist","address":"亞洲路9號旁人行道(東側)","address_en":"No. 9, Yazhou Rd., Tucheng Dist.","total_quantity":38,"available_bikes":5,"available_spots":33,"yb2_quantity":4,"eyb_quantity":1,"active":true,"latitude":24.97256,"longitude":121.43485,"updated_at":"2026-05-02T14:36:04+08:00"}},{"type":"Feature","geometry":{"type":"Point","coordinates":[121.46602,24.98689]},"properties":{"sno":500206018,"name":"YouBike2.0_金城立德路口","name_en":"YouBike2.0_Jincheng & Lide Intersection","city":"新北市","city_en":"New Taipei City","area":"土城區","area_en":"Tucheng Dist","address":"金城路三段41號前(南側)","address_en":"No.41, Sec. 3, Jincheng Rd.(Side)","total_quantity":47,"available_bikes":3,"available_spots":44,"yb2_quantity":3,"eyb_quantity":0,"active":true,"latitude":24.98689,"longitude":121.46602,"updated_at":"2026-05-02T14:38:04+08:00"}},{"type":"Feature","geometry":{"type":"Point","coordinates":[121.45795,24.98367]},"properties":{"sno":500206019,"name":"YouBike2.0_金城立體停車場","name_en":"YouBike2.0_Jincheng Parking Lot","city":"新北市","city_en":"New Taipei City","area":"土城區","area_en":"Tucheng Dist","address":"金城路2段266號旁(西側陸橋旁)","address_en":"No.266, Sec. 2, Jincheng Rd.(West)","total_quantity":60,"available_bikes":9,"available_spots":51,"yb2_quantity":7,"eyb_quantity":2,"active":true,"latitude":24.98367,"longitude":121.45795,"updated_at":"2026-05-02T14:39:02+08:00"}},{"type":"Feature","geometry":{"type":"Point","coordinates":[121.43037,24.96243]},"properties":{"sno":500206020,"name":"YouBike2.0_土城國中","name_en":"YouBike2.0_Tucheng Junior High School","city":"新北市","city_en":"New Taipei City","area":"土城區","area_en":"Tucheng Dist","address":"永寧路18號(對面)","address_en":"No.18, Yongning Rd., Tucheng Dist.","total_quantity":50,"available_bikes":13,"available_spots":37,"yb2_quantity":13,"eyb_quantity":0,"active":true,"latitude":24.96243,"longitude":121.43037,"updated_at":"2026-05-02T14:39:02+08:00"}},{"type":"Feature","geometry":{"type":"Point","coordinates":[121.41969877977414,24.963262311576905]},"properties":{"sno":500206021,"name":"YouBike2.0_沛陂社區公園","name_en":"YouBike2.0_Peipo Community Park","city":"新北市","city_en":"New Taipei City","area":"土城區","area_en":"Tucheng Dist","address":"土城區三民路23巷8弄(公園裡面)","address_en":"Aly. 8, Ln. 23, Sanmin Rd., Tucheng Dist","total_quantity":28,"available_bikes":9,"available_spots":19,"yb2_quantity":9,"eyb_quantity":0,"active":true,"latitude":24.963262311576905,"longitude":121.41969877977414,"updated_at":"2026-05-02T14:36:04+08:00"}},{"type":"Feature","geometry":{"type":"Point","coordinates":[121.4178,24.95852]},"properties":{"sno":500206022,"name":"YouBike2.0_捷運頂埔站(福田路)","name_en":"YouBike2.0_MRT Dingpu Sta.(FuTian Rd.)","city":"新北市","city_en":"New Taipei City","area":"土城區","area_en":"Tucheng Dist","address":"中央路四段53號(前)","address_en":"No.53, Sec. 4, Zhongyang Rd.","total_quantity":66,"available_bikes":19,"available_spots":39,"yb2_quantity":19,"eyb_quantity":0,"active":true,"latitude":24.95852,"longitude":121.4178,"updated_at":"2026-05-02T14:39:02+08:00"}},{"type":"Feature","geometry":{"type":"Point","coordinates":[121.4144,24.95636]},"properties":{"sno":500206023,"name":"YouBike2.0_頂埔國小","name_en":"YouBike2.0_Dingpu Elementary School","city":"新北市","city_en":"New Taipei City","area":"土城區","area_en":"Tucheng Dist","address":"中央路四段205號(頂埔國小校門口)(鄰近土城親子分館)","address_en":"No.205, Sec. 4, Zhongyang Rd.","total_quantity":40,"available_bikes":11,"available_spots":29,"yb2_quantity":11,"eyb_quantity":0,"active":true,"latitude":24.95636,"longitude":121.4144,"updated_at":"2026-05-02T14:31:03+08:00"}},{"type":"Feature","geometry":{"type":"Point","coordinates":[121.41211,24.95319]},"properties":{"sno":500206024,"name":"YouBike2.0_頂新祖田市民活動中心","name_en":"YouBike2.0_Dingxin-Zutian Civic Activity Center","city":"新北市","city_en":"New Taipei City","area":"土城區","area_en":"Tucheng Dist","address":"中央路四段285號","address_en":"No.285, Sec. 4, Zhongyang Rd.","total_quantity":43,"available_bikes":5,"available_spots":38,"yb2_quantity":3,"eyb_quantity":2,"active":true,"latitude":24.95319,"longitude":121.41211,"updated_at":"2026-05-02T14:38:04+08:00"}},{"type":"Feature","geometry":{"type":"Point","coordinates":[121.44911,24.98639]},"properties":{"sno":500206025,"name":"YouBike2.0_捷運海山站(3號出口)轉乘停車場","name_en":"YouBike2.0_MRT HaiShan Sta.(Exit 3) Car Park","city":"新北市","city_en":"New Taipei City","area":"土城區","area_en":"Tucheng Dist","address":"海山路/樂利街(西北側)","address_en":"Haishan Rd. & Leli St. (Northeast)","total_quantity":80,"available_bikes":32,"available_spots":36,"yb2_quantity":27,"eyb_quantity":5,"active":true,"latitude":24.98639,"longitude":121.44911,"updated_at":"2026-05-02T14:38:04+08:00"}},{"type":"Feature","geometry":{"type":"Point","coordinates":[121.43264,24.96576]},"properties":{"sno":500206026,"name":"YouBike2.0_大安中央路口","name_en":"YouBike2.0_Da'an & Zhongyang Intersection","city":"新北市","city_en":"New Taipei City","area":"土城區","area_en":"Tucheng Dist","address":"大安路8號對面(西側)","address_en":"No. 8, Da'an Rd.(West)","total_quantity":27,"available_bikes":5,"available_spots":21,"yb2_quantity":1,"eyb_quantity":4,"active":true,"latitude":24.96576,"longitude":121.43264,"updated_at":"2026-05-02T14:28:04+08:00"}},{"type":"Feature","geometry":{"type":"Point","coordinates":[121.41212396244534,24.96044660965163]},"properties":{"sno":500206027,"name":"YouBike2.0_中山1號科技總部","name_en":"YouBike2.0_Zhongshan No. 1 Technology Headquarters","city":"新北市","city_en":"New Taipei City","area":"土城區","area_en":"Tucheng Dist","address":"中山路1號","address_en":"No. 1, Zhongshan Rd., Tucheng Dist.","total_quantity":42,"available_bikes":3,"available_spots":37,"yb2_quantity":3,"eyb_quantity":0,"active":true,"latitude":24.96044660965163,"longitude":121.41212396244534,"updated_at":"2026-05-02T14:39:02+08:00"}},{"type":"Feature","geometry":{"type":"Point","coordinates":[121.43937,24.97811]},"properties":{"sno":500206028,"name":"YouBike2.0_長風社區","name_en":"YouBike2.0_Changfeng Community","city":"新北市","city_en":"New Taipei City","area":"土城區","area_en":"Tucheng Dist","address":"土城區中華路二段91~95號(人行道)","address_en":"No.91~95, Sec. 2, Zhonghua Rd., Tucheng Dist","total_quantity":30,"available_bikes":3,"available_spots":27,"yb2_quantity":3,"eyb_quantity":0,"active":true,"latitude":24.97811,"longitude":121.43937,"updated_at":"2026-05-02T14:39:02+08:00"}},{"type":"Feature","geometry":{"type":"Point","coordinates":[121.44052,24.97338]},"properties":{"sno":500206029,"name":"YouBike2.0_中央慶利街口(風華綠中央社區)","name_en":"YouBike2.0_Zhongyang & Qingli Intersection","city":"新北市","city_en":"New Taipei City","area":"土城區","area_en":"Tucheng Dist","address":"中央路二段288號(前)","address_en":"No. 288, Sec. 2, Zhongyang Rd.","total_quantity":22,"available_bikes":3,"available_spots":19,"yb2_quantity":1,"eyb_quantity":2,"active":true,"latitude":24.97338,"longitude":121.44052,"updated_at":"2026-05-02T14:19:02+08:00"}},{"type":"Feature","geometry":{"type":"Point","coordinates":[121.45466,24.98156]},"properties":{"sno":500206030,"name":"YouBike2.0_金城裕民路口(金城舞社區)","name_en":"YouBike2.0_Gincheng & Yumin Intersection","city":"新北市","city_en":"New Taipei City","area":"土城區","area_en":"Tucheng Dist","address":"金城路二段200號(旁)","address_en":"No. 200, Sec. 2, Jincheng Rd., Tucheng Dist.","total_quantity":40,"available_bikes":3,"available_spots":37,"yb2_quantity":1,"eyb_quantity":2,"active":true,"latitude":24.98156,"longitude":121.45466,"updated_at":"2026-05-02T14:36:04+08:00"}},{"type":"Feature","geometry":{"type":"Point","coordinates":[121.45873,24.97475]},"properties":{"sno":500206031,"name":"YouBike2.0_青雲路451巷口(紐約艾美社區)","name_en":"YouBike2.0_Ln. 451, Qingyun Rd.","city":"新北市","city_en":"New Taipei City","area":"土城區","area_en":"Tucheng Dist","address":"青雲路449號(對面)","address_en":"No. 449, Qingyun Rd. (Opposite)","total_quantity":41,"available_bikes":1,"available_spots":39,"yb2_quantity":1,"eyb_quantity":0,"active":true,"latitude":24.97475,"longitude":121.45873,"updated_at":"2026-05-02T14:32:02+08:00"}},{"type":"Feature","geometry":{"type":"Point","coordinates":[121.44580101471448,24.976958449938596]},"properties":{"sno":500206032,"name":"YouBike2.0_學士學府路口(大苑社區)","name_en":"YouBike2.0_Xueshi & Xuefu Intersection","city":"新北市","city_en":"New Taipei City","area":"土城區","area_en":"Tucheng Dist","address":"學士路/學府路口(西北側建案基地)","address_en":"Xueshi & Xuefu Intersection","total_quantity":47,"available_bikes":4,"available_spots":43,"yb2_quantity":2,"eyb_quantity":2,"active":true,"latitude":24.976958449938596,"longitude":121.44580101471448,"updated_at":"2026-05-02T14:39:02+08:00"}},{"type":"Feature","geometry":{"type":"Point","coordinates":[121.45054,24.98344]},"properties":{"sno":500206033,"name":"YouBike2.0_新北高工","name_en":"YouBike2.0_New Taipei Industrial Vocational High School","city":"新北市","city_en":"New Taipei City","area":"土城區","area_en":"Tucheng Dist","address":"學府路一段241號前","address_en":"No.241, Sec. 1, Xuefu Rd., Tucheng Dist","total_quantity":57,"available_bikes":6,"available_spots":51,"yb2_quantity":5,"eyb_quantity":1,"active":true,"latitude":24.98344,"longitude":121.45054,"updated_at":"2026-05-02T14:38:04+08:00"}},{"type":"Feature","geometry":{"type":"Point","coordinates":[121.4472,24.99003]},"properties":{"sno":500206034,"name":"YouBike2.0_中華裕華街口","name_en":"YouBike2.0_Zhonghua &Yuhua Intersection","city":"新北市","city_en":"New Taipei City","area":"土城區","area_en":"Tucheng Dist","address":"中華路一段/裕華街口(東北側)","address_en":"Sec. 1, Zhonghua Rd.&Yuhua St.","total_quantity":13,"available_bikes":3,"available_spots":10,"yb2_quantity":3,"eyb_quantity":0,"active":true,"latitude":24.99003,"longitude":121.4472,"updated_at":"2026-05-02T14:19:02+08:00"}},{"type":"Feature","geometry":{"type":"Point","coordinates":[121.45619,24.98288]},"properties":{"sno":500206035,"name":"YouBike2.0_金城裕民路口(中正國中)","name_en":"YouBike2.0_Gincheng & Yumin Intersection(Zhing Zheng Junior High School)","city":"新北市","city_en":"New Taipei City","area":"土城區","area_en":"Tucheng Dist","address":"金城路二段218號對面(西北側)","address_en":"No.218, Sec. 2, Jincheng Rd., Tucheng Dist.","total_quantity":54,"available_bikes":7,"available_spots":47,"yb2_quantity":6,"eyb_quantity":1,"active":true,"latitude":24.98288,"longitude":121.45619,"updated_at":"2026-05-02T14:36:04+08:00"}},{"type":"Feature","geometry":{"type":"Point","coordinates":[121.44348,24.98551]},"properties":{"sno":500206036,"name":"YouBike2.0_中華中央路一段242巷口","name_en":"YouBike2.0_Zhonghua & Ln. 242, Sec. 1, Zhongyang Intersection","city":"新北市","city_en":"New Taipei City","area":"土城區","area_en":"Tucheng Dist","address":"中華路一段185號前(東側)","address_en":"No.185, Sec. 1, Zhonghua Rd., Tucheng Dist.","total_quantity":38,"available_bikes":6,"available_spots":32,"yb2_quantity":6,"eyb_quantity":0,"active":true,"latitude":24.98551,"longitude":121.44348,"updated_at":"2026-05-02T14:39:02+08:00"}},{"type":"Feature","geometry":{"type":"Point","coordinates":[121.44328,24.97784]},"properties":{"sno":500206037,"name":"YouBike2.0_員林社區公園","name_en":"YouBike2.0_Yuanlin Community Park","city":"新北市","city_en":"New Taipei City","area":"土城區","area_en":"Tucheng Dist","address":"員林街16號對面(北側)","address_en":"Ln. 16, Yuanlin St. (opposite)","total_quantity":50,"available_bikes":3,"available_spots":46,"yb2_quantity":2,"eyb_quantity":1,"active":true,"latitude":24.97784,"longitude":121.44328,"updated_at":"2026-05-02T14:29:02+08:00"}},{"type":"Feature","geometry":{"type":"Point","coordinates":[121.46882,24.99018]},"properties":{"sno":500206038,"name":"YouBike2.0_延和社區公園","name_en":"YouBike2.0_Yanhe Community Park","city":"新北市","city_en":"New Taipei City","area":"土城區","area_en":"Tucheng Dist","address":"延和路180號旁(西側)","address_en":"No. 180, Yanhe Rd.","total_quantity":40,"available_bikes":2,"available_spots":38,"yb2_quantity":2,"eyb_quantity":0,"active":true,"latitude":24.99018,"longitude":121.46882,"updated_at":"2026-05-02T14:37:02+08:00"}},{"type":"Feature","geometry":{"type":"Point","coordinates":[121.45987,24.97793]},"properties":{"sno":500206039,"name":"YouBike2.0_青山廣場","name_en":"YouBike2.0_Qingshan Square","city":"新北市","city_en":"New Taipei City","area":"土城區","area_en":"Tucheng Dist","address":"明德路一段240巷1-1號前(東側)","address_en":"No.1-1, Ln. 240, Sec. 1, Mingde Rd.","total_quantity":42,"available_bikes":0,"available_spots":42,"yb2_quantity":0,"eyb_quantity":0,"active":true,"latitude":24.97793,"longitude":121.45987,"updated_at":"2026-05-02T14:30:18+08:00"}},{"type":"Feature","geometry":{"type":"Point","coordinates":[121.46102,24.9883]},"properties":{"sno":500206040,"name":"YouBike2.0_立德青雲路口","name_en":"YouBike2.0_Lide & Qingyun Intersection","city":"新北市","city_en":"New Taipei City","area":"土城區","area_en":"Tucheng Dist","address":"立德路2號對面(北側)","address_en":"No.2, Lide Rd., Tucheng Dist.","total_quantity":40,"available_bikes":0,"available_spots":40,"yb2_quantity":0,"eyb_quantity":0,"active":true,"latitude":24.9883,"longitude":121.46102,"updated_at":"2026-05-02T14:34:17+08:00"}},{"type":"Feature","geometry":{"type":"Point","coordinates":[121.45655,24.98816]},"properties":{"sno":500206041,"name":"YouBike2.0_廣福派出所","name_en":"YouBike2.0_Guangfu Police Substation","city":"新北市","city_en":"New Taipei City","area":"土城區","area_en":"Tucheng Dist","address":"學府路一段76號前(南側)","address_en":"No.76, Sec. 1, Xuefu Rd.(South)","total_quantity":43,"available_bikes":2,"available_spots":41,"yb2_quantity":2,"eyb_quantity":0,"active":true,"latitude":24.98816,"longitude":121.45655,"updated_at":"2026-05-02T14:38:21+08:00"}},{"type":"Feature","geometry":{"type":"Point","coordinates":[121.46716,24.98394]},"properties":{"sno":500206042,"name":"YouBike2.0_延吉街291巷口","name_en":"YouBike2.0_Ln. 291, Yanji St.","city":"新北市","city_en":"New Taipei City","area":"土城區","area_en":"Tucheng Dist","address":"延吉街291巷/延吉街253巷18弄口(西南側)","address_en":"Ln. 291, Yanji St. & Aly. 18, Ln. 253, Yanji St.(Southwest)","total_quantity":10,"available_bikes":2,"available_spots":8,"yb2_quantity":2,"eyb_quantity":0,"active":true,"latitude":24.98394,"longitude":121.46716,"updated_at":"2026-05-02T14:17:16+08:00"}},{"type":"Feature","geometry":{"type":"Point","coordinates":[121.46547,24.982]},"properties":{"sno":500206043,"name":"YouBike2.0_清水高中","name_en":"YouBike2.0_Qing Shui Senior High School","city":"新北市","city_en":"New Taipei City","area":"土城區","area_en":"Tucheng Dist","address":"明德路一段72號前(公車站清水高中站旁)","address_en":"No.72, Sec. 1, Mingde Rd.","total_quantity":46,"available_bikes":2,"available_spots":44,"yb2_quantity":2,"eyb_quantity":0,"active":true,"latitude":24.982,"longitude":121.46547,"updated_at":"2026-05-02T14:35:03+08:00"}},{"type":"Feature","geometry":{"type":"Point","coordinates":[121.45616,24.98157]},"properties":{"sno":500206044,"name":"YouBike2.0_裕民路口(清水路)","name_en":"YouBike2.0_Yumin Rd. Intersection(Qingshui Rd.)","city":"新北市","city_en":"New Taipei City","area":"土城區","area_en":"Tucheng Dist","address":"清水路68號(西側)","address_en":"No. 68, Qingshui Rd.(West)","total_quantity":34,"available_bikes":1,"available_spots":33,"yb2_quantity":1,"eyb_quantity":0,"active":true,"latitude":24.98157,"longitude":121.45616,"updated_at":"2026-05-02T14:22:02+08:00"}},{"type":"Feature","geometry":{"type":"Point","coordinates":[121.45665,24.97974]},"properties":{"sno":500206045,"name":"YouBike2.0_青隆青福街口","name_en":"YouBike2.0_QingLong St. & QingFu St. Intersection","city":"新北市","city_en":"New Taipei City","area":"土城區","area_en":"Tucheng Dist","address":"青隆街/青福街口(東北側)","address_en":"QingLong St. & QingFu St. (Northeast)","total_quantity":20,"available_bikes":2,"available_spots":18,"yb2_quantity":1,"eyb_quantity":1,"active":true,"latitude":24.97974,"longitude":121.45665,"updated_at":"2026-05-02T14:25:03+08:00"}},{"type":"Feature","geometry":{"type":"Point","coordinates":[121.44463,24.98756]},"properties":{"sno":500206046,"name":"YouBike2.0_中華日新街口","name_en":"YouBike2.0_Zhonghua Rixin St. Intersection","city":"新北市","city_en":"New Taipei City","area":"土城區","area_en":"Tucheng Dist","address":"中華路一段/日新街口(西北側)","address_en":"Sec. 1, Zhonghua Rd. & Rixin St. Intersection(Northwest)","total_quantity":10,"available_bikes":6,"available_spots":4,"yb2_quantity":6,"eyb_quantity":0,"active":true,"latitude":24.98756,"longitude":121.44463,"updated_at":"2026-05-02T13:43:03+08:00"}},{"type":"Feature","geometry":{"type":"Point","coordinates":[121.46498,24.98034]},"properties":{"sno":500206047,"name":"YouBike2.0_清水高中(國際路)","name_en":"YouBike2.0_Qingshui High School(Guoji Rd.)","city":"新北市","city_en":"New Taipei City","area":"土城區","area_en":"Tucheng Dist","address":"明德路一段139號西側","address_en":"No. 139, Sec. 1, Mingde Rd.(West)","total_quantity":13,"available_bikes":2,"available_spots":11,"yb2_quantity":2,"eyb_quantity":0,"active":true,"latitude":24.98034,"longitude":121.46498,"updated_at":"2026-05-02T14:35:03+08:00"}},{"type":"Feature","geometry":{"type":"Point","coordinates":[121.47171,24.98623]},"properties":{"sno":500206048,"name":"YouBike2.0_延吉街111巷1弄","name_en":"YouBike2.0_Aly. 1, Ln. 111, Yanji St.","city":"新北市","city_en":"New Taipei City","area":"土城區","area_en":"Tucheng Dist","address":"延吉街111巷10號北側","address_en":"No. 10, Ln. 111, Yanji St.(North)","total_quantity":18,"available_bikes":5,"available_spots":13,"yb2_quantity":5,"eyb_quantity":0,"active":true,"latitude":24.98623,"longitude":121.47171,"updated_at":"2026-05-02T14:19:02+08:00"}},{"type":"Feature","geometry":{"type":"Point","coordinates":[121.43935,24.96595]},"properties":{"sno":500206049,"name":"YouBike2.0_大安市民活動中心","name_en":"YouBike2.0_Da'an Civic Activity Center","city":"新北市","city_en":"New Taipei City","area":"土城區","area_en":"Tucheng Dist","address":"忠承路30號","address_en":"No. 30, Zhongcheng Rd.","total_quantity":25,"available_bikes":11,"available_spots":14,"yb2_quantity":10,"eyb_quantity":1,"active":true,"latitude":24.96595,"longitude":121.43935,"updated_at":"2026-05-02T14:32:02+08:00"}},{"type":"Feature","geometry":{"type":"Point","coordinates":[121.43808,24.96875]},"properties":{"sno":500206050,"name":"YouBike2.0_中央中華路口(金城)","name_en":"YouBike2.0_Zhongyang Zhonghua Rd. Intersection(Jincheng)","city":"新北市","city_en":"New Taipei City","area":"土城區","area_en":"Tucheng Dist","address":"中央路三段38號","address_en":"No. 38, Sec. 3, Zhongyang Rd.","total_quantity":16,"available_bikes":12,"available_spots":4,"yb2_quantity":11,"eyb_quantity":1,"active":true,"latitude":24.96875,"longitude":121.43808,"updated_at":"2026-05-02T14:25:03+08:00"}},{"type":"Feature","geometry":{"type":"Point","coordinates":[121.44149,24.97267]},"properties":{"sno":500206051,"name":"YouBike2.0_土城國小(興城路)","name_en":"YouBike2.0_Tucheng Elementary School(Xingcheng Rd.)","city":"新北市","city_en":"New Taipei City","area":"土城區","area_en":"Tucheng Dist","address":"慶安街45巷11號東側","address_en":"No. 11, Ln. 45, Qing'an St.(East)","total_quantity":17,"available_bikes":2,"available_spots":15,"yb2_quantity":2,"eyb_quantity":0,"active":true,"latitude":24.97267,"longitude":121.44149,"updated_at":"2026-05-02T14:04:03+08:00"}},{"type":"Feature","geometry":{"type":"Point","coordinates":[121.4515,24.98112]},"properties":{"sno":500206053,"name":"YouBike2.0_新北高工(明德路)","name_en":"YouBike2.0_New Taipei Industrial Vocational High School(Mingde Rd.)","city":"新北市","city_en":"New Taipei City","area":"土城區","area_en":"Tucheng Dist","address":"明德路二段73號北側","address_en":"No. 73, Sec. 2, Mingde Rd.(North)","total_quantity":18,"available_bikes":1,"available_spots":17,"yb2_quantity":1,"eyb_quantity":0,"active":true,"latitude":24.98112,"longitude":121.4515,"updated_at":"2026-05-02T14:10:03+08:00"}},{"type":"Feature","geometry":{"type":"Point","coordinates":[121.45506,24.98713]},"properties":{"sno":500206054,"name":"YouBike2.0_廣福國小","name_en":"YouBike2.0_Guangfu Elementary School","city":"新北市","city_en":"New Taipei City","area":"土城區","area_en":"Tucheng Dist","address":"學府路一段144巷2號南側","address_en":"No. 2, Ln. 144, Sec. 1, Xuefu Rd.(South)","total_quantity":20,"available_bikes":0,"available_spots":20,"yb2_quantity":0,"eyb_quantity":0,"active":true,"latitude":24.98713,"longitude":121.45506,"updated_at":"2026-05-02T14:39:18+08:00"}},{"type":"Feature","geometry":{"type":"Point","coordinates":[121.44948,24.9886]},"properties":{"sno":500206055,"name":"YouBike2.0_裕民路55巷","name_en":"YouBike2.0_Ln. 55, Yumin Rd.","city":"新北市","city_en":"New Taipei City","area":"土城區","area_en":"Tucheng Dist","address":"裕民路55巷16號(對側)","address_en":"No. 16, Ln. 55, Yumin Rd. (Opposite)","total_quantity":17,"available_bikes":8,"available_spots":9,"yb2_quantity":8,"eyb_quantity":0,"active":true,"latitude":24.9886,"longitude":121.44948,"updated_at":"2026-05-02T14:38:04+08:00"}},{"type":"Feature","geometry":{"type":"Point","coordinates":[121.44687,24.9846]},"properties":{"sno":500206056,"name":"YouBike2.0_裕生停車場","name_en":"YouBike2.0_Yusheng Parking Lot","city":"新北市","city_en":"New Taipei City","area":"土城區","area_en":"Tucheng Dist","address":"裕生路106號","address_en":"No. 106, Yusheng Rd.","total_quantity":15,"available_bikes":1,"available_spots":14,"yb2_quantity":1,"eyb_quantity":0,"active":true,"latitude":24.9846,"longitude":121.44687,"updated_at":"2026-05-02T14:38:21+08:00"}},{"type":"Feature","geometry":{"type":"Point","coordinates":[121.42329,24.96222]},"properties":{"sno":500206057,"name":"YouBike2.0_中央路四段33號北側","name_en":"YouBike2.0_No. 33, Sec. 4, Zhongyang Rd.(North)","city":"新北市","city_en":"New Taipei City","area":"土城區","area_en":"Tucheng Dist","address":"中央路四段33號北側","address_en":"No. 33, Sec. 4, Zhongyang Rd.(North)","total_quantity":15,"available_bikes":8,"available_spots":6,"yb2_quantity":7,"eyb_quantity":1,"active":true,"latitude":24.96222,"longitude":121.42329,"updated_at":"2026-05-02T13:40:04+08:00"}},{"type":"Feature","geometry":{"type":"Point","coordinates":[121.45129,24.96847]},"properties":{"sno":500206058,"name":"YouBike2.0_和平路105號","name_en":"YouBike2.0_No. 105, Heping Rd.","city":"新北市","city_en":"New Taipei City","area":"土城區","area_en":"Tucheng Dist","address":"和平路105號(前)","address_en":"No. 105, Heping Rd.","total_quantity":10,"available_bikes":5,"available_spots":5,"yb2_quantity":2,"eyb_quantity":3,"active":true,"latitude":24.96847,"longitude":121.45129,"updated_at":"2026-05-02T09:41:03+08:00"}},{"type":"Feature","geometry":{"type":"Point","coordinates":[121.46609,24.98635]},"properties":{"sno":500206059,"name":"YouBike2.0_金城路三段52巷","name_en":"YouBike2.0_Ln. 52, Sec. 3, Jincheng Rd.","city":"新北市","city_en":"New Taipei City","area":"土城區","area_en":"Tucheng Dist","address":"金城路三段52巷8號(前)","address_en":"No. 8, Ln. 52, Sec. 3, Jincheng Rd.","total_quantity":16,"available_bikes":2,"available_spots":14,"yb2_quantity":1,"eyb_quantity":1,"active":true,"latitude":24.98635,"longitude":121.46609,"updated_at":"2026-05-02T14:32:02+08:00"}},{"type":"Feature","geometry":{"type":"Point","coordinates":[121.47236,24.98795]},"properties":{"sno":500206060,"name":"YouBike2.0_延吉街47巷口","name_en":"YouBike2.0_Ln. 291, Yanji St. Intersection","city":"新北市","city_en":"New Taipei City","area":"土城區","area_en":"Tucheng Dist","address":"延吉街49號(對面)","address_en":"No. 49, Yanji St.(Opposite)","total_quantity":10,"available_bikes":2,"available_spots":8,"yb2_quantity":2,"eyb_quantity":0,"active":true,"latitude":24.98795,"longitude":121.47236,"updated_at":"2026-05-02T14:17:02+08:00"}},{"type":"Feature","geometry":{"type":"Point","coordinates":[121.44639,24.98716]},"properties":{"sno":500206061,"name":"YouBike2.0_莒光四村停車場","name_en":"YouBike2.0_Juguang 4th Village Parking Lot","city":"新北市","city_en":"New Taipei City","area":"土城區","area_en":"Tucheng Dist","address":"中央路一段189巷1弄4號","address_en":"No. 4, Aly. 1, Ln. 189, Sec. 1, Zhongyang Rd.","total_quantity":12,"available_bikes":1,"available_spots":11,"yb2_quantity":1,"eyb_quantity":0,"active":true,"latitude":24.98716,"longitude":121.44639,"updated_at":"2026-05-02T13:56:03+08:00"}},{"type":"Feature","geometry":{"type":"Point","coordinates":[121.42679,24.96314]},"properties":{"sno":500206062,"name":"YouBike2.0_中央路三段281巷","name_en":"YouBike2.0_Ln. 281, Sec. 3, Zhongyang Rd.","city":"新北市","city_en":"New Taipei City","area":"土城區","area_en":"Tucheng Dist","address":"中央路三段281巷5號(對面)","address_en":"No. 5, Ln. 281, Sec. 3, Zhongyang Rd.","total_quantity":24,"available_bikes":0,"available_spots":22,"yb2_quantity":0,"eyb_quantity":0,"active":true,"latitude":24.96314,"longitude":121.42679,"updated_at":"2026-05-02T14:09:17+08:00"}},{"type":"Feature","geometry":{"type":"Point","coordinates":[121.43688,24.96711]},"properties":{"sno":500206063,"name":"YouBike2.0_捷運永寧站(3號出口)","name_en":"YouBike2.0_MRT Yungning Sta.(EXIT 3)","city":"新北市","city_en":"New Taipei City","area":"土城區","area_en":"Tucheng Dist","address":"中央路三段99號(旁)","address_en":"No. 99, Sec. 3, Zhongyang Rd.","total_quantity":23,"available_bikes":11,"available_spots":12,"yb2_quantity":11,"eyb_quantity":0,"active":true,"latitude":24.96711,"longitude":121.43688,"updated_at":"2026-05-02T14:34:03+08:00"}},{"type":"Feature","geometry":{"type":"Point","coordinates":[121.43677,24.96744]},"properties":{"sno":500206064,"name":"YouBike2.0_捷運永寧站(4號出口)","name_en":"YouBike2.0_MRT Yungning Sta.(EXIT 4)","city":"新北市","city_en":"New Taipei City","area":"土城區","area_en":"Tucheng Dist","address":"中央路三段62號(前)","address_en":"No. 62, Sec. 3, Zhongyang Rd.","total_quantity":12,"available_bikes":7,"available_spots":5,"yb2_quantity":5,"eyb_quantity":2,"active":true,"latitude":24.96744,"longitude":121.43677,"updated_at":"2026-05-02T14:38:04+08:00"}},{"type":"Feature","geometry":{"type":"Point","coordinates":[121.44418,24.97314]},"properties":{"sno":500206065,"name":"YouBike2.0_捷運土城站(1號出口)","name_en":"YouBike2.0_MRT Tucheng Sta.(Exit 1)","city":"新北市","city_en":"New Taipei City","area":"土城區","area_en":"Tucheng Dist","address":"金城路一段78號(對面)","address_en":"No. 357, Sec. 2, Ganyuan St.(Opposite)","total_quantity":10,"available_bikes":9,"available_spots":1,"yb2_quantity":7,"eyb_quantity":2,"active":true,"latitude":24.97314,"longitude":121.44418,"updated_at":"2026-05-02T14:37:02+08:00"}},{"type":"Feature","geometry":{"type":"Point","coordinates":[121.45915,24.97193]},"properties":{"sno":500206066,"name":"YouBike2.0_青雲路434巷口","name_en":"YouBike2.0_Ln. 434, Qingyun Rd. Intersection","city":"新北市","city_en":"New Taipei City","area":"土城區","area_en":"Tucheng Dist","address":"青雲路571號(旁)","address_en":"No. 571, Qingyun Rd.","total_quantity":18,"available_bikes":2,"available_spots":16,"yb2_quantity":2,"eyb_quantity":0,"active":true,"latitude":24.97193,"longitude":121.45915,"updated_at":"2026-05-02T14:38:04+08:00"}},{"type":"Feature","geometry":{"type":"Point","coordinates":[121.44162,24.97616]},"properties":{"sno":500206067,"name":"YouBike2.0_中央路二段180巷","name_en":"YouBike2.0_Ln. 180, Sec. 2, Zhongyang Rd.","city":"新北市","city_en":"New Taipei City","area":"土城區","area_en":"Tucheng Dist","address":"中央路二段180巷1號(旁)","address_en":"No. 1, Ln. 180, Sec. 2, Zhongyang Rd.","total_quantity":15,"available_bikes":1,"available_spots":13,"yb2_quantity":1,"eyb_quantity":0,"active":true,"latitude":24.97616,"longitude":121.44162,"updated_at":"2026-05-02T14:39:02+08:00"}},{"type":"Feature","geometry":{"type":"Point","coordinates":[121.44283,24.98402]},"properties":{"sno":500206068,"name":"YouBike2.0_日和中華路口","name_en":"YouBike2.0_Rihe & Chunghwa Rd. Intersection","city":"新北市","city_en":"New Taipei City","area":"土城區","area_en":"Tucheng Dist","address":"日和街31號對面","address_en":"No. 31, Rihe St.(Opposite)","total_quantity":21,"available_bikes":5,"available_spots":16,"yb2_quantity":5,"eyb_quantity":0,"active":true,"latitude":24.98402,"longitude":121.44283,"updated_at":"2026-05-02T14:39:02+08:00"}},{"type":"Feature","geometry":{"type":"Point","coordinates":[121.44437,24.97681]},"properties":{"sno":500206069,"name":"YouBike2.0_員林平面停車場","name_en":"YouBike2.0_Yuanlin Parking Lot","city":"新北市","city_en":"New Taipei City","area":"土城區","area_en":"Tucheng Dist","address":"員林街76號(旁)","address_en":"No. 76, Yuanlin St.","total_quantity":9,"available_bikes":6,"available_spots":3,"yb2_quantity":6,"eyb_quantity":0,"active":true,"latitude":24.97681,"longitude":121.44437,"updated_at":"2026-05-02T14:30:03+08:00"}},{"type":"Feature","geometry":{"type":"Point","coordinates":[121.45049,24.97991]},"properties":{"sno":500206070,"name":"YouBike2.0_學士龍山二街口(金城舞2社區)","name_en":"YouBike2.0_Xueshi & Longshan 2nd Street Intersection","city":"新北市","city_en":"New Taipei City","area":"土城區","area_en":"Tucheng Dist","address":"學士路100號(對面)","address_en":"No.100, Xueshi Rd.(Opposite)","total_quantity":31,"available_bikes":4,"available_spots":26,"yb2_quantity":3,"eyb_quantity":1,"active":true,"latitude":24.97991,"longitude":121.45049,"updated_at":"2026-05-02T14:31:03+08:00"}},{"type":"Feature","geometry":{"type":"Point","coordinates":[121.44478,24.98276]},"properties":{"sno":500206071,"name":"YouBike2.0_中央公園地下停車場","name_en":"YouBike2.0_Zhongyang Parking Lot","city":"新北市","city_en":"New Taipei City","area":"土城區","area_en":"Tucheng Dist","address":"土城區中央路一段291巷24號(旁)","address_en":"No. 24, Ln. 291, Sec. 1, Zhongyang Rd.","total_quantity":15,"available_bikes":4,"available_spots":11,"yb2_quantity":3,"eyb_quantity":1,"active":true,"latitude":24.98276,"longitude":121.44478,"updated_at":"2026-05-02T14:06:03+08:00"}},{"type":"Feature","geometry":{"type":"Point","coordinates":[121.4454,24.98825]},"properties":{"sno":500206072,"name":"YouBike2.0_中華路一段70巷口","name_en":"YouBike2.0_Ln. 70, Sec. 1, Zhonghua Rd. Intersection","city":"新北市","city_en":"New Taipei City","area":"土城區","area_en":"Tucheng Dist","address":"中華路一段60號(前)","address_en":"No. 60, Sec. 1, Zhonghua Rd","total_quantity":12,"available_bikes":9,"available_spots":3,"yb2_quantity":8,"eyb_quantity":1,"active":true,"latitude":24.98825,"longitude":121.4454,"updated_at":"2026-05-02T14:26:02+08:00"}},{"type":"Feature","geometry":{"type":"Point","coordinates":[121.46415,24.98704]},"properties":{"sno":500206073,"name":"YouBike2.0_延和廣場","name_en":"YouBike2.0_Yenhe Square","city":"新北市","city_en":"New Taipei City","area":"土城區","area_en":"Tucheng Dist","address":"立德路60號(對面)","address_en":"No. 60, Lide Rd.(Opposite)","total_quantity":19,"available_bikes":4,"available_spots":15,"yb2_quantity":3,"eyb_quantity":1,"active":true,"latitude":24.98704,"longitude":121.46415,"updated_at":"2026-05-02T14:38:04+08:00"}},{"type":"Feature","geometry":{"type":"Point","coordinates":[121.46628,24.98403]},"properties":{"sno":500206074,"name":"YouBike2.0_明德平面停車場","name_en":"YouBike2.0_Mingde Parking Lot","city":"新北市","city_en":"New Taipei City","area":"土城區","area_en":"Tucheng Dist","address":"永豐路190號(旁)","address_en":"No. 190, Yongfeng Rd.","total_quantity":10,"available_bikes":0,"available_spots":10,"yb2_quantity":0,"eyb_quantity":0,"active":true,"latitude":24.98403,"longitude":121.46628,"updated_at":"2026-05-02T14:27:17+08:00"}},{"type":"Feature","geometry":{"type":"Point","coordinates":[121.44815,24.98144]},"properties":{"sno":500206075,"name":"YouBike2.0_惜福公園","name_en":"YouBike2.0_Xifu Park","city":"新北市","city_en":"New Taipei City","area":"土城區","area_en":"Tucheng Dist","address":"莊園街151號(旁)","address_en":"No. 151, Zhuangyuan St.","total_quantity":20,"available_bikes":2,"available_spots":18,"yb2_quantity":1,"eyb_quantity":1,"active":true,"latitude":24.98144,"longitude":121.44815,"updated_at":"2026-05-02T14:19:02+08:00"}},{"type":"Feature","geometry":{"type":"Point","coordinates":[121.42122,24.96287]},"properties":{"sno":500206076,"name":"YouBike2.0_中山三民路口(土城工業區)","name_en":"YouBike2.0_Zhongshan & Sanmin Rd. Intersection (Tucheng Industrial Park)","city":"新北市","city_en":"New Taipei City","area":"土城區","area_en":"Tucheng Dist","address":"三民路4號(對面)","address_en":"No.4, Sanmin St. (Opposite)","total_quantity":40,"available_bikes":4,"available_spots":36,"yb2_quantity":4,"eyb_quantity":0,"active":true,"latitude":24.96287,"longitude":121.42122,"updated_at":"2026-05-02T14:28:04+08:00"}},{"type":"Feature","geometry":{"type":"Point","coordinates":[121.44565,24.98205]},"properties":{"sno":500206077,"name":"YouBike2.0_中央公園(莊園街)","name_en":"YouBike2.0_Central Park (Zhuangyuan St.)","city":"新北市","city_en":"New Taipei City","area":"土城區","area_en":"Tucheng Dist","address":"莊園街53號","address_en":"No.53, Zhuangyuan St.","total_quantity":33,"available_bikes":5,"available_spots":28,"yb2_quantity":4,"eyb_quantity":1,"active":true,"latitude":24.98205,"longitude":121.44565,"updated_at":"2026-05-02T14:34:03+08:00"}},{"type":"Feature","geometry":{"type":"Point","coordinates":[121.43617,24.964]},"properties":{"sno":500206078,"name":"YouBike2.0_承天路4巷(MRT社區)","name_en":"YouBike2.0_Ln. 4, Chengtian Rd.","city":"新北市","city_en":"New Taipei City","area":"土城區","area_en":"Tucheng Dist","address":"承天路4巷/永和街(東側)","address_en":"Ln. 4, Chengtian Rd.","total_quantity":40,"available_bikes":12,"available_spots":28,"yb2_quantity":12,"eyb_quantity":0,"active":true,"latitude":24.964,"longitude":121.43617,"updated_at":"2026-05-02T14:23:03+08:00"}},{"type":"Feature","geometry":{"type":"Point","coordinates":[121.46708,24.98728]},"properties":{"sno":500206079,"name":"YouBike2.0_金城路三段156號前","name_en":"YouBike2.0_No. 156, Sec. 3, Jincheng Rd.","city":"新北市","city_en":"New Taipei City","area":"土城區","area_en":"Tucheng Dist","address":"金城路三段156號(前)","address_en":"No. 156, Sec. 3, Jincheng Rd. (Front)","total_quantity":15,"available_bikes":0,"available_spots":15,"yb2_quantity":0,"eyb_quantity":0,"active":true,"latitude":24.98728,"longitude":121.46708,"updated_at":"2026-05-02T13:26:17+08:00"}},{"type":"Feature","geometry":{"type":"Point","coordinates":[121.45077,24.97886]},"properties":{"sno":500206080,"name":"YouBike2.0_金城路二段61巷口(聯邦銀行)","name_en":"YouBike2.0_Ln. 61, Sec. 2, Jincheng Rd. Intersection","city":"新北市","city_en":"New Taipei City","area":"土城區","area_en":"Tucheng Dist","address":"金城路二段61巷口(西側)","address_en":"Ln. 61, Sec. 2, Jincheng Rd. (West)","total_quantity":40,"available_bikes":9,"available_spots":30,"yb2_quantity":9,"eyb_quantity":0,"active":true,"latitude":24.97886,"longitude":121.45077,"updated_at":"2026-05-02T14:21:03+08:00"}},{"type":"Feature","geometry":{"type":"Point","coordinates":[121.44643,24.9905]},"properties":{"sno":500206081,"name":"YouBike2.0_裕華街","name_en":"YouBike2.0_Yuhua St.","city":"新北市","city_en":"New Taipei City","area":"土城區","area_en":"Tucheng Dist","address":"裕華街16-36號(旁)","address_en":"No. 16-36, Yuhua St. (Side)","total_quantity":15,"available_bikes":1,"available_spots":14,"yb2_quantity":1,"eyb_quantity":0,"active":true,"latitude":24.9905,"longitude":121.44643,"updated_at":"2026-05-02T12:28:16+08:00"}},{"type":"Feature","geometry":{"type":"Point","coordinates":[121.44316,24.9719]},"properties":{"sno":500206082,"name":"YouBike2.0_土城區公所","name_en":"YouBike2.0_Tucheng District Office","city":"新北市","city_en":"New Taipei City","area":"土城區","area_en":"Tucheng Dist","address":"金城路一段101號(前)","address_en":"No. 101, Sec. 1, Jincheng Rd. (Front)","total_quantity":28,"available_bikes":13,"available_spots":15,"yb2_quantity":12,"eyb_quantity":1,"active":true,"latitude":24.9719,"longitude":121.44316,"updated_at":"2026-05-02T13:22:02+08:00"}},{"type":"Feature","geometry":{"type":"Point","coordinates":[121.44527,24.9739]},"properties":{"sno":500206083,"name":"YouBike2.0_捷運土城站(3號出口)","name_en":"YouBike2.0_MRT Tucheng Sta.(Exit 3)","city":"新北市","city_en":"New Taipei City","area":"土城區","area_en":"Tucheng Dist","address":"金城路一段90號(旁)","address_en":"No. 90, Sec. 1, Jincheng Rd. (Side)","total_quantity":33,"available_bikes":4,"available_spots":29,"yb2_quantity":4,"eyb_quantity":0,"active":true,"latitude":24.9739,"longitude":121.44527,"updated_at":"2026-05-02T13:56:03+08:00"}},{"type":"Feature","geometry":{"type":"Point","coordinates":[121.46864,24.98814]},"properties":{"sno":500206084,"name":"YouBike2.0_金城峯廷街口","name_en":"YouBike2.0_Jincheng Rd. & Fengting St. Intersection","city":"新北市","city_en":"New Taipei City","area":"土城區","area_en":"Tucheng Dist","address":"金城路三段200-1號(前)","address_en":"No. 200-1, Sec. 3, Jincheng Rd. (Front)","total_quantity":9,"available_bikes":1,"available_spots":8,"yb2_quantity":1,"eyb_quantity":0,"active":true,"latitude":24.98814,"longitude":121.46864,"updated_at":"2026-05-02T14:36:18+08:00"}},{"type":"Feature","geometry":{"type":"Point","coordinates":[121.46709,24.98171]},"properties":{"sno":500206085,"name":"YouBike2.0_永豐路157巷口","name_en":"YouBike2.0_Ln. 157, Yongfeng Rd. Intersection","city":"新北市","city_en":"New Taipei City","area":"土城區","area_en":"Tucheng Dist","address":"永豐路226號(前)","address_en":"No. 226, Yongfeng Rd. (Front)","total_quantity":21,"available_bikes":12,"available_spots":9,"yb2_quantity":10,"eyb_quantity":2,"active":true,"latitude":24.98171,"longitude":121.46709,"updated_at":"2026-05-02T14:31:03+08:00"}},{"type":"Feature","geometry":{"type":"Point","coordinates":[121.44875,24.98457]},"properties":{"sno":500206086,"name":"YouBike2.0_捷運海山站(2號出口)","name_en":"YouBike2.0_MRT Haishan Station (Exit.2)","city":"新北市","city_en":"New Taipei City","area":"土城區","area_en":"Tucheng Dist","address":"捷運海山站(2號出口)(南側)","address_en":"MRT Haishan Station (Exit.2) (South)","total_quantity":99,"available_bikes":66,"available_spots":18,"yb2_quantity":58,"eyb_quantity":8,"active":true,"latitude":24.98457,"longitude":121.44875,"updated_at":"2026-05-02T14:39:02+08:00"}},{"type":"Feature","geometry":{"type":"Point","coordinates":[121.45911,24.97582]},"properties":{"sno":500206087,"name":"YouBike2.0_青雲路411巷口(樂晴市樂郡區社區)","name_en":"YouBike2.0_Ln. 411, QingYun Rd.","city":"新北市","city_en":"New Taipei City","area":"土城區","area_en":"Tucheng Dist","address":"青雲路411巷/青雲路(東北側)","address_en":"Ln. 411, QingYun Rd. (Northeast)","total_quantity":39,"available_bikes":3,"available_spots":36,"yb2_quantity":3,"eyb_quantity":0,"active":true,"latitude":24.97582,"longitude":121.45911,"updated_at":"2026-05-02T14:39:02+08:00"}},{"type":"Feature","geometry":{"type":"Point","coordinates":[121.44534,24.97551]},"properties":{"sno":500206088,"name":"YouBike2.0_學府中正路口(A+社區)","name_en":"YouBike2.0_XueFu Rd. & ZhongZheng Rd. Intersection","city":"新北市","city_en":"New Taipei City","area":"土城區","area_en":"Tucheng Dist","address":"學府路二段/中正路(西南側)","address_en":"Sec. 2, XueFu Rd. & ZhongZheng Rd. (Southwest)","total_quantity":40,"available_bikes":13,"available_spots":27,"yb2_quantity":12,"eyb_quantity":1,"active":true,"latitude":24.97551,"longitude":121.44534,"updated_at":"2026-05-02T14:31:03+08:00"}},{"type":"Feature","geometry":{"type":"Point","coordinates":[121.44792,24.981311]},"properties":{"sno":500206089,"name":"YouBike2.0_莊園街(金城舞5社區)","name_en":"YouBike2.0_ZhuangYuan St.","city":"新北市","city_en":"New Taipei City","area":"土城區","area_en":"Tucheng Dist","address":"莊園街/學府路二段(西北側)","address_en":"ZhuangYuan St. & Sec. 2, XueFu Rd. (Northwest)","total_quantity":40,"available_bikes":8,"available_spots":32,"yb2_quantity":7,"eyb_quantity":1,"active":true,"latitude":24.981311,"longitude":121.44792,"updated_at":"2026-05-02T14:35:03+08:00"}},{"type":"Feature","geometry":{"type":"Point","coordinates":[121.44935,24.98677]},"properties":{"sno":500206090,"name":"YouBike2.0_捷運海山站(3號出口)","name_en":"YouBike2.0_MRT HaiShan Sta.(Exit 3)","city":"新北市","city_en":"New Taipei City","area":"土城區","area_en":"Tucheng Dist","address":"海山路46號(對側)","address_en":"No. 46, HaiShan Rd. (Opposite)","total_quantity":40,"available_bikes":2,"available_spots":23,"yb2_quantity":1,"eyb_quantity":1,"active":true,"latitude":24.98677,"longitude":121.44935,"updated_at":"2026-05-02T14:32:02+08:00"}},{"type":"Feature","geometry":{"type":"Point","coordinates":[121.42894,24.96316]},"properties":{"sno":500206091,"name":"YouBike2.0_土城國中(永安街115巷)","name_en":"YouBike2.0_Tucheng Junior High School (Ln. 115, YongAn St.)","city":"新北市","city_en":"New Taipei City","area":"土城區","area_en":"Tucheng Dist","address":"永安街115巷20號(東側)","address_en":"No. 20, Ln. 115, YongAn St. (East)","total_quantity":39,"available_bikes":11,"available_spots":28,"yb2_quantity":11,"eyb_quantity":0,"active":true,"latitude":24.96316,"longitude":121.42894,"updated_at":"2026-05-02T14:37:02+08:00"}},{"type":"Feature","geometry":{"type":"Point","coordinates":[121.44836,24.97923]},"properties":{"sno":500206094,"name":"YouBike2.0_土城紫藤廊道(學海街)","name_en":"YouBike2.0_Tucheng Wisteria Walkway (XueHai St.)","city":"新北市","city_en":"New Taipei City","area":"土城區","area_en":"Tucheng Dist","address":"學海街160號(旁)","address_en":"No. 160, XueHai St. (Side)","total_quantity":25,"available_bikes":2,"available_spots":23,"yb2_quantity":2,"eyb_quantity":0,"active":true,"latitude":24.97923,"longitude":121.44836,"updated_at":"2026-05-02T14:32:02+08:00"}},{"type":"Feature","geometry":{"type":"Point","coordinates":[121.45754,24.97738]},"properties":{"sno":500206095,"name":"YouBike2.0_明德青和街口","name_en":"YouBike2.0_Sec. 1, MingDe Rd. & QingHe St. Intersection","city":"新北市","city_en":"New Taipei City","area":"土城區","area_en":"Tucheng Dist","address":"明德路一段/青和街口(西南側)","address_en":"Sec. 1, MingDe Rd. & QingHe St. (Southwest)","total_quantity":31,"available_bikes":12,"available_spots":19,"yb2_quantity":12,"eyb_quantity":0,"active":true,"latitude":24.97738,"longitude":121.45754,"updated_at":"2026-05-02T14:35:03+08:00"}},{"type":"Feature","geometry":{"type":"Point","coordinates":[121.4542,24.97872]},"properties":{"sno":500206096,"name":"YouBike2.0_土城綜合球場","name_en":"YouBike2.0_TuCheng Multi-Sport Stadium","city":"新北市","city_en":"New Taipei City","area":"土城區","area_en":"Tucheng Dist","address":"明德路一段365-1號(對側)","address_en":"No. 365-1, Sec. 1, MingDe Rd. (Opposite)","total_quantity":30,"available_bikes":11,"available_spots":19,"yb2_quantity":11,"eyb_quantity":0,"active":true,"latitude":24.97872,"longitude":121.4542,"updated_at":"2026-05-02T14:27:03+08:00"}},{"type":"Feature","geometry":{"type":"Point","coordinates":[121.41425,24.95397]},"properties":{"sno":500206097,"name":"YouBike2.0_頂新公園","name_en":"YouBike2.0_DingXin Park","city":"新北市","city_en":"New Taipei City","area":"土城區","area_en":"Tucheng Dist","address":"頂新街54巷51號","address_en":"No. 51, Ln. 54, DingXin St.","total_quantity":21,"available_bikes":4,"available_spots":17,"yb2_quantity":3,"eyb_quantity":1,"active":true,"latitude":24.95397,"longitude":121.41425,"updated_at":"2026-05-02T14:23:03+08:00"}},{"type":"Feature","geometry":{"type":"Point","coordinates":[121.43742,24.97781]},"properties":{"sno":500206229,"name":"YouBike2.0_新洲擺接堡路口","name_en":"YouBike2.0_XinZhou Rd. & BaiJieBao Rd. Intersection","city":"新北市","city_en":"New Taipei City","area":"土城區","area_en":"Tucheng Dist","address":"城林路6巷55號(北側)","address_en":"No. 55, Ln. 6, ChengLin Rd. (North)","total_quantity":28,"available_bikes":8,"available_spots":20,"yb2_quantity":8,"eyb_quantity":0,"active":true,"latitude":24.97781,"longitude":121.43742,"updated_at":"2026-05-02T13:37:05+08:00"}},{"type":"Feature","geometry":{"type":"Point","coordinates":[121.47468,25.00863]},"properties":{"sno":500207001,"name":"YouBike2.0_民有公園","name_en":"YouBike2.0_Minyou Park","city":"新北市","city_en":"New Taipei City","area":"中和區","area_en":"Zhonghe Dist","address":"中山路3段118-3號(對面)","address_en":"No. 118-3, Sec. 3, Zhongshan Rd. (opposite)","total_quantity":48,"available_bikes":25,"available_spots":23,"yb2_quantity":18,"eyb_quantity":7,"active":true,"latitude":25.00863,"longitude":121.47468,"updated_at":"2026-05-02T14:39:02+08:00"}},{"type":"Feature","geometry":{"type":"Point","coordinates":[121.48906,25.00572]},"properties":{"sno":500207002,"name":"YouBike2.0_台灣科技廣場","name_en":"YouBike2.0_Taiwan Science And Technology Plaza","city":"新北市","city_en":"New Taipei City","area":"中和區","area_en":"Zhonghe Dist","address":"板南路467號(前)","address_en":"No. 467, Bannan Rd.","total_quantity":70,"available_bikes":47,"available_spots":23,"yb2_quantity":43,"eyb_quantity":4,"active":true,"latitude":25.00572,"longitude":121.48906,"updated_at":"2026-05-02T14:35:03+08:00"}},{"type":"Feature","geometry":{"type":"Point","coordinates":[121.50505,25.00244]},"properties":{"sno":500207003,"name":"YouBike2.0_漳和國中","name_en":"YouBike2.0_Zhanghe Junior High School","city":"新北市","city_en":"New Taipei City","area":"中和區","area_en":"Zhonghe Dist","address":"廣福路30號(對面)","address_en":"No. 30, Guangfu Rd.","total_quantity":65,"available_bikes":24,"available_spots":41,"yb2_quantity":23,"eyb_quantity":1,"active":true,"latitude":25.00244,"longitude":121.50505,"updated_at":"2026-05-02T14:36:04+08:00"}},{"type":"Feature","geometry":{"type":"Point","coordinates":[121.50779,25.00467]},"properties":{"sno":500207004,"name":"YouBike2.0_光華橋(保平路)","name_en":"YouBike2.0_Guanghua Bridge (Baoping Rd.)","city":"新北市","city_en":"New Taipei City","area":"中和區","area_en":"Zhonghe Dist","address":"中山路2段3巷58-3號(東側)","address_en":"No. 58, Ln. 3, Sec. 2, Zhongshan Rd.","total_quantity":31,"available_bikes":13,"available_spots":17,"yb2_quantity":11,"eyb_quantity":2,"active":true,"latitude":25.00467,"longitude":121.50779,"updated_at":"2026-05-02T14:36:04+08:00"}},{"type":"Feature","geometry":{"type":"Point","coordinates":[121.50998,24.98942]},"properties":{"sno":500207005,"name":"YouBike2.0_捷運南勢角站(4號出口)","name_en":"YouBike2.0_MRT Nanshijiao Sta.(Exit 4)","city":"新北市","city_en":"New Taipei City","area":"中和區","area_en":"Zhonghe Dist","address":"捷運路3號(對面)","address_en":"No.3, Jieyun Rd., Zhonghe Dist.(opposite)","total_quantity":96,"available_bikes":20,"available_spots":31,"yb2_quantity":17,"eyb_quantity":3,"active":true,"latitude":24.98942,"longitude":121.50998,"updated_at":"2026-05-02T14:38:04+08:00"}},{"type":"Feature","geometry":{"type":"Point","coordinates":[121.49935,24.99299]},"properties":{"sno":500207006,"name":"YouBike2.0_中正路161巷口","name_en":"YouBike2.0_Ln.161,Zhongzheng & Zhongzheng Intersection","city":"新北市","city_en":"New Taipei City","area":"中和區","area_en":"Zhonghe Dist","address":"中正路161巷26弄5號對面(東北側)","address_en":"No.5, Aly. 26, Ln. 161, Zhongzheng Rd.","total_quantity":56,"available_bikes":3,"available_spots":53,"yb2_quantity":3,"eyb_quantity":0,"active":true,"latitude":24.99299,"longitude":121.49935,"updated_at":"2026-05-02T14:33:03+08:00"}},{"type":"Feature","geometry":{"type":"Point","coordinates":[121.50424,24.99228]},"properties":{"sno":500207007,"name":"YouBike2.0_景安板南路口","name_en":"YouBike2.0_Jing’an / Bannan Intersection","city":"新北市","city_en":"New Taipei City","area":"中和區","area_en":"Zhonghe Dist","address":"南山路148號對面(東側)","address_en":"Jing’an Rd./Bannan Rd.","total_quantity":39,"available_bikes":11,"available_spots":28,"yb2_quantity":11,"eyb_quantity":0,"active":true,"latitude":24.99228,"longitude":121.50424,"updated_at":"2026-05-02T14:39:02+08:00"}},{"type":"Feature","geometry":{"type":"Point","coordinates":[121.4786,24.99424]},"properties":{"sno":500207008,"name":"YouBike2.0_新北市立中和高級中學","name_en":"YouBike2.0_New Taipei Municipal Zhonghe Senior High School","city":"新北市","city_en":"New Taipei City","area":"中和區","area_en":"Zhonghe Dist","address":"連城路573-2號對面(西北側)","address_en":"No.573-2, Liancheng Rd.(opposite)","total_quantity":42,"available_bikes":30,"available_spots":12,"yb2_quantity":28,"eyb_quantity":2,"active":true,"latitude":24.99424,"longitude":121.4786,"updated_at":"2026-05-02T14:32:02+08:00"}},{"type":"Feature","geometry":{"type":"Point","coordinates":[121.47529,25.00354]},"properties":{"sno":500207009,"name":"YouBike2.0_民享藝文特區","name_en":"YouBike2.0_Minxiang Art Zone","city":"新北市","city_en":"New Taipei City","area":"中和區","area_en":"Zhonghe Dist","address":"民治街30號對面(南側)","address_en":"No.30, Minzhi St.(oppsite)","total_quantity":50,"available_bikes":14,"available_spots":36,"yb2_quantity":13,"eyb_quantity":1,"active":true,"latitude":25.00354,"longitude":121.47529,"updated_at":"2026-05-02T14:37:02+08:00"}},{"type":"Feature","geometry":{"type":"Point","coordinates":[121.49411,24.99367]},"properties":{"sno":500207010,"name":"YouBike2.0_雙和醫院","name_en":"YouBike2.0_Shuang Ho Hospital","city":"新北市","city_en":"New Taipei City","area":"中和區","area_en":"Zhonghe Dist","address":"中正路281號(公車亭旁)","address_en":"No. 281, Zhongzheng Rd.","total_quantity":37,"available_bikes":11,"available_spots":26,"yb2_quantity":10,"eyb_quantity":1,"active":true,"latitude":24.99367,"longitude":121.49411,"updated_at":"2026-05-02T14:26:02+08:00"}},{"type":"Feature","geometry":{"type":"Point","coordinates":[121.50472,24.99352]},"properties":{"sno":500207011,"name":"YouBike2.0_捷運景安站","name_en":"YouBike2.0_MRT Jingan Station","city":"新北市","city_en":"New Taipei City","area":"中和區","area_en":"Zhonghe Dist","address":"景平路486號(對面)","address_en":"No. 486, Jingping Rd., Zhonghe Dist.(opposite)","total_quantity":96,"available_bikes":74,"available_spots":22,"yb2_quantity":71,"eyb_quantity":3,"active":true,"latitude":24.99352,"longitude":121.50472,"updated_at":"2026-05-02T14:36:04+08:00"}},{"type":"Feature","geometry":{"type":"Point","coordinates":[121.48601,25.01297]},"properties":{"sno":500207012,"name":"YouBike2.0_中原東街(左岸牡丹園)","name_en":"YouBike2.0_Zhongyuan E St. ( Left bank Peony Garden )","city":"新北市","city_en":"New Taipei City","area":"中和區","area_en":"Zhonghe Dist","address":"中原東街/中原二街(東北側人行道)","address_en":"Zhongyuan E St. / Zhongyuan 2nd St. Intersection","total_quantity":51,"available_bikes":18,"available_spots":33,"yb2_quantity":13,"eyb_quantity":5,"active":true,"latitude":25.01297,"longitude":121.48601,"updated_at":"2026-05-02T14:38:04+08:00"}},{"type":"Feature","geometry":{"type":"Point","coordinates":[121.49651,24.99678]},"properties":{"sno":500207013,"name":"YouBike2.0_安邦公園","name_en":"YouBike2.0_Anbang Park","city":"新北市","city_en":"New Taipei City","area":"中和區","area_en":"Zhonghe Dist","address":"安邦街與連勝街口(西北側)","address_en":"Anbang St./Liansheng St.(intersection)","total_quantity":53,"available_bikes":5,"available_spots":48,"yb2_quantity":5,"eyb_quantity":0,"active":true,"latitude":24.99678,"longitude":121.49651,"updated_at":"2026-05-02T14:37:02+08:00"}},{"type":"Feature","geometry":{"type":"Point","coordinates":[121.48758,24.99348]},"properties":{"sno":500207014,"name":"YouBike2.0_中和國民運動中心","name_en":"YouBike2.0_Zhonghe Civil Sports Center","city":"新北市","city_en":"New Taipei City","area":"中和區","area_en":"Zhonghe Dist","address":"和城路一段/中正二橋","address_en":"Sec. 1, Hecheng Rd./ Zhongzheng Second Bridge","total_quantity":64,"available_bikes":15,"available_spots":49,"yb2_quantity":14,"eyb_quantity":1,"active":true,"latitude":24.99348,"longitude":121.48758,"updated_at":"2026-05-02T14:26:02+08:00"}},{"type":"Feature","geometry":{"type":"Point","coordinates":[121.51563,24.99202]},"properties":{"sno":500207015,"name":"YouBike2.0_捷運景平站","name_en":"YouBike2.0_MRT Jingping Sta.","city":"新北市","city_en":"New Taipei City","area":"中和區","area_en":"Zhonghe Dist","address":"景平路127號旁(東側)","address_en":"No.127, Jingping Rd. (East)","total_quantity":51,"available_bikes":27,"available_spots":24,"yb2_quantity":25,"eyb_quantity":2,"active":true,"latitude":24.99202,"longitude":121.51563,"updated_at":"2026-05-02T14:39:02+08:00"}},{"type":"Feature","geometry":{"type":"Point","coordinates":[121.50602,24.99966]},"properties":{"sno":500207016,"name":"YouBike2.0_中和安和路口","name_en":"YouBike2.0_Zhonghe & Anhoe Rd.","city":"新北市","city_en":"New Taipei City","area":"中和區","area_en":"Zhonghe Dist","address":"中和路212號(東側)","address_en":"No. 212, Zhonghe Rd. (East)","total_quantity":44,"available_bikes":15,"available_spots":29,"yb2_quantity":13,"eyb_quantity":2,"active":true,"latitude":24.99966,"longitude":121.50602,"updated_at":"2026-05-02T14:38:04+08:00"}},{"type":"Feature","geometry":{"type":"Point","coordinates":[121.48265,25.00184]},"properties":{"sno":500207017,"name":"YouBike2.0_民樂人行廣場","name_en":"YouBike2.0_Minle Jenhsing Square","city":"新北市","city_en":"New Taipei City","area":"中和區","area_en":"Zhonghe Dist","address":"員山路266巷33號對面(南側)","address_en":"No.33, Ln. 266, Yuanshan Rd.","total_quantity":42,"available_bikes":23,"available_spots":19,"yb2_quantity":22,"eyb_quantity":1,"active":true,"latitude":25.00184,"longitude":121.48265,"updated_at":"2026-05-02T14:35:03+08:00"}},{"type":"Feature","geometry":{"type":"Point","coordinates":[121.49314,24.99665]},"properties":{"sno":500207018,"name":"YouBike2.0_碧河宮","name_en":"YouBike2.0_Bihe Temple","city":"新北市","city_en":"New Taipei City","area":"中和區","area_en":"Zhonghe Dist","address":"中正路368-12號對面人行道(西側)","address_en":"No. 368-12, Zhongshan Rd.","total_quantity":46,"available_bikes":21,"available_spots":25,"yb2_quantity":21,"eyb_quantity":0,"active":true,"latitude":24.99665,"longitude":121.49314,"updated_at":"2026-05-02T14:38:04+08:00"}},{"type":"Feature","geometry":{"type":"Point","coordinates":[121.49125,24.98955]},"properties":{"sno":500207019,"name":"YouBike2.0_圓通錦和路口","name_en":"YouBike2.0_Yuantong & Jinhe Intersection","city":"新北市","city_en":"New Taipei City","area":"中和區","area_en":"Zhonghe Dist","address":"圓通路367巷8號對面路側(東北側)","address_en":"No.8, Ln. 367, Yuantong Rd.","total_quantity":54,"available_bikes":14,"available_spots":40,"yb2_quantity":12,"eyb_quantity":2,"active":true,"latitude":24.98955,"longitude":121.49125,"updated_at":"2026-05-02T14:35:03+08:00"}},{"type":"Feature","geometry":{"type":"Point","coordinates":[121.50195,25.00111]},"properties":{"sno":500207020,"name":"YouBike2.0_福和宮","name_en":"YouBike2.0_Fuhe Temple","city":"新北市","city_en":"New Taipei City","area":"中和區","area_en":"Zhonghe Dist","address":"廣福路112號前路側(南側)","address_en":"No.112, Guangfu Rd.","total_quantity":57,"available_bikes":18,"available_spots":38,"yb2_quantity":18,"eyb_quantity":0,"active":true,"latitude":25.00111,"longitude":121.50195,"updated_at":"2026-05-02T14:38:04+08:00"}},{"type":"Feature","geometry":{"type":"Point","coordinates":[121.50873,24.97996]},"properties":{"sno":500207021,"name":"YouBike2.0_華新街109巷11弄","name_en":"YouBike2.0_Aly. 11, Ln. 109, Huaxin St.","city":"新北市","city_en":"New Taipei City","area":"中和區","area_en":"Zhonghe Dist","address":"華新街109巷11弄(機車格)","address_en":"Aly. 11, Ln. 109, Huaxin St.","total_quantity":53,"available_bikes":10,"available_spots":43,"yb2_quantity":9,"eyb_quantity":1,"active":true,"latitude":24.97996,"longitude":121.50873,"updated_at":"2026-05-02T14:39:02+08:00"}},{"type":"Feature","geometry":{"type":"Point","coordinates":[121.51918,24.99099]},"properties":{"sno":500207022,"name":"YouBike2.0_中和青年社會住宅","name_en":"YouBike2.0_Zhonghe Youth Rental House","city":"新北市","city_en":"New Taipei City","area":"中和區","area_en":"Zhonghe Dist","address":"景德街7號對面公園(東北側)","address_en":"No.7, Ln. 127, Xiufeng St.","total_quantity":57,"available_bikes":12,"available_spots":45,"yb2_quantity":11,"eyb_quantity":1,"active":true,"latitude":24.99099,"longitude":121.51918,"updated_at":"2026-05-02T14:38:04+08:00"}},{"type":"Feature","geometry":{"type":"Point","coordinates":[121.48486,25.00765]},"properties":{"sno":500207023,"name":"YouBike2.0_捷運中原站","name_en":"YouBike2.0_MRT Zhogyuan Station","city":"新北市","city_en":"New Taipei City","area":"中和區","area_en":"Zhonghe Dist","address":"板南路496號對面(西南側)","address_en":"No.496, Bannan Rd.","total_quantity":99,"available_bikes":37,"available_spots":62,"yb2_quantity":37,"eyb_quantity":0,"active":true,"latitude":25.00765,"longitude":121.48486,"updated_at":"2026-05-02T14:37:02+08:00"}},{"type":"Feature","geometry":{"type":"Point","coordinates":[121.49321,25.00774]},"properties":{"sno":500207024,"name":"YouBike2.0_環河西路三段(日安社區)","name_en":"YouBike2.0_Sec. 3, Huanhe W. Rd. (Rian Community)","city":"新北市","city_en":"New Taipei City","area":"中和區","area_en":"Zhonghe Dist","address":"環河西路三段66號(旁)","address_en":"No.66, Sec. 3, Huanhe W. Rd., Zhonghe Dist.","total_quantity":32,"available_bikes":3,"available_spots":28,"yb2_quantity":3,"eyb_quantity":0,"active":true,"latitude":25.00774,"longitude":121.49321,"updated_at":"2026-05-02T14:37:02+08:00"}},{"type":"Feature","geometry":{"type":"Point","coordinates":[121.5024,24.99039]},"properties":{"sno":500207025,"name":"YouBike2.0_中和地政事務所","name_en":"YouBike2.0_Zhonghe Land Office","city":"新北市","city_en":"New Taipei City","area":"中和區","area_en":"Zhonghe Dist","address":"復興路280號","address_en":"No.280, Fuxing Rd.","total_quantity":28,"available_bikes":1,"available_spots":27,"yb2_quantity":1,"eyb_quantity":0,"active":true,"latitude":24.99039,"longitude":121.5024,"updated_at":"2026-05-02T14:38:04+08:00"}},{"type":"Feature","geometry":{"type":"Point","coordinates":[121.479,25.00572]},"properties":{"sno":500207027,"name":"YouBike2.0_元氣大鎮社區","name_en":"YouBike2.0_Uanchi Big Town Commun","city":"新北市","city_en":"New Taipei City","area":"中和區","area_en":"Zhonghe Dist","address":"中和區中山路三段與台新街口","address_en":"Sec. 3, Zhongshan Rd./Taixin St., Zhonghe Dist.","total_quantity":29,"available_bikes":13,"available_spots":16,"yb2_quantity":11,"eyb_quantity":2,"active":true,"latitude":25.00572,"longitude":121.479,"updated_at":"2026-05-02T14:38:04+08:00"}},{"type":"Feature","geometry":{"type":"Point","coordinates":[121.47808,24.99977]},"properties":{"sno":500207028,"name":"YouBike2.0_積穗國中","name_en":"YouBike2.0_Jisui Junior High School","city":"新北市","city_en":"New Taipei City","area":"中和區","area_en":"Zhonghe Dist","address":"民安街71號(對面)","address_en":"No.71, Min’an St., Zhonghe Dist.(opposite)","total_quantity":33,"available_bikes":5,"available_spots":24,"yb2_quantity":4,"eyb_quantity":1,"active":true,"latitude":24.99977,"longitude":121.47808,"updated_at":"2026-05-02T14:34:03+08:00"}},{"type":"Feature","geometry":{"type":"Point","coordinates":[121.50701,24.98539]},"properties":{"sno":500207029,"name":"YouBike2.0_興南路二段34巷口","name_en":"YouBike2.0_Ln. 34, Sec. 2, Xingnan Rd.","city":"新北市","city_en":"New Taipei City","area":"中和區","area_en":"Zhonghe Dist","address":"興南路二段34巷1號(對面)","address_en":"No. 1, Ln. 34, Sec. 2, Xingnan Rd., Zhonghe Dist.(opposite)","total_quantity":32,"available_bikes":2,"available_spots":30,"yb2_quantity":2,"eyb_quantity":0,"active":true,"latitude":24.98539,"longitude":121.50701,"updated_at":"2026-05-02T14:39:02+08:00"}},{"type":"Feature","geometry":{"type":"Point","coordinates":[121.49587,25.00221]},"properties":{"sno":500207030,"name":"YouBike2.0_捷運中和站","name_en":"YouBike2.0_MRT Zhonghe Station","city":"新北市","city_en":"New Taipei City","area":"中和區","area_en":"Zhonghe Dist","address":"中山路2段291號(前)","address_en":"No. 291, Sec. 2, Zhongshan Rd., Zhonghe Dist","total_quantity":36,"available_bikes":17,"available_spots":10,"yb2_quantity":16,"eyb_quantity":1,"active":true,"latitude":25.00221,"longitude":121.49587,"updated_at":"2026-05-02T14:39:02+08:00"}},{"type":"Feature","geometry":{"type":"Point","coordinates":[121.49957,25.00593]},"properties":{"sno":500207031,"name":"YouBike2.0_福祥里(中和溝)","name_en":"YouBike2.0_Fuxiang Village (Zhonghe Ditch)","city":"新北市","city_en":"New Taipei City","area":"中和區","area_en":"Zhonghe Dist","address":"福祥路90巷7弄1號對側空間","address_en":"No.1, Aly. 7, Ln. 90, Fuxiang Rd.(oppsite)","total_quantity":39,"available_bikes":5,"available_spots":34,"yb2_quantity":4,"eyb_quantity":1,"active":true,"latitude":25.00593,"longitude":121.49957,"updated_at":"2026-05-02T14:36:04+08:00"}},{"type":"Feature","geometry":{"type":"Point","coordinates":[121.50053,24.99856]},"properties":{"sno":500207032,"name":"YouBike2.0_中和區公所","name_en":"YouBike2.0_Zhonghe District Office","city":"新北市","city_en":"New Taipei City","area":"中和區","area_en":"Zhonghe Dist","address":"景平路634-2號 ( 中和區公所正門機車格位 )","address_en":"No.634-2, Jingping Rd.","total_quantity":32,"available_bikes":1,"available_spots":31,"yb2_quantity":1,"eyb_quantity":0,"active":true,"latitude":24.99856,"longitude":121.50053,"updated_at":"2026-05-02T14:39:02+08:00"}},{"type":"Feature","geometry":{"type":"Point","coordinates":[121.50483,24.98347]},"properties":{"sno":500207033,"name":"YouBike2.0_飛駝社區(興南路)","name_en":"YouBike2.0_Feito Community(Xingnan Rd.)","city":"新北市","city_en":"New Taipei City","area":"中和區","area_en":"Zhonghe Dist","address":"中和區興南路二段159巷4號(人行道)","address_en":"No.4, Ln. 159, Sec. 2, Xingnan Rd., Zhonghe Dist(sidewalk)","total_quantity":40,"available_bikes":3,"available_spots":36,"yb2_quantity":3,"eyb_quantity":0,"active":true,"latitude":24.98347,"longitude":121.50483,"updated_at":"2026-05-02T14:38:04+08:00"}},{"type":"Feature","geometry":{"type":"Point","coordinates":[121.51351,24.99527]},"properties":{"sno":500207034,"name":"YouBike2.0_安樂宜安路口","name_en":"YouBike2.0_Anle & Yian Rd. Intersection","city":"新北市","city_en":"New Taipei City","area":"中和區","area_en":"Zhonghe Dist","address":"中和區安樂路101之1號","address_en":"No.1, Anle Rd., Zhonghe Dist.","total_quantity":35,"available_bikes":12,"available_spots":23,"yb2_quantity":11,"eyb_quantity":1,"active":true,"latitude":24.99527,"longitude":121.51351,"updated_at":"2026-05-02T14:38:04+08:00"}},{"type":"Feature","geometry":{"type":"Point","coordinates":[121.47422,25.00637]},"properties":{"sno":500207035,"name":"YouBike2.0_中和環球購物中心","name_en":"YouBike2.0_Zhonghe Global Mall","city":"新北市","city_en":"New Taipei City","area":"中和區","area_en":"Zhonghe Dist","address":"中山路三段130號","address_en":"No.130, Sec. 3, Zhongshan Rd.","total_quantity":38,"available_bikes":6,"available_spots":32,"yb2_quantity":1,"eyb_quantity":5,"active":true,"latitude":25.00637,"longitude":121.47422,"updated_at":"2026-05-02T14:35:03+08:00"}},{"type":"Feature","geometry":{"type":"Point","coordinates":[121.46753,24.99548]},"properties":{"sno":500207036,"name":"YouBike2.0_華福市民活動中心","name_en":"YouBike2.0_Huafu Civil Activity Center","city":"新北市","city_en":"New Taipei City","area":"中和區","area_en":"Zhonghe Dist","address":"民德路296號對面停車格位","address_en":"No.296, Minde Rd. (opposite)","total_quantity":36,"available_bikes":1,"available_spots":35,"yb2_quantity":1,"eyb_quantity":0,"active":true,"latitude":24.99548,"longitude":121.46753,"updated_at":"2026-05-02T14:38:21+08:00"}},{"type":"Feature","geometry":{"type":"Point","coordinates":[121.49303,24.98899]},"properties":{"sno":500207037,"name":"YouBike2.0_圓通路335巷33弄","name_en":"YouBike2.0_Aly. 33, Ln. 335, Yuantong Rd.","city":"新北市","city_en":"New Taipei City","area":"中和區","area_en":"Zhonghe Dist","address":"圓通路335巷33弄15號(西側)","address_en":"No.15, Aly. 33, Ln. 335, Yuantong Rd., Zhonghe Dist.","total_quantity":26,"available_bikes":8,"available_spots":18,"yb2_quantity":6,"eyb_quantity":2,"active":true,"latitude":24.98899,"longitude":121.49303,"updated_at":"2026-05-02T14:31:03+08:00"}},{"type":"Feature","geometry":{"type":"Point","coordinates":[121.50014,25.00653]},"properties":{"sno":500207038,"name":"YouBike2.0_山北公園","name_en":"YouBike2.0_Shanbei Park","city":"新北市","city_en":"New Taipei City","area":"中和區","area_en":"Zhonghe Dist","address":"莊敬路33巷36弄2號(對面)","address_en":"No.2, Aly. 36, Ln. 33, Zhuangjing Rd., Zhonghe Dist.(opposite)","total_quantity":32,"available_bikes":0,"available_spots":32,"yb2_quantity":0,"eyb_quantity":0,"active":true,"latitude":25.00653,"longitude":121.50014,"updated_at":"2026-05-02T14:37:17+08:00"}},{"type":"Feature","geometry":{"type":"Point","coordinates":[121.48808,25.00983]},"properties":{"sno":500207039,"name":"YouBike2.0_遠雄左岸","name_en":"YouBike2.0_Yuanxiong Left Bank","city":"新北市","city_en":"New Taipei City","area":"中和區","area_en":"Zhonghe Dist","address":"中原街90號旁人行道(西側)","address_en":"No.90, Zhongyuan St., Zhonghe Dist.(West)","total_quantity":50,"available_bikes":21,"available_spots":29,"yb2_quantity":19,"eyb_quantity":2,"active":true,"latitude":25.00983,"longitude":121.48808,"updated_at":"2026-05-02T14:39:02+08:00"}},{"type":"Feature","geometry":{"type":"Point","coordinates":[121.49439,25.00402]},"properties":{"sno":500207040,"name":"YouBike2.0_瓦磘溝(福真里)","name_en":"YouBike2.0_Wayao Ditch (Fuzhen Village)","city":"新北市","city_en":"New Taipei City","area":"中和區","area_en":"Zhonghe Dist","address":"中山路二段312巷33弄27號旁公園(西側)","address_en":"No.27, Aly. 33, Ln. 312, Sec. 2, Zhongshan Rd., Zhonghe Dist.","total_quantity":41,"available_bikes":16,"available_spots":25,"yb2_quantity":16,"eyb_quantity":0,"active":true,"latitude":25.00402,"longitude":121.49439,"updated_at":"2026-05-02T14:28:04+08:00"}},{"type":"Feature","geometry":{"type":"Point","coordinates":[121.5032,25.00694]},"properties":{"sno":500207041,"name":"YouBike2.0_佳和公園","name_en":"YouBike2.0_Chiahe Park","city":"新北市","city_en":"New Taipei City","area":"中和區","area_en":"Zhonghe Dist","address":"中山路二段2巷25號對面(北側)","address_en":"No.25, Ln. 2, Sec. 2, Zhongshan Rd., Zhonghe Dist (North)","total_quantity":27,"available_bikes":0,"available_spots":27,"yb2_quantity":0,"eyb_quantity":0,"active":true,"latitude":25.00694,"longitude":121.5032,"updated_at":"2026-05-02T14:39:18+08:00"}},{"type":"Feature","geometry":{"type":"Point","coordinates":[121.52496,24.99045]},"properties":{"sno":500207042,"name":"YouBike2.0_捷運秀朗橋站","name_en":"YouBike2.0_MRT Xiulang Bridge Station","city":"新北市","city_en":"New Taipei City","area":"中和區","area_en":"Zhonghe Dist","address":"景平路2號(南側)","address_en":"No. 2, Jingping Rd., Zhonghe Dist.","total_quantity":77,"available_bikes":11,"available_spots":66,"yb2_quantity":11,"eyb_quantity":0,"active":true,"latitude":24.99045,"longitude":121.52496,"updated_at":"2026-05-02T14:39:02+08:00"}},{"type":"Feature","geometry":{"type":"Point","coordinates":[121.51435,25.00073]},"properties":{"sno":500207044,"name":"YouBike2.0_中和公園","name_en":"YouBike2.0_Zhonghe Park","city":"新北市","city_en":"New Taipei City","area":"中和區","area_en":"Zhonghe Dist","address":"安樂路148號對面(西北側)","address_en":"No.148, Anle Rd.(Opposite)","total_quantity":57,"available_bikes":30,"available_spots":27,"yb2_quantity":29,"eyb_quantity":1,"active":true,"latitude":25.00073,"longitude":121.51435,"updated_at":"2026-05-02T14:35:03+08:00"}},{"type":"Feature","geometry":{"type":"Point","coordinates":[121.52655,24.9956]},"properties":{"sno":500207045,"name":"YouBike2.0_秀朗成功路口","name_en":"YouBike2.0_Xiulang & Chenggong Intersection","city":"新北市","city_en":"New Taipei City","area":"中和區","area_en":"Zhonghe Dist","address":"成功路二段215號(西側)","address_en":"No.215, Sec. 2, Chenggong Rd.(West)","total_quantity":51,"available_bikes":3,"available_spots":47,"yb2_quantity":3,"eyb_quantity":0,"active":true,"latitude":24.9956,"longitude":121.52655,"updated_at":"2026-05-02T14:39:02+08:00"}},{"type":"Feature","geometry":{"type":"Point","coordinates":[121.51111,25.00049]},"properties":{"sno":500207046,"name":"YouBike2.0_捷運永安市場站","name_en":"YouBike2.0_MRT Yongan Market Sta.","city":"新北市","city_en":"New Taipei City","area":"中和區","area_en":"Zhonghe Dist","address":"中安街126號對面人行道(東側)","address_en":"No.126, Zhong’an St.(East)","total_quantity":99,"available_bikes":78,"available_spots":21,"yb2_quantity":75,"eyb_quantity":3,"active":true,"latitude":25.00049,"longitude":121.51111,"updated_at":"2026-05-02T14:38:04+08:00"}},{"type":"Feature","geometry":{"type":"Point","coordinates":[121.46809,25.00314]},"properties":{"sno":500207047,"name":"YouBike2.0_德光國光街口","name_en":"YouBike2.0_Tekuang & Kuokuang Intersection","city":"新北市","city_en":"New Taipei City","area":"中和區","area_en":"Zhonghe Dist","address":"中和區德光國光街口(巷子路側)","address_en":"Deguang Rd., Zhonghe Dist./Guoguang St.","total_quantity":39,"available_bikes":3,"available_spots":36,"yb2_quantity":2,"eyb_quantity":1,"active":true,"latitude":25.00314,"longitude":121.46809,"updated_at":"2026-05-02T14:37:02+08:00"}},{"type":"Feature","geometry":{"type":"Point","coordinates":[121.49076,24.99351]},"properties":{"sno":500207048,"name":"YouBike2.0_錦和高中","name_en":"YouBike2.0_Jinghe Senior High School","city":"新北市","city_en":"New Taipei City","area":"中和區","area_en":"Zhonghe Dist","address":"錦和路/和城路口(東南角)","address_en":"Jinhe & Hecheng Intersection","total_quantity":28,"available_bikes":4,"available_spots":24,"yb2_quantity":4,"eyb_quantity":0,"active":true,"latitude":24.99351,"longitude":121.49076,"updated_at":"2026-05-02T14:34:03+08:00"}},{"type":"Feature","geometry":{"type":"Point","coordinates":[121.46836,24.99909]},"properties":{"sno":500207049,"name":"YouBike2.0_民德立體停車場","name_en":"YouBike2.0_Minde Parking Lot","city":"新北市","city_en":"New Taipei City","area":"中和區","area_en":"Zhonghe Dist","address":"民德路188號","address_en":"No.188, Minde Rd.","total_quantity":32,"available_bikes":5,"available_spots":27,"yb2_quantity":4,"eyb_quantity":1,"active":true,"latitude":24.99909,"longitude":121.46836,"updated_at":"2026-05-02T14:38:04+08:00"}},{"type":"Feature","geometry":{"type":"Point","coordinates":[121.5148,24.98893]},"properties":{"sno":500207050,"name":"YouBike2.0_景新國小","name_en":"YouBike2.0_Jingxin Elementary School","city":"新北市","city_en":"New Taipei City","area":"中和區","area_en":"Zhonghe Dist","address":"景新街467巷33號(對面)","address_en":"No. 33, Lane 467, Jingxin St.(Front)","total_quantity":14,"available_bikes":2,"available_spots":12,"yb2_quantity":2,"eyb_quantity":0,"active":true,"latitude":24.98893,"longitude":121.5148,"updated_at":"2026-05-02T14:36:04+08:00"}},{"type":"Feature","geometry":{"type":"Point","coordinates":[121.50431,24.99706]},"properties":{"sno":500207051,"name":"YouBike2.0_南華路56巷","name_en":"YouBike2.0_Lane 56, Nanhua Rd","city":"新北市","city_en":"New Taipei City","area":"中和區","area_en":"Zhonghe Dist","address":"南華路57號(對面)","address_en":"No. 57, Nanhua Rd. (Opposite)","total_quantity":16,"available_bikes":8,"available_spots":8,"yb2_quantity":8,"eyb_quantity":0,"active":true,"latitude":24.99706,"longitude":121.50431,"updated_at":"2026-05-02T14:37:02+08:00"}},{"type":"Feature","geometry":{"type":"Point","coordinates":[121.47238,24.99886]},"properties":{"sno":500207052,"name":"YouBike2.0_中和自強公園","name_en":"YouBike2.0_Neutralize Ziqiang Park","city":"新北市","city_en":"New Taipei City","area":"中和區","area_en":"Zhonghe Dist","address":"莒光路181號對側公園人行道(西側)","address_en":"No.181, Juguang Rd. (opposite park West)","total_quantity":39,"available_bikes":12,"available_spots":27,"yb2_quantity":10,"eyb_quantity":2,"active":true,"latitude":24.99886,"longitude":121.47238,"updated_at":"2026-05-02T14:36:04+08:00"}},{"type":"Feature","geometry":{"type":"Point","coordinates":[121.4987,24.9798]},"properties":{"sno":500207053,"name":"YouBike2.0_烘爐地山下籃球場","name_en":"YouBike2.0_Oven ground Under the mountain Basketball court","city":"新北市","city_en":"New Taipei City","area":"中和區","area_en":"Zhonghe Dist","address":"興南路二段/興南路二段399巷口(東南側)","address_en":"Sec 2 Xingnan Rd. & Ln. 399, Sec 2 Xingnan Rd.(Southeast)","total_quantity":14,"available_bikes":0,"available_spots":14,"yb2_quantity":0,"eyb_quantity":0,"active":true,"latitude":24.9798,"longitude":121.4987,"updated_at":"2026-05-02T14:25:17+08:00"}},{"type":"Feature","geometry":{"type":"Point","coordinates":[121.52192,24.99612]},"properties":{"sno":500207054,"name":"YouBike2.0_秀山國小","name_en":"YouBike2.0_Xiushan Elementary School","city":"新北市","city_en":"New Taipei City","area":"中和區","area_en":"Zhonghe Dist","address":"更生街19號對面(南側)","address_en":"Gengsheng St./Zili Rd.","total_quantity":70,"available_bikes":3,"available_spots":66,"yb2_quantity":3,"eyb_quantity":0,"active":true,"latitude":24.99612,"longitude":121.52192,"updated_at":"2026-05-02T14:39:02+08:00"}},{"type":"Feature","geometry":{"type":"Point","coordinates":[121.50765,24.98067]},"properties":{"sno":500207055,"name":"YouBike2.0_華夏科技大學","name_en":"YouBike2.0_Hwa Hsia University of Technology","city":"新北市","city_en":"New Taipei City","area":"中和區","area_en":"Zhonghe Dist","address":"工專路32號對面人行道(東側)","address_en":"No.111, Gongzhuan Rd.","total_quantity":58,"available_bikes":0,"available_spots":58,"yb2_quantity":0,"eyb_quantity":0,"active":true,"latitude":24.98067,"longitude":121.50765,"updated_at":"2026-05-02T14:39:18+08:00"}},{"type":"Feature","geometry":{"type":"Point","coordinates":[121.49711,24.9945]},"properties":{"sno":500207057,"name":"YouBike2.0_圓通綠廊","name_en":"YouBike2.0_Yuantong Green Way","city":"新北市","city_en":"New Taipei City","area":"中和區","area_en":"Zhonghe Dist","address":"圓通路176號東側","address_en":"No. 176, Yuantong Rd.(East)","total_quantity":13,"available_bikes":7,"available_spots":6,"yb2_quantity":6,"eyb_quantity":1,"active":true,"latitude":24.9945,"longitude":121.49711,"updated_at":"2026-05-02T14:31:03+08:00"}},{"type":"Feature","geometry":{"type":"Point","coordinates":[121.48582,25.00754]},"properties":{"sno":500207058,"name":"YouBike2.0_板南路492號","name_en":"YouBike2.0_No. 492, Bannan Rd.","city":"新北市","city_en":"New Taipei City","area":"中和區","area_en":"Zhonghe Dist","address":"板南路492號","address_en":"No. 492, Bannan Rd.","total_quantity":29,"available_bikes":20,"available_spots":9,"yb2_quantity":20,"eyb_quantity":0,"active":true,"latitude":25.00754,"longitude":121.48582,"updated_at":"2026-05-02T13:22:02+08:00"}},{"type":"Feature","geometry":{"type":"Point","coordinates":[121.46536,24.99548]},"properties":{"sno":500207059,"name":"YouBike2.0_壽德新村","name_en":"YouBike2.0_Shoude New Village","city":"新北市","city_en":"New Taipei City","area":"中和區","area_en":"Zhonghe Dist","address":"壽德街12號(前)","address_en":"No. 12, Shoude St.","total_quantity":18,"available_bikes":4,"available_spots":14,"yb2_quantity":3,"eyb_quantity":1,"active":true,"latitude":24.99548,"longitude":121.46536,"updated_at":"2026-05-02T14:34:03+08:00"}},{"type":"Feature","geometry":{"type":"Point","coordinates":[121.49373,24.99092]},"properties":{"sno":500207060,"name":"YouBike2.0_雙和醫院(圓通路252巷口)","name_en":"YouBike2.0_Shuang ho Hospital(Ln. 252, Yuantong Rd. Intersection)","city":"新北市","city_en":"New Taipei City","area":"中和區","area_en":"Zhonghe Dist","address":"圓通路252-3號南側","address_en":"No. 252-3, Yuantong Rd.(South)","total_quantity":36,"available_bikes":8,"available_spots":28,"yb2_quantity":6,"eyb_quantity":2,"active":true,"latitude":24.99092,"longitude":121.49373,"updated_at":"2026-05-02T14:37:02+08:00"}},{"type":"Feature","geometry":{"type":"Point","coordinates":[121.50936,24.99474]},"properties":{"sno":500207061,"name":"YouBike2.0_安平橋","name_en":"YouBike2.0_Anping bridge","city":"新北市","city_en":"New Taipei City","area":"中和區","area_en":"Zhonghe Dist","address":"安和路47號(對面)","address_en":"No. 47, An'he Rd.(Opposite)","total_quantity":27,"available_bikes":0,"available_spots":27,"yb2_quantity":0,"eyb_quantity":0,"active":true,"latitude":24.99474,"longitude":121.50936,"updated_at":"2026-05-02T14:39:18+08:00"}},{"type":"Feature","geometry":{"type":"Point","coordinates":[121.51326,24.98933]},"properties":{"sno":500207062,"name":"YouBike2.0_景本里集會所","name_en":"YouBike2.0_Jingben Village Activity Center","city":"新北市","city_en":"New Taipei City","area":"中和區","area_en":"Zhonghe Dist","address":"景新街423巷4號北側","address_en":"No. 4, Ln. 423, Jingxin St.(North)","total_quantity":15,"available_bikes":5,"available_spots":10,"yb2_quantity":5,"eyb_quantity":0,"active":true,"latitude":24.98933,"longitude":121.51326,"updated_at":"2026-05-02T14:38:04+08:00"}},{"type":"Feature","geometry":{"type":"Point","coordinates":[121.52327,24.99592]},"properties":{"sno":500207063,"name":"YouBike2.0_秀山公園(北側)","name_en":"YouBike2.0_Xiushan Park(North)","city":"新北市","city_en":"New Taipei City","area":"中和區","area_en":"Zhonghe Dist","address":"自立路15巷27號","address_en":"No. 27, Ln. 15, Zili Rd.","total_quantity":14,"available_bikes":2,"available_spots":12,"yb2_quantity":1,"eyb_quantity":1,"active":true,"latitude":24.99592,"longitude":121.52327,"updated_at":"2026-05-02T14:37:02+08:00"}},{"type":"Feature","geometry":{"type":"Point","coordinates":[121.46529,24.99728]},"properties":{"sno":500207064,"name":"YouBike2.0_華福公園","name_en":"YouBike2.0_Huafu Park","city":"新北市","city_en":"New Taipei City","area":"中和區","area_en":"Zhonghe Dist","address":"華順街109號西側","address_en":"No. 109, Huashun St.(West)","total_quantity":16,"available_bikes":0,"available_spots":16,"yb2_quantity":0,"eyb_quantity":0,"active":true,"latitude":24.99728,"longitude":121.46529,"updated_at":"2026-05-02T14:39:18+08:00"}},{"type":"Feature","geometry":{"type":"Point","coordinates":[121.51498,25.00218]},"properties":{"sno":500207065,"name":"YouBike2.0_中和公園(秀安街口)","name_en":"YouBike2.0_Zhonghe Park(Xiu'an St. Intersection)","city":"新北市","city_en":"New Taipei City","area":"中和區","area_en":"Zhonghe Dist","address":"安樂路226號西側","address_en":"No. 226, Anle Rd.(West)","total_quantity":15,"available_bikes":10,"available_spots":5,"yb2_quantity":10,"eyb_quantity":0,"active":true,"latitude":25.00218,"longitude":121.51498,"updated_at":"2026-05-02T14:29:02+08:00"}},{"type":"Feature","geometry":{"type":"Point","coordinates":[121.50683,24.99149]},"properties":{"sno":500207066,"name":"YouBike2.0_台灣電力公司中和服務所","name_en":"YouBike2.0_Taipower Zhonghe Service Center","city":"新北市","city_en":"New Taipei City","area":"中和區","area_en":"Zhonghe Dist","address":"和平街33號","address_en":"No. 33, Heping St.","total_quantity":17,"available_bikes":2,"available_spots":15,"yb2_quantity":0,"eyb_quantity":2,"active":true,"latitude":24.99149,"longitude":121.50683,"updated_at":"2026-05-02T14:39:02+08:00"}},{"type":"Feature","geometry":{"type":"Point","coordinates":[121.49171,25.00013]},"properties":{"sno":500207067,"name":"YouBike2.0_碧河里公園(建康路)","name_en":"YouBike2.0_Bihe Village Park(Jiankang Rd.)","city":"新北市","city_en":"New Taipei City","area":"中和區","area_en":"Zhonghe Dist","address":"建康路226號","address_en":"No. 226, Jiankang Rd.","total_quantity":16,"available_bikes":8,"available_spots":8,"yb2_quantity":5,"eyb_quantity":3,"active":true,"latitude":25.00013,"longitude":121.49171,"updated_at":"2026-05-02T14:26:02+08:00"}},{"type":"Feature","geometry":{"type":"Point","coordinates":[121.51513,24.99244]},"properties":{"sno":500207068,"name":"YouBike2.0_捷運景平站(景平路278巷口)","name_en":"YouBike2.0_MRT Jingping Sta.(Ln. 278, Jingping Rd. Intersection)","city":"新北市","city_en":"New Taipei City","area":"中和區","area_en":"Zhonghe Dist","address":"景平路258號","address_en":"No. 258, Jingping Rd.","total_quantity":23,"available_bikes":0,"available_spots":23,"yb2_quantity":0,"eyb_quantity":0,"active":true,"latitude":24.99244,"longitude":121.51513,"updated_at":"2026-05-02T14:39:18+08:00"}},{"type":"Feature","geometry":{"type":"Point","coordinates":[121.50632,24.97942]},"properties":{"sno":500207069,"name":"YouBike2.0_華新街143巷","name_en":"YouBike2.0_Ln. 143, Huaxin St.","city":"新北市","city_en":"New Taipei City","area":"中和區","area_en":"Zhonghe Dist","address":"華新街143巷61-2號西側","address_en":"No. 61-2, Ln. 143, Huaxin St.(West)","total_quantity":15,"available_bikes":9,"available_spots":6,"yb2_quantity":9,"eyb_quantity":0,"active":true,"latitude":24.97942,"longitude":121.50632,"updated_at":"2026-05-02T14:37:02+08:00"}},{"type":"Feature","geometry":{"type":"Point","coordinates":[121.50785,24.98247]},"properties":{"sno":500207070,"name":"YouBike2.0_華夏科技大學(華新街)","name_en":"YouBike2.0_Hwa Hsia University of Technology(Huaxin St.)","city":"新北市","city_en":"New Taipei City","area":"中和區","area_en":"Zhonghe Dist","address":"華新街148號南側","address_en":"No. 148, Huaxin St.(South)","total_quantity":16,"available_bikes":1,"available_spots":15,"yb2_quantity":1,"eyb_quantity":0,"active":true,"latitude":24.98247,"longitude":121.50785,"updated_at":"2026-05-02T14:39:02+08:00"}},{"type":"Feature","geometry":{"type":"Point","coordinates":[121.48521,25.01169]},"properties":{"sno":500207071,"name":"YouBike2.0_中原中板路口","name_en":"YouBike2.0_Zhongyuan Zhongban Rd. Imtersection","city":"新北市","city_en":"New Taipei City","area":"中和區","area_en":"Zhonghe Dist","address":"中原街146號前","address_en":"No. 146, Zhongyuan St.","total_quantity":18,"available_bikes":11,"available_spots":7,"yb2_quantity":11,"eyb_quantity":0,"active":true,"latitude":25.01169,"longitude":121.48521,"updated_at":"2026-05-02T14:39:02+08:00"}},{"type":"Feature","geometry":{"type":"Point","coordinates":[121.48603,25.01086]},"properties":{"sno":500207072,"name":"YouBike2.0_中原五街口","name_en":"YouBike2.0_Zhongyuan 5th St. Intersection","city":"新北市","city_en":"New Taipei City","area":"中和區","area_en":"Zhonghe Dist","address":"中原街126號旁","address_en":"No. 126, Zhongyuan St.","total_quantity":20,"available_bikes":3,"available_spots":17,"yb2_quantity":3,"eyb_quantity":0,"active":true,"latitude":25.01086,"longitude":121.48603,"updated_at":"2026-05-02T14:29:02+08:00"}},{"type":"Feature","geometry":{"type":"Point","coordinates":[121.51138,24.9836]},"properties":{"sno":500207073,"name":"YouBike2.0_飛駝二村","name_en":"YouBike2.0_Feituo 2nd Village","city":"新北市","city_en":"New Taipei City","area":"中和區","area_en":"Zhonghe Dist","address":"忠孝街56號對面","address_en":"No. 56, Zhongxiao St.(Opposite)","total_quantity":11,"available_bikes":2,"available_spots":8,"yb2_quantity":2,"eyb_quantity":0,"active":true,"latitude":24.9836,"longitude":121.51138,"updated_at":"2026-05-02T14:36:04+08:00"}},{"type":"Feature","geometry":{"type":"Point","coordinates":[121.46987,25.00135]},"properties":{"sno":500207074,"name":"YouBike2.0_國光街圓環小公園","name_en":"YouBike2.0_Guoguang St. Circle Park","city":"新北市","city_en":"New Taipei City","area":"中和區","area_en":"Zhonghe Dist","address":"國光街112巷14弄1號旁","address_en":"No. 1, Aly. 14, Ln. 112, Guoguang St.","total_quantity":16,"available_bikes":1,"available_spots":14,"yb2_quantity":1,"eyb_quantity":0,"active":true,"latitude":25.00135,"longitude":121.46987,"updated_at":"2026-05-02T13:58:17+08:00"}},{"type":"Feature","geometry":{"type":"Point","coordinates":[121.5035,24.98229]},"properties":{"sno":500207075,"name":"YouBike2.0_興南路二段231巷口","name_en":"YouBike2.0_Ln. 231, Sec. 2, Xingnan Rd. Intersection","city":"新北市","city_en":"New Taipei City","area":"中和區","area_en":"Zhonghe Dist","address":"興南路二段180號(對面)","address_en":"No. 180, Sec. 2, Xingnan Rd.(Opposite)","total_quantity":19,"available_bikes":2,"available_spots":17,"yb2_quantity":0,"eyb_quantity":2,"active":true,"latitude":24.98229,"longitude":121.5035,"updated_at":"2026-05-02T14:34:03+08:00"}},{"type":"Feature","geometry":{"type":"Point","coordinates":[121.4784,24.99566]},"properties":{"sno":500207076,"name":"YouBike2.0_嘉穗公園","name_en":"YouBike2.0_Jiasui Park","city":"新北市","city_en":"New Taipei City","area":"中和區","area_en":"Zhonghe Dist","address":"員山路143巷40弄12號","address_en":"No. 12, Aly. 40, Ln. 143, Yuanshan Rd.","total_quantity":10,"available_bikes":3,"available_spots":7,"yb2_quantity":3,"eyb_quantity":0,"active":true,"latitude":24.99566,"longitude":121.4784,"updated_at":"2026-05-02T14:22:17+08:00"}},{"type":"Feature","geometry":{"type":"Point","coordinates":[121.49253,25.00274]},"properties":{"sno":500207077,"name":"YouBike2.0_中山橋安街口","name_en":"YouBike2.0_Zhongshan & Qiao'an Intersection","city":"新北市","city_en":"New Taipei City","area":"中和區","area_en":"Zhonghe Dist","address":"中山路二段362號(前)","address_en":"No. 362, Sec. 2, Zhongshan Rd., Zhonghe Dist.","total_quantity":12,"available_bikes":6,"available_spots":5,"yb2_quantity":6,"eyb_quantity":0,"active":true,"latitude":25.00274,"longitude":121.49253,"updated_at":"2026-05-02T14:39:02+08:00"}},{"type":"Feature","geometry":{"type":"Point","coordinates":[121.48791,25.00655]},"properties":{"sno":500207078,"name":"YouBike2.0_板南立言街口","name_en":"YouBike2.0_Ban'nanLiyan St. Intersection","city":"新北市","city_en":"New Taipei City","area":"中和區","area_en":"Zhonghe Dist","address":"板南路486號(對面)","address_en":"No. 486, Bannan Rd., Zhonghe Dist.","total_quantity":50,"available_bikes":25,"available_spots":25,"yb2_quantity":23,"eyb_quantity":2,"active":true,"latitude":25.00655,"longitude":121.48791,"updated_at":"2026-05-02T13:21:02+08:00"}},{"type":"Feature","geometry":{"type":"Point","coordinates":[121.48968,25.00985]},"properties":{"sno":500207079,"name":"YouBike2.0_中原抽水站","name_en":"YouBike2.0_Zhongyuan Pumping Station","city":"新北市","city_en":"New Taipei City","area":"中和區","area_en":"Zhonghe Dist","address":"環河西路三段123號(旁)","address_en":"No. 123, Sec. 3, Huanhe W. Rd., Zhonghe Dist.","total_quantity":15,"available_bikes":11,"available_spots":4,"yb2_quantity":11,"eyb_quantity":0,"active":true,"latitude":25.00985,"longitude":121.48968,"updated_at":"2026-05-02T14:03:02+08:00"}},{"type":"Feature","geometry":{"type":"Point","coordinates":[121.48526,25.00223]},"properties":{"sno":500207080,"name":"YouBike2.0_建六中正路口","name_en":"YouBike2.0_Jian 6th. & Zhongzheng Intersection","city":"新北市","city_en":"New Taipei City","area":"中和區","area_en":"Zhonghe Dist","address":"中正路806號(旁)","address_en":"No. 806, Zhongzheng Rd., Zhonghe Dist. (side)","total_quantity":12,"available_bikes":10,"available_spots":2,"yb2_quantity":10,"eyb_quantity":0,"active":true,"latitude":25.00223,"longitude":121.48526,"updated_at":"2026-05-02T14:36:04+08:00"}},{"type":"Feature","geometry":{"type":"Point","coordinates":[121.50956,24.98184]},"properties":{"sno":500207081,"name":"YouBike2.0_審計人員訓練大樓","name_en":"YouBike2.0_Auditor Training Building","city":"新北市","city_en":"New Taipei City","area":"中和區","area_en":"Zhonghe Dist","address":"華新街109巷5號東南側","address_en":"No. 5, Ln. 109, Huaxin St.(Southeast)","total_quantity":10,"available_bikes":2,"available_spots":8,"yb2_quantity":2,"eyb_quantity":0,"active":true,"latitude":24.98184,"longitude":121.50956,"updated_at":"2026-05-02T14:34:03+08:00"}},{"type":"Feature","geometry":{"type":"Point","coordinates":[121.48645,24.99853]},"properties":{"sno":500207082,"name":"YouBike2.0_遠東世紀廣場C棟","name_en":"YouBike2.0_FarEast Century Park Building C","city":"新北市","city_en":"New Taipei City","area":"中和區","area_en":"Zhonghe Dist","address":"建八路6號","address_en":"No. 6, Jian 8th Rd","total_quantity":26,"available_bikes":15,"available_spots":11,"yb2_quantity":15,"eyb_quantity":0,"active":true,"latitude":24.99853,"longitude":121.48645,"updated_at":"2026-05-02T14:38:04+08:00"}},{"type":"Feature","geometry":{"type":"Point","coordinates":[121.48211,24.9908]},"properties":{"sno":500207083,"name":"YouBike2.0_員山路36巷口","name_en":"YouBike2.0_Ln. 36, Yuanshan Rd. Intersection","city":"新北市","city_en":"New Taipei City","area":"中和區","area_en":"Zhonghe Dist","address":"員山路39號","address_en":"No. 39, Yuanshan Rd.","total_quantity":19,"available_bikes":11,"available_spots":8,"yb2_quantity":10,"eyb_quantity":1,"active":true,"latitude":24.9908,"longitude":121.48211,"updated_at":"2026-05-02T14:11:03+08:00"}},{"type":"Feature","geometry":{"type":"Point","coordinates":[121.46885,25.00203]},"properties":{"sno":500207084,"name":"YouBike2.0_民德路口","name_en":"YouBike2.0_Minde Rd. Intersection","city":"新北市","city_en":"New Taipei City","area":"中和區","area_en":"Zhonghe Dist","address":"民德路47號(前)","address_en":"No. 47, Minde Rd.","total_quantity":15,"available_bikes":2,"available_spots":13,"yb2_quantity":2,"eyb_quantity":0,"active":true,"latitude":25.00203,"longitude":121.46885,"updated_at":"2026-05-02T14:36:04+08:00"}},{"type":"Feature","geometry":{"type":"Point","coordinates":[121.49115,24.99855]},"properties":{"sno":500207085,"name":"YouBike2.0_台灣科技公園","name_en":"YouBike2.0_Taiwan Tech. Park","city":"新北市","city_en":"New Taipei City","area":"中和區","area_en":"Zhonghe Dist","address":"建八路149號(斜對面)","address_en":"No. 149, Jian 8th Rd.(Opposite)","total_quantity":30,"available_bikes":15,"available_spots":13,"yb2_quantity":11,"eyb_quantity":4,"active":true,"latitude":24.99855,"longitude":121.49115,"updated_at":"2026-05-02T14:37:02+08:00"}},{"type":"Feature","geometry":{"type":"Point","coordinates":[121.48917,24.99404]},"properties":{"sno":500207086,"name":"YouBike2.0_和城停車場","name_en":"YouBike2.0_Hecheng Parking Lot","city":"新北市","city_en":"New Taipei City","area":"中和區","area_en":"Zhonghe Dist","address":"中正路501號東側","address_en":"No. 501, Zhongzheng Rd.(East)","total_quantity":15,"available_bikes":4,"available_spots":11,"yb2_quantity":4,"eyb_quantity":0,"active":true,"latitude":24.99404,"longitude":121.48917,"updated_at":"2026-05-02T14:36:04+08:00"}},{"type":"Feature","geometry":{"type":"Point","coordinates":[121.48391,25.00134]},"properties":{"sno":500207087,"name":"YouBike2.0_民樂停車場","name_en":"YouBike2.0_Minle Parking Lot","city":"新北市","city_en":"New Taipei City","area":"中和區","area_en":"Zhonghe Dist","address":"民樂路65號","address_en":"No. 65, Minle Rd.","total_quantity":20,"available_bikes":4,"available_spots":16,"yb2_quantity":4,"eyb_quantity":0,"active":true,"latitude":25.00134,"longitude":121.48391,"updated_at":"2026-05-02T14:37:02+08:00"}},{"type":"Feature","geometry":{"type":"Point","coordinates":[121.50358,25.00492]},"properties":{"sno":500207088,"name":"YouBike2.0_佳和公園(中山路二段64巷7弄)","name_en":"YouBike2.0_Jiahe Park (Aly.7, Ln.64, Sec.2, Zhongshan Rd.)","city":"新北市","city_en":"New Taipei City","area":"中和區","area_en":"Zhonghe Dist","address":"中山路二段64巷7弄3號(對面)","address_en":"No.3, Aly.7, Ln.64, Sec.2, Zhongshan Rd. (opposite)","total_quantity":15,"available_bikes":3,"available_spots":12,"yb2_quantity":3,"eyb_quantity":0,"active":true,"latitude":25.00492,"longitude":121.50358,"updated_at":"2026-05-02T14:33:03+08:00"}},{"type":"Feature","geometry":{"type":"Point","coordinates":[121.50429,25.00414]},"properties":{"sno":500207089,"name":"YouBike2.0_水源路29巷/光華街口","name_en":"YouBike2.0_Ln.29, Shuiyuan Rd. & Guanghua St. Intersection","city":"新北市","city_en":"New Taipei City","area":"中和區","area_en":"Zhonghe Dist","address":"水源路29巷10號(對面)","address_en":"No.10, Ln.29, Shuiyuan Rd. (opposite)","total_quantity":11,"available_bikes":4,"available_spots":7,"yb2_quantity":4,"eyb_quantity":0,"active":true,"latitude":25.00414,"longitude":121.50429,"updated_at":"2026-05-02T14:39:02+08:00"}},{"type":"Feature","geometry":{"type":"Point","coordinates":[121.47261,25.00133]},"properties":{"sno":500207090,"name":"YouBike2.0_莒光路136巷口","name_en":"YouBike2.0_Ln.136, Juguang Rd.","city":"新北市","city_en":"New Taipei City","area":"中和區","area_en":"Zhonghe Dist","address":"莒光路145號(前)","address_en":"No.145, Juguang Rd. (front)","total_quantity":15,"available_bikes":2,"available_spots":13,"yb2_quantity":2,"eyb_quantity":0,"active":true,"latitude":25.00133,"longitude":121.47261,"updated_at":"2026-05-02T14:36:04+08:00"}},{"type":"Feature","geometry":{"type":"Point","coordinates":[121.50186,25.00435]},"properties":{"sno":500207091,"name":"YouBike2.0_佳和公園(中山路二段64巷5弄)","name_en":"YouBike2.0_Jiahe Park (Aly.5, Ln.64, Sec.2, Zhongshan Rd.)","city":"新北市","city_en":"New Taipei City","area":"中和區","area_en":"Zhonghe Dist","address":"中山路二段136巷6弄9號西側","address_en":"No.9, Aly.6, Ln.136, Sec.2, Zhongshan Rd. (west)","total_quantity":26,"available_bikes":3,"available_spots":23,"yb2_quantity":3,"eyb_quantity":0,"active":true,"latitude":25.00435,"longitude":121.50186,"updated_at":"2026-05-02T14:36:04+08:00"}},{"type":"Feature","geometry":{"type":"Point","coordinates":[121.51301,24.98985]},"properties":{"sno":500207092,"name":"YouBike2.0_景新立體停車場","name_en":"YouBike2.0_Jingxin Parking Lot","city":"新北市","city_en":"New Taipei City","area":"中和區","area_en":"Zhonghe Dist","address":"景新街399巷12號","address_en":"No. 12, Ln. 399n Jingxin St.","total_quantity":12,"available_bikes":6,"available_spots":6,"yb2_quantity":6,"eyb_quantity":0,"active":true,"latitude":24.98985,"longitude":121.51301,"updated_at":"2026-05-02T14:37:02+08:00"}},{"type":"Feature","geometry":{"type":"Point","coordinates":[121.52567,24.99719]},"properties":{"sno":500207093,"name":"YouBike2.0_秀朗路三段10巷12弄","name_en":"YouBike2.0_I1191 Aly.12, Ln,10, Sec.3, Xiulang Rd.","city":"新北市","city_en":"New Taipei City","area":"中和區","area_en":"Zhonghe Dist","address":"秀朗路三段2-5號(旁)","address_en":"No. 2-5, Sec. 3, Xiulang Rd.(side)","total_quantity":17,"available_bikes":5,"available_spots":12,"yb2_quantity":2,"eyb_quantity":3,"active":true,"latitude":24.99719,"longitude":121.52567,"updated_at":"2026-05-02T14:34:03+08:00"}},{"type":"Feature","geometry":{"type":"Point","coordinates":[121.49985,24.99098]},"properties":{"sno":500207095,"name":"YouBike2.0_中興街180巷口","name_en":"YouBike2.0_Ln. 180, Zhongxing St. Intersection","city":"新北市","city_en":"New Taipei City","area":"中和區","area_en":"Zhonghe Dist","address":"中興街200號(前)","address_en":"No. 200, Zhongxing St. (Front)","total_quantity":18,"available_bikes":1,"available_spots":17,"yb2_quantity":1,"eyb_quantity":0,"active":true,"latitude":24.99098,"longitude":121.49985,"updated_at":"2026-05-02T14:39:18+08:00"}},{"type":"Feature","geometry":{"type":"Point","coordinates":[121.52008,24.9934]},"properties":{"sno":500207096,"name":"YouBike2.0_大仁街20巷口","name_en":"YouBike2.0_Ln. 20, Daren St. Intersection","city":"新北市","city_en":"New Taipei City","area":"中和區","area_en":"Zhonghe Dist","address":"大仁街20巷50號(對側)","address_en":"No. 50, Ln. 20, Daren St. (Opposite)","total_quantity":33,"available_bikes":3,"available_spots":30,"yb2_quantity":1,"eyb_quantity":2,"active":true,"latitude":24.9934,"longitude":121.52008,"updated_at":"2026-05-02T14:39:02+08:00"}},{"type":"Feature","geometry":{"type":"Point","coordinates":[121.51258,24.99856]},"properties":{"sno":500207097,"name":"YouBike2.0_中和公園(安平中安街口)","name_en":"YouBike2.0_Zhonghe Park (Anping Rd. & Zhong'an St. Intersection)","city":"新北市","city_en":"New Taipei City","area":"中和區","area_en":"Zhonghe Dist","address":"安平路162號(對面)","address_en":"No. 162, Anping Rd. (Opposite)","total_quantity":40,"available_bikes":20,"available_spots":18,"yb2_quantity":20,"eyb_quantity":0,"active":true,"latitude":24.99856,"longitude":121.51258,"updated_at":"2026-05-02T14:38:04+08:00"}},{"type":"Feature","geometry":{"type":"Point","coordinates":[121.49938,25.00365]},"properties":{"sno":500207098,"name":"YouBike2.0_福祥永和路口","name_en":"YouBike2.0_Fuxiang Rd. & Yonghe Rd. Intersection","city":"新北市","city_en":"New Taipei City","area":"中和區","area_en":"Zhonghe Dist","address":"福祥路9號(前)","address_en":"No. 9, Fuxiang Rd. (Front)","total_quantity":11,"available_bikes":0,"available_spots":10,"yb2_quantity":0,"eyb_quantity":0,"active":true,"latitude":25.00365,"longitude":121.49938,"updated_at":"2026-05-02T14:38:21+08:00"}},{"type":"Feature","geometry":{"type":"Point","coordinates":[121.48063,25.00676]},"properties":{"sno":500207099,"name":"YouBike2.0_員山市場臨時平面停車場","name_en":"YouBike2.0_YuanShan Market Car Park","city":"新北市","city_en":"New Taipei City","area":"中和區","area_en":"Zhonghe Dist","address":"員山路466巷17弄1號(對面)","address_en":"No. 1, Aly. 17, Ln. 466, YuanShan Rd. (Opposite)","total_quantity":27,"available_bikes":16,"available_spots":11,"yb2_quantity":16,"eyb_quantity":0,"active":true,"latitude":25.00676,"longitude":121.48063,"updated_at":"2026-05-02T14:33:03+08:00"}},{"type":"Feature","geometry":{"type":"Point","coordinates":[121.4868,25.00369]},"properties":{"sno":500207100,"name":"YouBike2.0_建二建三路口","name_en":"YouBike2.0_Jian 2nd Rd. & Jian 3rd Rd. Intersection","city":"新北市","city_en":"New Taipei City","area":"中和區","area_en":"Zhonghe Dist","address":"建二路68號(旁)","address_en":"No. 68, Jian 2nd Rd. (Side)","total_quantity":20,"available_bikes":10,"available_spots":10,"yb2_quantity":10,"eyb_quantity":0,"active":true,"latitude":25.00369,"longitude":121.4868,"updated_at":"2026-05-02T11:55:03+08:00"}},{"type":"Feature","geometry":{"type":"Point","coordinates":[121.48761,25.00214]},"properties":{"sno":500207101,"name":"YouBike2.0_光寶科技中和數位大樓","name_en":"YouBike2.0_LITEON Zhonghe Digitech Center","city":"新北市","city_en":"New Taipei City","area":"中和區","area_en":"Zhonghe Dist","address":"建六路/建一路(西南側)","address_en":"Jian 6th Rd. & Jian 1st Rd. (Southwest)","total_quantity":40,"available_bikes":18,"available_spots":22,"yb2_quantity":12,"eyb_quantity":6,"active":true,"latitude":25.00214,"longitude":121.48761,"updated_at":"2026-05-02T14:37:02+08:00"}},{"type":"Feature","geometry":{"type":"Point","coordinates":[121.49073,24.99213]},"properties":{"sno":500207102,"name":"YouBike2.0_錦和運動公園","name_en":"YouBike2.0_JinHe Sports Park","city":"新北市","city_en":"New Taipei City","area":"中和區","area_en":"Zhonghe Dist","address":"錦和路350號(旁)","address_en":"No. 350, JinHe Rd. (Side)","total_quantity":64,"available_bikes":29,"available_spots":35,"yb2_quantity":25,"eyb_quantity":4,"active":true,"latitude":24.99213,"longitude":121.49073,"updated_at":"2026-05-02T14:37:02+08:00"}},{"type":"Feature","geometry":{"type":"Point","coordinates":[121.48345,25.00273]},"properties":{"sno":500207103,"name":"YouBike2.0_新生街112巷口(欽禾社區)","name_en":"YouBike2.0_Ln. 112, XinSheng St. Intersection","city":"新北市","city_en":"New Taipei City","area":"中和區","area_en":"Zhonghe Dist","address":"新生街112號(對側)","address_en":"No. 112, XinSheng St. (Opposite)","total_quantity":40,"available_bikes":14,"available_spots":26,"yb2_quantity":10,"eyb_quantity":4,"active":true,"latitude":25.00273,"longitude":121.48345,"updated_at":"2026-05-02T14:28:04+08:00"}},{"type":"Feature","geometry":{"type":"Point","coordinates":[121.48294,24.98515]},"properties":{"sno":500207104,"name":"YouBike2.0_中坑公園","name_en":"YouBike2.0_ZhongKeng Park","city":"新北市","city_en":"New Taipei City","area":"中和區","area_en":"Zhonghe Dist","address":"員山路7-2號(東北側)","address_en":"No. 7-2, YuanShan Rd. (Northeast)","total_quantity":13,"available_bikes":8,"available_spots":5,"yb2_quantity":4,"eyb_quantity":4,"active":true,"latitude":24.98515,"longitude":121.48294,"updated_at":"2026-05-02T14:19:03+08:00"}},{"type":"Feature","geometry":{"type":"Point","coordinates":[121.47223,25.00429]},"properties":{"sno":500207105,"name":"YouBike2.0_莒光德光路口","name_en":"YouBike2.0_JuGuang Rd. & DeGuang Rd. Intersection","city":"新北市","city_en":"New Taipei City","area":"中和區","area_en":"Zhonghe Dist","address":"莒光路63之2號(前)","address_en":"No. 63-2, JuGuang Rd. (Front)","total_quantity":15,"available_bikes":4,"available_spots":11,"yb2_quantity":4,"eyb_quantity":0,"active":true,"latitude":25.00429,"longitude":121.47223,"updated_at":"2026-05-02T14:38:04+08:00"}},{"type":"Feature","geometry":{"type":"Point","coordinates":[121.48667,25.01184]},"properties":{"sno":500207106,"name":"YouBike2.0_光之公園","name_en":"YouBike2.0_Light Park","city":"新北市","city_en":"New Taipei City","area":"中和區","area_en":"Zhonghe Dist","address":"中原二街156號(旁)","address_en":"No. 156, ZhongYuan 2nd St. (Side)","total_quantity":21,"available_bikes":5,"available_spots":16,"yb2_quantity":5,"eyb_quantity":0,"active":true,"latitude":25.01184,"longitude":121.48667,"updated_at":"2026-05-02T14:19:03+08:00"}},{"type":"Feature","geometry":{"type":"Point","coordinates":[121.49542,24.9989]},"properties":{"sno":500207107,"name":"YouBike2.0_安邦段青年社會住宅","name_en":"YouBike2.0_Anbang Youth Rental House","city":"新北市","city_en":"New Taipei City","area":"中和區","area_en":"Zhonghe Dist","address":"連城路142號(旁)","address_en":"No. 142, LianCheng Rd. (Side)","total_quantity":40,"available_bikes":15,"available_spots":25,"yb2_quantity":15,"eyb_quantity":0,"active":true,"latitude":24.9989,"longitude":121.49542,"updated_at":"2026-05-02T14:35:03+08:00"}},{"type":"Feature","geometry":{"type":"Point","coordinates":[121.48411,25.013]},"properties":{"sno":500207108,"name":"YouBike2.0_水之公園","name_en":"YouBike2.0_Water Park","city":"新北市","city_en":"New Taipei City","area":"中和區","area_en":"Zhonghe Dist","address":"中原街/中原西街口","address_en":"ZhongYuan St. & ZhongYuan W. St. Intersection","total_quantity":18,"available_bikes":7,"available_spots":11,"yb2_quantity":4,"eyb_quantity":3,"active":true,"latitude":25.013,"longitude":121.48411,"updated_at":"2026-05-02T14:19:03+08:00"}},{"type":"Feature","geometry":{"type":"Point","coordinates":[121.5175,24.99397]},"properties":{"sno":500207109,"name":"YouBike2.0_大勇立人街口","name_en":"YouBike2.0_DaYong St. & LiRen St. Intersection","city":"新北市","city_en":"New Taipei City","area":"中和區","area_en":"Zhonghe Dist","address":"大勇街/立人街口","address_en":"DaYong St. & LiRen St. Intersection","total_quantity":18,"available_bikes":1,"available_spots":17,"yb2_quantity":0,"eyb_quantity":1,"active":true,"latitude":24.99397,"longitude":121.5175,"updated_at":"2026-05-02T14:25:03+08:00"}},{"type":"Feature","geometry":{"type":"Point","coordinates":[121.46876,24.99467]},"properties":{"sno":500207110,"name":"YouBike2.0_莒光華安街口","name_en":"YouBike2.0_Huaan & Juguang Street Intersection","city":"新北市","city_en":"New Taipei City","area":"中和區","area_en":"Zhonghe Dist","address":"莒光路213號(對面)","address_en":"No. 213, Juguang Road. (Opposite)","total_quantity":17,"available_bikes":4,"available_spots":13,"yb2_quantity":3,"eyb_quantity":1,"active":true,"latitude":24.99467,"longitude":121.46876,"updated_at":"2026-05-02T14:36:04+08:00"}},{"type":"Feature","geometry":{"type":"Point","coordinates":[121.49082,25.00381]},"properties":{"sno":500207111,"name":"YouBike2.0_捷運橋和站","name_en":"YouBike2.0_MRT Qiaohe Sta.","city":"新北市","city_en":"New Taipei City","area":"中和區","area_en":"Zhonghe Dist","address":"板南路/中山路二段口","address_en":"BanNan Rd. & Sec. 2, ZhongShan Rd. Intersection","total_quantity":62,"available_bikes":20,"available_spots":42,"yb2_quantity":20,"eyb_quantity":0,"active":true,"latitude":25.00381,"longitude":121.49082,"updated_at":"2026-05-02T14:31:03+08:00"}},{"type":"Feature","geometry":{"type":"Point","coordinates":[121.50265,25.00606]},"properties":{"sno":500207112,"name":"YouBike2.0_中和福美公園","name_en":"YouBike2.0_ZhongHe FuMei Park","city":"新北市","city_en":"New Taipei City","area":"中和區","area_en":"Zhonghe Dist","address":"中山路二段64巷28號(對側)","address_en":"No. 28, Ln. 64, Sec. 2, ZhongShan Rd. (Opposite)","total_quantity":40,"available_bikes":6,"available_spots":34,"yb2_quantity":4,"eyb_quantity":2,"active":true,"latitude":25.00606,"longitude":121.50265,"updated_at":"2026-05-02T14:39:02+08:00"}},{"type":"Feature","geometry":{"type":"Point","coordinates":[121.50061,24.98805]},"properties":{"sno":500207113,"name":"YouBike2.0_中興公園","name_en":"YouBike2.0_Zhongxing Park","city":"新北市","city_en":"New Taipei City","area":"中和區","area_en":"Zhonghe Dist","address":"中興街237巷2號","address_en":"No. 2, Ln. 237, ZhongXing St.","total_quantity":17,"available_bikes":0,"available_spots":17,"yb2_quantity":0,"eyb_quantity":0,"active":true,"latitude":24.98805,"longitude":121.50061,"updated_at":"2026-05-02T14:29:16+08:00"}},{"type":"Feature","geometry":{"type":"Point","coordinates":[121.48432,24.99508]},"properties":{"sno":500207114,"name":"YouBike2.0_連城路469巷21弄","name_en":"YouBike2.0_Aly. 21, Ln. 469, LianCheng Rd.","city":"新北市","city_en":"New Taipei City","area":"中和區","area_en":"Zhonghe Dist","address":"中正路637巷18弄5號(前)","address_en":"No. 5, Aly. 18, Ln. 637, ZhongZheng Rd. (Front)","total_quantity":12,"available_bikes":3,"available_spots":9,"yb2_quantity":3,"eyb_quantity":0,"active":true,"latitude":24.99508,"longitude":121.48432,"updated_at":"2026-05-02T14:38:04+08:00"}},{"type":"Feature","geometry":{"type":"Point","coordinates":[121.48737,24.98852]},"properties":{"sno":500207115,"name":"YouBike2.0_圓通路369巷口","name_en":"YouBike2.0_Ln. 369, YuanTong Rd. Intersection","city":"新北市","city_en":"New Taipei City","area":"中和區","area_en":"Zhonghe Dist","address":"圓通路369巷口","address_en":"Ln. 369, YuanTong Rd. Intersection","total_quantity":18,"available_bikes":11,"available_spots":7,"yb2_quantity":11,"eyb_quantity":0,"active":true,"latitude":24.98852,"longitude":121.48737,"updated_at":"2026-05-02T14:15:02+08:00"}},{"type":"Feature","geometry":{"type":"Point","coordinates":[121.4407,25.08373]},"properties":{"sno":500209001,"name":"YouBike2.0_新城一路(守讓堂)","name_en":"YouBike2.0_Xincheng 1st. Rd.","city":"新北市","city_en":"New Taipei City","area":"五股區","area_en":"Wugu Dist","address":"新五路二段169號(北側)","address_en":"No. 169, Sec. 2, Xinwu Rd.(North)","total_quantity":15,"available_bikes":9,"available_spots":6,"yb2_quantity":9,"eyb_quantity":0,"active":true,"latitude":25.08373,"longitude":121.4407,"updated_at":"2026-05-02T13:12:03+08:00"}},{"type":"Feature","geometry":{"type":"Point","coordinates":[121.43564,25.07198]},"properties":{"sno":500209002,"name":"YouBike2.0_德音國小","name_en":"YouBike2.0_Deyin Elementary School","city":"新北市","city_en":"New Taipei City","area":"五股區","area_en":"Wugu Dist","address":"成泰路一段/成泰路一段98巷口(西北側)","address_en":"Ln. 98, Sec. 1, Chengtai Rd. & Sec. 1, Chengtai Rd. (Northwest)","total_quantity":20,"available_bikes":10,"available_spots":10,"yb2_quantity":10,"eyb_quantity":0,"active":true,"latitude":25.07198,"longitude":121.43564,"updated_at":"2026-05-02T14:33:03+08:00"}},{"type":"Feature","geometry":{"type":"Point","coordinates":[121.43955,25.08245]},"properties":{"sno":500209003,"name":"YouBike2.0_五股工商立體停車場","name_en":"YouBike2.0_Wugu Gongshang Parking Lot","city":"新北市","city_en":"New Taipei City","area":"五股區","area_en":"Wugu Dist","address":"中興路四段17號(北側)","address_en":"No. 17, Sec. 4, Zhongxing Rd.(North)","total_quantity":22,"available_bikes":16,"available_spots":6,"yb2_quantity":14,"eyb_quantity":2,"active":true,"latitude":25.08245,"longitude":121.43955,"updated_at":"2026-05-02T14:33:03+08:00"}},{"type":"Feature","geometry":{"type":"Point","coordinates":[121.45282,25.10484]},"properties":{"sno":500209004,"name":"YouBike2.0_成德公園","name_en":"YouBike2.0_Chengde Park","city":"新北市","city_en":"New Taipei City","area":"五股區","area_en":"Wugu Dist","address":"成泰路三段/疏洪北路(東南側)","address_en":"Sec. 3, Chengtai Rd.& Shuhong N. Rd.(intersecion)","total_quantity":20,"available_bikes":1,"available_spots":19,"yb2_quantity":1,"eyb_quantity":0,"active":true,"latitude":25.10484,"longitude":121.45282,"updated_at":"2026-05-02T14:39:02+08:00"}},{"type":"Feature","geometry":{"type":"Point","coordinates":[121.44832,25.09537]},"properties":{"sno":500209005,"name":"YouBike2.0_五股國民運動中心","name_en":"YouBike2.0_Wugu Civil Sports Center","city":"新北市","city_en":"New Taipei City","area":"五股區","area_en":"Wugu Dist","address":"成泰路三段353號(對面公園內)","address_en":"No. 353, Sec. 3, Chengtai Rd.(Opposite)","total_quantity":22,"available_bikes":5,"available_spots":14,"yb2_quantity":3,"eyb_quantity":2,"active":true,"latitude":25.09537,"longitude":121.44832,"updated_at":"2026-05-02T14:38:04+08:00"}},{"type":"Feature","geometry":{"type":"Point","coordinates":[121.43068,25.06939]},"properties":{"sno":500209006,"name":"YouBike2.0_貿商國宅","name_en":"YouBike2.0_Mao Shang Public Housing","city":"新北市","city_en":"New Taipei City","area":"五股區","area_en":"Wugu Dist","address":"登林路76-3號(前人行道)","address_en":"No.76-3, Denglin Rd., Wugu Dist.","total_quantity":23,"available_bikes":5,"available_spots":18,"yb2_quantity":5,"eyb_quantity":0,"active":true,"latitude":25.06939,"longitude":121.43068,"updated_at":"2026-05-02T14:17:02+08:00"}},{"type":"Feature","geometry":{"type":"Point","coordinates":[121.44761,25.06433]},"properties":{"sno":500209007,"name":"YouBike2.0_新北市工商展覽中心","name_en":"YouBike2.0_New Taipei City Exhibition Hall","city":"新北市","city_en":"New Taipei City","area":"五股區","area_en":"Wugu Dist","address":"五工六路35號(對面)","address_en":"No.35, Wugong 6th Rd., Wugu Dist.(Opposite)","total_quantity":30,"available_bikes":11,"available_spots":18,"yb2_quantity":10,"eyb_quantity":1,"active":true,"latitude":25.06433,"longitude":121.44761,"updated_at":"2026-05-02T13:10:04+08:00"}},{"type":"Feature","geometry":{"type":"Point","coordinates":[121.44529,25.08655]},"properties":{"sno":500209008,"name":"YouBike2.0_公五公園","name_en":"YouBike2.0_Wugu Gongwu Park","city":"新北市","city_en":"New Taipei City","area":"五股區","area_en":"Wugu Dist","address":"芳州五路/芳州三路口(西北側)","address_en":"Fangzhou 5th Rd./Fangzhou 3rd. Rd.(Northwest)","total_quantity":39,"available_bikes":5,"available_spots":34,"yb2_quantity":2,"eyb_quantity":3,"active":true,"latitude":25.08655,"longitude":121.44529,"updated_at":"2026-05-02T14:39:02+08:00"}},{"type":"Feature","geometry":{"type":"Point","coordinates":[121.44631,25.0888]},"properties":{"sno":500209009,"name":"YouBike2.0_芳洲八路","name_en":"YouBike2.0_Fangzhou 8th Road","city":"新北市","city_en":"New Taipei City","area":"五股區","area_en":"Wugu Dist","address":"芳洲八路152號(對面)","address_en":"No. 152, Fangzhou 8th Rd., Wugu Dist.(opposite)","total_quantity":20,"available_bikes":1,"available_spots":19,"yb2_quantity":1,"eyb_quantity":0,"active":true,"latitude":25.0888,"longitude":121.44631,"updated_at":"2026-05-02T14:27:03+08:00"}},{"type":"Feature","geometry":{"type":"Point","coordinates":[121.44818,25.10356]},"properties":{"sno":500209010,"name":"YouBike2.0_凌雲路一段158巷口","name_en":"YouBike2.0_Ln. 158, Sec. 1, Lingyun Rd.","city":"新北市","city_en":"New Taipei City","area":"五股區","area_en":"Wugu Dist","address":"凌雲路一段158巷22號(對面)","address_en":"No. 22, Ln. 158, Sec. 1, Lingyun Rd. (Opposite)","total_quantity":20,"available_bikes":1,"available_spots":19,"yb2_quantity":1,"eyb_quantity":0,"active":true,"latitude":25.10356,"longitude":121.44818,"updated_at":"2026-05-02T14:39:02+08:00"}},{"type":"Feature","geometry":{"type":"Point","coordinates":[121.44685,25.09472]},"properties":{"sno":500209012,"name":"YouBike2.0_新北市立圖書館五股成功分館","name_en":"YouBike2.0_New Taipei City Library Wugu-Chenggong Branch","city":"新北市","city_en":"New Taipei City","area":"五股區","area_en":"Wugu Dist","address":"西雲路167號(南側)","address_en":"No.167, Xiyun Rd. (South)","total_quantity":15,"available_bikes":4,"available_spots":11,"yb2_quantity":4,"eyb_quantity":0,"active":true,"latitude":25.09472,"longitude":121.44685,"updated_at":"2026-05-02T14:14:02+08:00"}},{"type":"Feature","geometry":{"type":"Point","coordinates":[121.4509,25.09952]},"properties":{"sno":500209013,"name":"YouBike2.0_成州國小","name_en":"YouBike2.0_Chengzhou Elementary School","city":"新北市","city_en":"New Taipei City","area":"五股區","area_en":"Wugu Dist","address":"成泰路三段493號(東側)","address_en":"No.493, Sec. 3, Chengtai Rd., Wugu Dist. (East)","total_quantity":20,"available_bikes":0,"available_spots":20,"yb2_quantity":0,"eyb_quantity":0,"active":true,"latitude":25.09952,"longitude":121.4509,"updated_at":"2026-05-02T14:39:18+08:00"}},{"type":"Feature","geometry":{"type":"Point","coordinates":[121.46769,25.07429]},"properties":{"sno":500209014,"name":"YouBike2.0_台北得意GO","name_en":"YouBike2.0_Taipei Deyi GO","city":"新北市","city_en":"New Taipei City","area":"五股區","area_en":"Wugu Dist","address":"四維路116號(人行道)","address_en":"No. 116, Siwei Rd., Wugu Dist.","total_quantity":20,"available_bikes":5,"available_spots":15,"yb2_quantity":4,"eyb_quantity":1,"active":true,"latitude":25.07429,"longitude":121.46769,"updated_at":"2026-05-02T14:38:04+08:00"}},{"type":"Feature","geometry":{"type":"Point","coordinates":[121.43232,25.08832]},"properties":{"sno":500209015,"name":"YouBike2.0_陸光國宅","name_en":"YouBike2.0_Luguan Public Housing Complex","city":"新北市","city_en":"New Taipei City","area":"五股區","area_en":"Wugu Dist","address":"民義路1段/民義路1段183巷口","address_en":"Sec. 1, Minyi Rd./Ln. 183, Sec. 1, Minyi Rd., Wugu Dist.","total_quantity":20,"available_bikes":11,"available_spots":9,"yb2_quantity":10,"eyb_quantity":1,"active":true,"latitude":25.08832,"longitude":121.43232,"updated_at":"2026-05-02T13:50:03+08:00"}},{"type":"Feature","geometry":{"type":"Point","coordinates":[121.43555,25.07785]},"properties":{"sno":500209016,"name":"YouBike2.0_成泰路一段(中油)","name_en":"YouBike2.0_Sec. 1, Chengtai Rd. (CPC)","city":"新北市","city_en":"New Taipei City","area":"五股區","area_en":"Wugu Dist","address":"成泰路一段194號(對面)","address_en":"No.194, Sec. 1, Chengtai Rd., Wugu Dist.","total_quantity":20,"available_bikes":3,"available_spots":17,"yb2_quantity":2,"eyb_quantity":1,"active":true,"latitude":25.07785,"longitude":121.43555,"updated_at":"2026-05-02T14:21:03+08:00"}},{"type":"Feature","geometry":{"type":"Point","coordinates":[121.451,25.0615]},"properties":{"sno":500209017,"name":"YouBike2.0_新北市勞工活動中心","name_en":"YouBike2.0_New Taipei City Labor Activity Center","city":"新北市","city_en":"New Taipei City","area":"五股區","area_en":"Wugu Dist","address":"五工六路9號(前廣場)","address_en":"No.9, Wugong 6th Rd., Wugu Dist.","total_quantity":35,"available_bikes":6,"available_spots":29,"yb2_quantity":5,"eyb_quantity":1,"active":true,"latitude":25.0615,"longitude":121.451,"updated_at":"2026-05-02T14:39:02+08:00"}},{"type":"Feature","geometry":{"type":"Point","coordinates":[121.442,25.0904]},"properties":{"sno":500209018,"name":"YouBike2.0_御史路1巷","name_en":"YouBike2.0_Ln. 1, Yushi Rd.","city":"新北市","city_en":"New Taipei City","area":"五股區","area_en":"Wugu Dist","address":"御史路1巷5號(旁)","address_en":"No.5, Ln. 1, Yushi Rd., Wugu Dist.","total_quantity":20,"available_bikes":3,"available_spots":16,"yb2_quantity":1,"eyb_quantity":2,"active":true,"latitude":25.0904,"longitude":121.442,"updated_at":"2026-05-02T13:52:04+08:00"}},{"type":"Feature","geometry":{"type":"Point","coordinates":[121.456,25.1083]},"properties":{"sno":500209019,"name":"YouBike2.0_成泰路4段22巷","name_en":"YouBike2.0_Ln. 22, Sec. 4, Chengtai Rd.","city":"新北市","city_en":"New Taipei City","area":"五股區","area_en":"Wugu Dist","address":"成泰路4段22巷29號(對面)","address_en":"No. 29, Ln. 22, Sec. 4, Chengtai Rd., Wugu Dist.(opposite)","total_quantity":42,"available_bikes":1,"available_spots":37,"yb2_quantity":1,"eyb_quantity":0,"active":true,"latitude":25.1083,"longitude":121.456,"updated_at":"2026-05-02T14:39:02+08:00"}},{"type":"Feature","geometry":{"type":"Point","coordinates":[121.45098,25.10165]},"properties":{"sno":500209020,"name":"YouBike2.0_五股郵局","name_en":"YouBike2.0_Wugu Post Office","city":"新北市","city_en":"New Taipei City","area":"五股區","area_en":"Wugu Dist","address":"凌雲路一段80巷9號(對面人行道)","address_en":"No. 9, Ln 80, Sec 1, Lingyun Rd, Wugu District","total_quantity":30,"available_bikes":5,"available_spots":25,"yb2_quantity":5,"eyb_quantity":0,"active":true,"latitude":25.10165,"longitude":121.45098,"updated_at":"2026-05-02T14:31:03+08:00"}},{"type":"Feature","geometry":{"type":"Point","coordinates":[121.43474837941864,25.0881901704169]},"properties":{"sno":500209021,"name":"YouBike2.0_民義公園","name_en":"YouBike2.0_Minyi Park","city":"新北市","city_en":"New Taipei City","area":"五股區","area_en":"Wugu Dist","address":"五福路6巷口(五福橋旁公園)","address_en":"Ln. 6, Wufu Rd.","total_quantity":20,"available_bikes":11,"available_spots":9,"yb2_quantity":11,"eyb_quantity":0,"active":true,"latitude":25.0881901704169,"longitude":121.43474837941864,"updated_at":"2026-05-02T14:37:02+08:00"}},{"type":"Feature","geometry":{"type":"Point","coordinates":[121.44472,25.09283]},"properties":{"sno":500209022,"name":"YouBike2.0_成功運動公園","name_en":"YouBike2.0_Chenggong Sport Park","city":"新北市","city_en":"New Taipei City","area":"五股區","area_en":"Wugu Dist","address":"西雲路116-2號(後方)","address_en":"No. 116-2, Xiyun Rd., Wugu Dist.","total_quantity":14,"available_bikes":0,"available_spots":14,"yb2_quantity":0,"eyb_quantity":0,"active":true,"latitude":25.09283,"longitude":121.44472,"updated_at":"2026-05-02T14:00:19+08:00"}},{"type":"Feature","geometry":{"type":"Point","coordinates":[121.4497,25.0665]},"properties":{"sno":500209023,"name":"YouBike2.0_五工五五權路口","name_en":"YouBike2.0_Wugong 5th & Wuquan Rd. Intersection","city":"新北市","city_en":"New Taipei City","area":"五股區","area_en":"Wugu Dist","address":"五工五路38號(對面)","address_en":"No. 38, Wugong 5th Rd.(Opposite)","total_quantity":18,"available_bikes":5,"available_spots":13,"yb2_quantity":3,"eyb_quantity":2,"active":true,"latitude":25.0665,"longitude":121.4497,"updated_at":"2026-05-02T14:28:04+08:00"}},{"type":"Feature","geometry":{"type":"Point","coordinates":[121.44836,25.10013]},"properties":{"sno":500209024,"name":"YouBike2.0_成州停車場","name_en":"YouBike2.0_Chengzhou Parking Lot","city":"新北市","city_en":"New Taipei City","area":"五股區","area_en":"Wugu Dist","address":"凌雲路一段149巷(成州停車場內)","address_en":"Ln.149, Sec.1, Lingyun Rd. (Chengzhou Parking Lot)","total_quantity":18,"available_bikes":2,"available_spots":16,"yb2_quantity":2,"eyb_quantity":0,"active":true,"latitude":25.10013,"longitude":121.44836,"updated_at":"2026-05-02T14:04:03+08:00"}},{"type":"Feature","geometry":{"type":"Point","coordinates":[121.44905,25.07978]},"properties":{"sno":500209025,"name":"YouBike2.0_永安橋下停車場","name_en":"YouBike2.0_Yong'an Bridge Parking Lot","city":"新北市","city_en":"New Taipei City","area":"五股區","area_en":"Wugu Dist","address":"中興路三段(永安橋下停車場內)","address_en":"Sec.3, Zhongxing Rd. (Yong'an Bridge Parking Lot)","total_quantity":14,"available_bikes":5,"available_spots":9,"yb2_quantity":4,"eyb_quantity":1,"active":true,"latitude":25.07978,"longitude":121.44905,"updated_at":"2026-05-02T12:16:02+08:00"}},{"type":"Feature","geometry":{"type":"Point","coordinates":[121.4624,25.0754]},"properties":{"sno":500209026,"name":"YouBike2.0_中興路二段37巷口","name_en":"YouBike2.0_Ln. 37, Sec. 2, Zhongxing Rd.","city":"新北市","city_en":"New Taipei City","area":"五股區","area_en":"Wugu Dist","address":"中興路二段35號(國道下)","address_en":"No. 35, Sec. 2, Zhongxing Rd. (Under the freeway)","total_quantity":20,"available_bikes":8,"available_spots":11,"yb2_quantity":8,"eyb_quantity":0,"active":true,"latitude":25.0754,"longitude":121.4624,"updated_at":"2026-05-02T14:32:02+08:00"}},{"type":"Feature","geometry":{"type":"Point","coordinates":[121.45362,25.07155]},"properties":{"sno":500209027,"name":"YouBike2.0_五工二五工一路口(泰博科技)","name_en":"YouBike2.0_WuGong 2nd Rd. & WuGong 1st Rd. Intersection","city":"新北市","city_en":"New Taipei City","area":"五股區","area_en":"Wugu Dist","address":"五工二路127號","address_en":"No. 127, WuGong 2nd Rd.","total_quantity":20,"available_bikes":6,"available_spots":14,"yb2_quantity":6,"eyb_quantity":0,"active":true,"latitude":25.07155,"longitude":121.45362,"updated_at":"2026-05-02T10:21:03+08:00"}},{"type":"Feature","geometry":{"type":"Point","coordinates":[121.44361,25.08707]},"properties":{"sno":500209028,"name":"YouBike2.0_新五路二段299號","name_en":"YouBike2.0_No.299, Sec.2, XinWu Rd.","city":"新北市","city_en":"New Taipei City","area":"五股區","area_en":"Wugu Dist","address":"新五路二段299號(旁)","address_en":"No. 299, Section 2, Xinwu Road (next to)","total_quantity":26,"available_bikes":6,"available_spots":20,"yb2_quantity":6,"eyb_quantity":0,"active":true,"latitude":25.08707,"longitude":121.44361,"updated_at":"2026-05-02T13:40:04+08:00"}},{"type":"Feature","geometry":{"type":"Point","coordinates":[121.45769,25.11171]},"properties":{"sno":500209029,"name":"YouBike2.0_獅子頭山水匯集廣場","name_en":"YouBike2.0_Lion Head Mountain Park","city":"新北市","city_en":"New Taipei City","area":"五股區","area_en":"Wugu Dist","address":"成泰路四段22巷尾公園","address_en":"Ln. 22, Sec. 4, ChengTai Rd. (End of lane)","total_quantity":25,"available_bikes":1,"available_spots":24,"yb2_quantity":1,"eyb_quantity":0,"active":true,"latitude":25.11171,"longitude":121.45769,"updated_at":"2026-05-02T14:37:02+08:00"}},{"type":"Feature","geometry":{"type":"Point","coordinates":[121.44561,25.09155]},"properties":{"sno":500209030,"name":"YouBike2.0_五股戶政事務所","name_en":"YouBike2.0_Wugu Household Registration Office","city":"新北市","city_en":"New Taipei City","area":"五股區","area_en":"Wugu Dist","address":"新城八路275號(旁)","address_en":"No. 275, XinCheng 8th Rd. (Side)","total_quantity":30,"available_bikes":7,"available_spots":23,"yb2_quantity":7,"eyb_quantity":0,"active":true,"latitude":25.09155,"longitude":121.44561,"updated_at":"2026-05-02T14:15:02+08:00"}},{"type":"Feature","geometry":{"type":"Point","coordinates":[121.44308,25.08425]},"properties":{"sno":500209031,"name":"YouBike2.0_五股環保藝術公園(芳洲路)","name_en":"YouBike2.0_Wugu Environmental Art Park (FangZhou Rd.)","city":"新北市","city_en":"New Taipei City","area":"五股區","area_en":"Wugu Dist","address":"芳洲路8號(旁)","address_en":"No. 8, FangZhou Rd. (Side)","total_quantity":18,"available_bikes":10,"available_spots":8,"yb2_quantity":10,"eyb_quantity":0,"active":true,"latitude":25.08425,"longitude":121.44308,"updated_at":"2026-05-02T14:18:03+08:00"}},{"type":"Feature","geometry":{"type":"Point","coordinates":[121.44785,25.09155]},"properties":{"sno":500209032,"name":"YouBike2.0_成州派出所","name_en":"YouBike2.0_Chengzhou Police Station","city":"新北市","city_en":"New Taipei City","area":"五股區","area_en":"Wugu Dist","address":"新城五路/疏洪北路口(西北側)","address_en":"XinCheng 5th Rd. & ShuHong N. Rd. (Northwest)","total_quantity":49,"available_bikes":3,"available_spots":45,"yb2_quantity":3,"eyb_quantity":0,"active":true,"latitude":25.09155,"longitude":121.44785,"updated_at":"2026-05-02T14:34:03+08:00"}},{"type":"Feature","geometry":{"type":"Point","coordinates":[121.50099,25.00785]},"properties":{"sno":500210001,"name":"YouBike2.0_名利橋","name_en":"YouBike2.0_Minli Bridge","city":"新北市","city_en":"New Taipei City","area":"永和區","area_en":"Yonghe Dist","address":"仁愛路352巷96號(對面廣場)","address_en":"No.96, Ln. 352, Ren’ai Rd.","total_quantity":39,"available_bikes":7,"available_spots":32,"yb2_quantity":5,"eyb_quantity":2,"active":true,"latitude":25.00785,"longitude":121.50099,"updated_at":"2026-05-02T14:31:03+08:00"}},{"type":"Feature","geometry":{"type":"Point","coordinates":[121.50285,25.01135]},"properties":{"sno":500210002,"name":"YouBike2.0_保順環河西路口","name_en":"YouBike2.0_Baoshun & Huanhe W. Intersection","city":"新北市","city_en":"New Taipei City","area":"永和區","area_en":"Yonghe Dist","address":"保順路53號(對面)","address_en":"No. 53, Baoshun Rd.","total_quantity":69,"available_bikes":11,"available_spots":58,"yb2_quantity":11,"eyb_quantity":0,"active":true,"latitude":25.01135,"longitude":121.50285,"updated_at":"2026-05-02T14:36:04+08:00"}},{"type":"Feature","geometry":{"type":"Point","coordinates":[121.50909,25.00979]},"properties":{"sno":500210003,"name":"YouBike2.0_永平高中","name_en":"YouBike2.0_Yong-Ping High School","city":"新北市","city_en":"New Taipei City","area":"永和區","area_en":"Yonghe Dist","address":"永平路/永平路203巷口(靠學校圍牆路側)","address_en":"Yongping Rd./Ln. 203, Yongping Rd.","total_quantity":40,"available_bikes":12,"available_spots":28,"yb2_quantity":11,"eyb_quantity":1,"active":true,"latitude":25.00979,"longitude":121.50909,"updated_at":"2026-05-02T14:38:04+08:00"}},{"type":"Feature","geometry":{"type":"Point","coordinates":[121.50542,25.00952]},"properties":{"sno":500210004,"name":"YouBike2.0_仁愛公園","name_en":"YouBike2.0_Renai Park","city":"新北市","city_en":"New Taipei City","area":"永和區","area_en":"Yonghe Dist","address":"仁愛路287號(對面)","address_en":"No. 287, Renai Rd.","total_quantity":79,"available_bikes":17,"available_spots":62,"yb2_quantity":17,"eyb_quantity":0,"active":true,"latitude":25.00952,"longitude":121.50542,"updated_at":"2026-05-02T14:36:04+08:00"}},{"type":"Feature","geometry":{"type":"Point","coordinates":[121.51744,25.00227]},"properties":{"sno":500210005,"name":"YouBike2.0_永和國小","name_en":"YouBike2.0_Yonghe Elementary School","city":"新北市","city_en":"New Taipei City","area":"永和區","area_en":"Yonghe Dist","address":"中正路426號(對面)","address_en":"No.426, Zhongzheng Rd. (Oppsite)","total_quantity":42,"available_bikes":10,"available_spots":32,"yb2_quantity":8,"eyb_quantity":2,"active":true,"latitude":25.00227,"longitude":121.51744,"updated_at":"2026-05-02T14:36:04+08:00"}},{"type":"Feature","geometry":{"type":"Point","coordinates":[121.52278,24.99896]},"properties":{"sno":500210006,"name":"YouBike2.0_秀朗國小","name_en":"YouBike2.0_Xiu Lang Elementary School","city":"新北市","city_en":"New Taipei City","area":"永和區","area_en":"Yonghe Dist","address":"民生路23號(對面)","address_en":"No.23, Minsheng Rd. (Oppsite)","total_quantity":48,"available_bikes":8,"available_spots":39,"yb2_quantity":8,"eyb_quantity":0,"active":true,"latitude":24.99896,"longitude":121.52278,"updated_at":"2026-05-02T14:33:03+08:00"}},{"type":"Feature","geometry":{"type":"Point","coordinates":[121.52407,25.00317]},"properties":{"sno":500210007,"name":"YouBike2.0_永和國民運動中心","name_en":"YouBike2.0_Yonghe Civil Sports Center","city":"新北市","city_en":"New Taipei City","area":"永和區","area_en":"Yonghe Dist","address":"永利路131號(對面人行道)","address_en":"No.131, Yongli Rd. (Oppsite)","total_quantity":53,"available_bikes":20,"available_spots":33,"yb2_quantity":19,"eyb_quantity":1,"active":true,"latitude":25.00317,"longitude":121.52407,"updated_at":"2026-05-02T14:39:02+08:00"}},{"type":"Feature","geometry":{"type":"Point","coordinates":[121.52267,25.00501]},"properties":{"sno":500210008,"name":"YouBike2.0_福和國中停車場","name_en":"YouBike2.0_Fuhe Junior High School Parking Lot","city":"新北市","city_en":"New Taipei City","area":"永和區","area_en":"Yonghe Dist","address":"永亨路99號(對向人行道)","address_en":"No.99, Yongheng Rd. (Oppsite)","total_quantity":48,"available_bikes":8,"available_spots":40,"yb2_quantity":8,"eyb_quantity":0,"active":true,"latitude":25.00501,"longitude":121.52267,"updated_at":"2026-05-02T14:35:03+08:00"}},{"type":"Feature","geometry":{"type":"Point","coordinates":[121.52093,25.00595]},"properties":{"sno":500210009,"name":"YouBike2.0_福和國中","name_en":"YouBike2.0_Fuhe Junior High School","city":"新北市","city_en":"New Taipei City","area":"永和區","area_en":"Yonghe Dist","address":"永貞路/永亨路(東南側)","address_en":"Yongzhen Rd. / Yongheng Rd. Intersection","total_quantity":63,"available_bikes":32,"available_spots":31,"yb2_quantity":30,"eyb_quantity":2,"active":true,"latitude":25.00595,"longitude":121.52093,"updated_at":"2026-05-02T14:39:02+08:00"}},{"type":"Feature","geometry":{"type":"Point","coordinates":[121.50604,25.01233]},"properties":{"sno":500210010,"name":"YouBike2.0_保安永平路口","name_en":"YouBike2.0_Bao’an & Yongping Intersection","city":"新北市","city_en":"New Taipei City","area":"永和區","area_en":"Yonghe Dist","address":"保安路260號(對面)","address_en":"No.260, Bao'an Rd. (opposite)","total_quantity":47,"available_bikes":29,"available_spots":18,"yb2_quantity":28,"eyb_quantity":1,"active":true,"latitude":25.01233,"longitude":121.50604,"updated_at":"2026-05-02T14:36:04+08:00"}},{"type":"Feature","geometry":{"type":"Point","coordinates":[121.51126,25.01581]},"properties":{"sno":500210011,"name":"YouBike2.0_頂溪國小","name_en":"YouBike2.0_Tinghsi Elementary School","city":"新北市","city_en":"New Taipei City","area":"永和區","area_en":"Yonghe Dist","address":"文化路133號(西側)","address_en":"No.133, Wenhua Rd.","total_quantity":44,"available_bikes":2,"available_spots":42,"yb2_quantity":2,"eyb_quantity":0,"active":true,"latitude":25.01581,"longitude":121.51126,"updated_at":"2026-05-02T14:35:03+08:00"}},{"type":"Feature","geometry":{"type":"Point","coordinates":[121.50921,25.00701]},"properties":{"sno":500210012,"name":"YouBike2.0_保平路214巷","name_en":"YouBike2.0_Baoping Ln 214","city":"新北市","city_en":"New Taipei City","area":"永和區","area_en":"Yonghe Dist","address":"永和區保平路214巷12弄12號(對面路側)","address_en":"No.12, Aly. 12, Ln. 214, Baoping Rd., Yonghe Dist.","total_quantity":25,"available_bikes":3,"available_spots":22,"yb2_quantity":2,"eyb_quantity":1,"active":true,"latitude":25.00701,"longitude":121.50921,"updated_at":"2026-05-02T14:37:02+08:00"}},{"type":"Feature","geometry":{"type":"Point","coordinates":[121.51196,25.01783]},"properties":{"sno":500210013,"name":"YouBike2.0_環河西路一段95巷口","name_en":"YouBike2.0_Ln. 95, Sec. 1, Huanhe W. Rd.Intersection","city":"新北市","city_en":"New Taipei City","area":"永和區","area_en":"Yonghe Dist","address":"環河西路一段/環河西路一段95巷(人行道)","address_en":"Sec. 1, Huanhe W. Rd. / Ln. 95, Sec. 1, Huanhe W. Rd., Yonghe Dist.","total_quantity":35,"available_bikes":9,"available_spots":26,"yb2_quantity":9,"eyb_quantity":0,"active":true,"latitude":25.01783,"longitude":121.51196,"updated_at":"2026-05-02T14:32:02+08:00"}},{"type":"Feature","geometry":{"type":"Point","coordinates":[121.51528,25.01677]},"properties":{"sno":500210014,"name":"YouBike2.0_忠孝活動中心","name_en":"YouBike2.0_Zhongxiao Activity Center","city":"新北市","city_en":"New Taipei City","area":"永和區","area_en":"Yonghe Dist","address":"忠孝街26巷8號(前)","address_en":"No.8, Ln. 26, Zhongxiao St., Yonghe Dist.","total_quantity":28,"available_bikes":3,"available_spots":25,"yb2_quantity":3,"eyb_quantity":0,"active":true,"latitude":25.01677,"longitude":121.51528,"updated_at":"2026-05-02T14:20:04+08:00"}},{"type":"Feature","geometry":{"type":"Point","coordinates":[121.52673,25.00071]},"properties":{"sno":500210015,"name":"YouBike2.0_秀得里(成功路二段)","name_en":"YouBike2.0_Xiu de Village (Chenggong Rd. Sec. 2)","city":"新北市","city_en":"New Taipei City","area":"永和區","area_en":"Yonghe Dist","address":"成功路二段28號至34號","address_en":"No.28 to No.34, Sec. 2, Chenggong Rd.","total_quantity":28,"available_bikes":1,"available_spots":27,"yb2_quantity":1,"eyb_quantity":0,"active":true,"latitude":25.00071,"longitude":121.52673,"updated_at":"2026-05-02T14:39:18+08:00"}},{"type":"Feature","geometry":{"type":"Point","coordinates":[121.52023,25.00839]},"properties":{"sno":500210016,"name":"YouBike2.0_永和國父紀念館","name_en":"YouBike2.0_Yonghe-Sun Yat-Sen Memorial Hall","city":"新北市","city_en":"New Taipei City","area":"永和區","area_en":"Yonghe Dist","address":"永和區國光路9號(前人行道)","address_en":"No.9, Guoguang Rd., Yonghe Dist.","total_quantity":30,"available_bikes":11,"available_spots":19,"yb2_quantity":6,"eyb_quantity":5,"active":true,"latitude":25.00839,"longitude":121.52023,"updated_at":"2026-05-02T14:39:02+08:00"}},{"type":"Feature","geometry":{"type":"Point","coordinates":[121.51334,25.0052]},"properties":{"sno":500210017,"name":"YouBike2.0_永和自由街","name_en":"YouBike2.0_Yonghe Ziyou St.","city":"新北市","city_en":"New Taipei City","area":"永和區","area_en":"Yonghe Dist","address":"永和區 自由街69號(路側)","address_en":"Ziyou St., Yonghe Dist.(oppsite)","total_quantity":32,"available_bikes":0,"available_spots":32,"yb2_quantity":0,"eyb_quantity":0,"active":true,"latitude":25.0052,"longitude":121.51334,"updated_at":"2026-05-02T14:29:16+08:00"}},{"type":"Feature","geometry":{"type":"Point","coordinates":[121.51968,24.99778]},"properties":{"sno":500210018,"name":"YouBike2.0_民權社區活動中心","name_en":"YouBike2.0_Minquan Community Activity Center","city":"新北市","city_en":"New Taipei City","area":"永和區","area_en":"Yonghe Dist","address":"民權路60號(活動中心後方廣場)","address_en":"No. 60, Minquan Rd., Yonghe Dist.","total_quantity":35,"available_bikes":13,"available_spots":22,"yb2_quantity":11,"eyb_quantity":2,"active":true,"latitude":24.99778,"longitude":121.51968,"updated_at":"2026-05-02T14:38:04+08:00"}},{"type":"Feature","geometry":{"type":"Point","coordinates":[121.51681,25.01776]},"properties":{"sno":500210019,"name":"YouBike2.0_中正橋","name_en":"YouBike2.0_Zhongzheng Bridge","city":"新北市","city_en":"New Taipei City","area":"永和區","area_en":"Yonghe Dist","address":"環河東路一段/光復街口","address_en":"Sec. 1, Huanhe E. Rd./Guangfu St.","total_quantity":40,"available_bikes":3,"available_spots":37,"yb2_quantity":3,"eyb_quantity":0,"active":true,"latitude":25.01776,"longitude":121.51681,"updated_at":"2026-05-02T14:34:03+08:00"}},{"type":"Feature","geometry":{"type":"Point","coordinates":[121.52095,25.015]},"properties":{"sno":500210020,"name":"YouBike2.0_上林里(環河東路一段)","name_en":"YouBike2.0_Shanglin Village (Huanhe E. Rd. Sec. 1 )","city":"新北市","city_en":"New Taipei City","area":"永和區","area_en":"Yonghe Dist","address":"環河東路一段140號","address_en":"Sec. 1, Huanhe E. Rd./Aly. 25, Ln. 75, Zhulin Rd.","total_quantity":42,"available_bikes":2,"available_spots":40,"yb2_quantity":1,"eyb_quantity":1,"active":true,"latitude":25.015,"longitude":121.52095,"updated_at":"2026-05-02T14:39:02+08:00"}},{"type":"Feature","geometry":{"type":"Point","coordinates":[121.52473,25.00854]},"properties":{"sno":500210021,"name":"YouBike2.0_福和路7巷口","name_en":"YouBike2.0_Ln. 7, Fuhe Rd.","city":"新北市","city_en":"New Taipei City","area":"永和區","area_en":"Yonghe Dist","address":"福和路11號","address_en":"No.11, Fuhe Rd., Yonghe Dist.","total_quantity":35,"available_bikes":3,"available_spots":32,"yb2_quantity":2,"eyb_quantity":1,"active":true,"latitude":25.00854,"longitude":121.52473,"updated_at":"2026-05-02T14:35:03+08:00"}},{"type":"Feature","geometry":{"type":"Point","coordinates":[121.52785,25.00454]},"properties":{"sno":500210022,"name":"YouBike2.0_福和橋","name_en":"YouBike2.0_Fuhe Bridge","city":"新北市","city_en":"New Taipei City","area":"永和區","area_en":"Yonghe Dist","address":"環河東路三段90號","address_en":"No.90, Sec. 3, Huanhe E. Rd., Yonghe Dist.","total_quantity":41,"available_bikes":2,"available_spots":39,"yb2_quantity":1,"eyb_quantity":1,"active":true,"latitude":25.00454,"longitude":121.52785,"updated_at":"2026-05-02T14:39:02+08:00"}},{"type":"Feature","geometry":{"type":"Point","coordinates":[121.50574,25.00573]},"properties":{"sno":500210023,"name":"YouBike2.0_雙和橋","name_en":"YouBike2.0_Shuanghe Bridge","city":"新北市","city_en":"New Taipei City","area":"永和區","area_en":"Yonghe Dist","address":"中山路二段3巷2號(對面公園)","address_en":"No.2, Ln. 3, Sec. 2, Zhongshan Rd.(Opposite)","total_quantity":39,"available_bikes":0,"available_spots":39,"yb2_quantity":0,"eyb_quantity":0,"active":true,"latitude":25.00573,"longitude":121.50574,"updated_at":"2026-05-02T14:17:16+08:00"}},{"type":"Feature","geometry":{"type":"Point","coordinates":[121.51549,25.01424]},"properties":{"sno":500210024,"name":"YouBike2.0_捷運頂溪站(2號出口)","name_en":"YouBike2.0_MRT Ding Sta(exit 2)","city":"新北市","city_en":"New Taipei City","area":"永和區","area_en":"Yonghe Dist","address":"永和路二段","address_en":"Sec. 2, Yonghe Rd. & Ln. 231, Sec. 2, Yonghe Rd. (Southwest)","total_quantity":15,"available_bikes":3,"available_spots":8,"yb2_quantity":2,"eyb_quantity":1,"active":true,"latitude":25.01424,"longitude":121.51549,"updated_at":"2026-05-02T14:32:02+08:00"}},{"type":"Feature","geometry":{"type":"Point","coordinates":[121.5177,25.01123]},"properties":{"sno":500210025,"name":"YouBike2.0_永和耕莘醫院","name_en":"YouBike2.0_Yonghe Cardinal Tien Hospital","city":"新北市","city_en":"New Taipei City","area":"永和區","area_en":"Yonghe Dist","address":"國光路123號 ( 耕莘醫院外路側汽機車格位 )","address_en":"No.123, Guoguang Rd.","total_quantity":32,"available_bikes":3,"available_spots":29,"yb2_quantity":1,"eyb_quantity":2,"active":true,"latitude":25.01123,"longitude":121.5177,"updated_at":"2026-05-02T14:38:04+08:00"}},{"type":"Feature","geometry":{"type":"Point","coordinates":[121.52844,24.99798]},"properties":{"sno":500210026,"name":"YouBike2.0_環河民樂街59巷26弄口","name_en":"YouBike2.0_Huanh Alley 26, Lane 59, Minyue St.","city":"新北市","city_en":"New Taipei City","area":"永和區","area_en":"Yonghe Dist","address":"環河東路四段/民樂街59巷26弄口(西北側)","address_en":"Section 4, Huanhe East Rd. Alley 26, Lane 59, Minyue St. (Northwest)","total_quantity":15,"available_bikes":5,"available_spots":10,"yb2_quantity":5,"eyb_quantity":0,"active":true,"latitude":24.99798,"longitude":121.52844,"updated_at":"2026-05-02T14:38:04+08:00"}},{"type":"Feature","geometry":{"type":"Point","coordinates":[121.50796,25.01138]},"properties":{"sno":500210027,"name":"YouBike2.0_仁愛公園(仁愛路)","name_en":"YouBike2.0_Ren Ai Park (Ren Ai Rd.)","city":"新北市","city_en":"New Taipei City","area":"永和區","area_en":"Yonghe Dist","address":"永平路274號(對面)","address_en":"No. 274, Yongping Rd.(Front)","total_quantity":15,"available_bikes":2,"available_spots":13,"yb2_quantity":2,"eyb_quantity":0,"active":true,"latitude":25.01138,"longitude":121.50796,"updated_at":"2026-05-02T14:32:02+08:00"}},{"type":"Feature","geometry":{"type":"Point","coordinates":[121.52418,25.01003]},"properties":{"sno":500210028,"name":"YouBike2.0_永福橋","name_en":"YouBike2.0_Yongfu Bridge","city":"新北市","city_en":"New Taipei City","area":"永和區","area_en":"Yonghe Dist","address":"豫溪街217巷29號","address_en":"No.29, Ln. 217, Yuxi St.","total_quantity":70,"available_bikes":8,"available_spots":62,"yb2_quantity":8,"eyb_quantity":0,"active":true,"latitude":25.01003,"longitude":121.52418,"updated_at":"2026-05-02T14:35:03+08:00"}},{"type":"Feature","geometry":{"type":"Point","coordinates":[121.5134,25.00746]},"properties":{"sno":500210029,"name":"YouBike2.0_保平永和路一段口","name_en":"YouBike2.0_Baoping Sec 1, Yonghe Rd.Intersection","city":"新北市","city_en":"New Taipei City","area":"永和區","area_en":"Yonghe Dist","address":"永和路一段85號前(北側)","address_en":"No. 85, Sec 1, Yonghe Rd.(North)","total_quantity":14,"available_bikes":14,"available_spots":0,"yb2_quantity":14,"eyb_quantity":0,"active":true,"latitude":25.00746,"longitude":121.5134,"updated_at":"2026-05-02T14:38:21+08:00"}},{"type":"Feature","geometry":{"type":"Point","coordinates":[121.51572,25.00725]},"properties":{"sno":500210030,"name":"YouBike2.0_福和自強街28巷口","name_en":"YouBike2.0_Fuhe & Ln. 28, Ziqiang St. Intersection","city":"新北市","city_en":"New Taipei City","area":"永和區","area_en":"Yonghe Dist","address":"福和路320號(前)","address_en":"No. 320, Fuhe Rd.","total_quantity":19,"available_bikes":2,"available_spots":17,"yb2_quantity":1,"eyb_quantity":1,"active":true,"latitude":25.00725,"longitude":121.51572,"updated_at":"2026-05-02T14:12:04+08:00"}},{"type":"Feature","geometry":{"type":"Point","coordinates":[121.52269,25.00674]},"properties":{"sno":500210031,"name":"YouBike2.0_永和國中(國中路)","name_en":"YouBike2.0_Yonghe Junior High School(Guozhong Rd.)","city":"新北市","city_en":"New Taipei City","area":"永和區","area_en":"Yonghe Dist","address":"國中路156號(對面)","address_en":"No. 156, Guozhong Rd.","total_quantity":15,"available_bikes":2,"available_spots":13,"yb2_quantity":2,"eyb_quantity":0,"active":true,"latitude":25.00674,"longitude":121.52269,"updated_at":"2026-05-02T14:38:04+08:00"}},{"type":"Feature","geometry":{"type":"Point","coordinates":[121.5117,25.00492]},"properties":{"sno":500210033,"name":"YouBike2.0_永貞水源街口","name_en":"YouBike2.0_Yongzheng Shuiyuan St. Intersection","city":"新北市","city_en":"New Taipei City","area":"永和區","area_en":"Yonghe Dist","address":"永貞路312號(前)","address_en":"No. 312, Yongzhen Rd.","total_quantity":12,"available_bikes":4,"available_spots":8,"yb2_quantity":4,"eyb_quantity":0,"active":true,"latitude":25.00492,"longitude":121.5117,"updated_at":"2026-05-02T14:33:03+08:00"}},{"type":"Feature","geometry":{"type":"Point","coordinates":[121.5087,25.01497]},"properties":{"sno":500210035,"name":"YouBike2.0_保安保福路二段口","name_en":"YouBike2.0_Bao'an & Sec. 2, Bao'fu Rd. Intersection","city":"新北市","city_en":"New Taipei City","area":"永和區","area_en":"Yonghe Dist","address":"保安路75號(前)","address_en":"No. 75, Bao'an Rd.","total_quantity":14,"available_bikes":0,"available_spots":14,"yb2_quantity":0,"eyb_quantity":0,"active":true,"latitude":25.01497,"longitude":121.5087,"updated_at":"2026-05-02T14:31:17+08:00"}},{"type":"Feature","geometry":{"type":"Point","coordinates":[121.5097,25.01422]},"properties":{"sno":500210036,"name":"YouBike2.0_保福保福路二段133巷口","name_en":"YouBike2.0_Bao'fu & Ln. 133, Sec. 2, Bao'fu Rd. Intersection","city":"新北市","city_en":"New Taipei City","area":"永和區","area_en":"Yonghe Dist","address":"保福路二段128號(前)","address_en":"No. 128, Sec. 2, Bao'fu Rd.","total_quantity":14,"available_bikes":2,"available_spots":10,"yb2_quantity":2,"eyb_quantity":0,"active":true,"latitude":25.01422,"longitude":121.5097,"updated_at":"2026-05-02T14:35:03+08:00"}},{"type":"Feature","geometry":{"type":"Point","coordinates":[121.51269,25.01329]},"properties":{"sno":500210037,"name":"YouBike2.0_仁愛信義路口","name_en":"YouBike2.0_Ren'ai Xinyi Rd. Intersection","city":"新北市","city_en":"New Taipei City","area":"永和區","area_en":"Yonghe Dist","address":"仁愛路97號(前)","address_en":"No. 97, Ren'ai Rd.","total_quantity":20,"available_bikes":6,"available_spots":14,"yb2_quantity":5,"eyb_quantity":1,"active":true,"latitude":25.01329,"longitude":121.51269,"updated_at":"2026-05-02T14:38:04+08:00"}},{"type":"Feature","geometry":{"type":"Point","coordinates":[121.51583,25.01455]},"properties":{"sno":500210038,"name":"YouBike2.0_永和勵行街口","name_en":"YouBike2.0_Yonghe Lixing St. Intersection","city":"新北市","city_en":"New Taipei City","area":"永和區","area_en":"Yonghe Dist","address":"永和路二段242號(旁人行道)","address_en":"No. 242, Sec. 2, Yonghe Rd.","total_quantity":10,"available_bikes":9,"available_spots":1,"yb2_quantity":9,"eyb_quantity":0,"active":true,"latitude":25.01455,"longitude":121.51583,"updated_at":"2026-05-02T14:39:02+08:00"}},{"type":"Feature","geometry":{"type":"Point","coordinates":[121.50303,25.00888]},"properties":{"sno":500210039,"name":"YouBike2.0_仁愛路306巷18弄口","name_en":"YouBike2.0_Aly. 18, Ln. 306, Ren'ai Rd. Intersection","city":"新北市","city_en":"New Taipei City","area":"永和區","area_en":"Yonghe Dist","address":"仁愛路306巷18弄3號","address_en":"No. 3, Aly. 18, Ln. 306, Ren'ai Rd.","total_quantity":13,"available_bikes":0,"available_spots":13,"yb2_quantity":0,"eyb_quantity":0,"active":true,"latitude":25.00888,"longitude":121.50303,"updated_at":"2026-05-02T14:39:02+08:00"}},{"type":"Feature","geometry":{"type":"Point","coordinates":[121.49972,25.009]},"properties":{"sno":500210040,"name":"YouBike2.0_瓦磘截流站","name_en":"YouBike2.0_Wayao Interception & Pumping Plant","city":"新北市","city_en":"New Taipei City","area":"永和區","area_en":"Yonghe Dist","address":"環河西路二段249號","address_en":"No. 249, Sec. 2, Huanhe W. Rd.","total_quantity":11,"available_bikes":4,"available_spots":7,"yb2_quantity":4,"eyb_quantity":0,"active":true,"latitude":25.009,"longitude":121.49972,"updated_at":"2026-05-02T14:32:02+08:00"}},{"type":"Feature","geometry":{"type":"Point","coordinates":[121.5101,25.0173]},"properties":{"sno":500210041,"name":"YouBike2.0_永成市民活動中心","name_en":"YouBike2.0_Yongzheng Civic Activity Center","city":"新北市","city_en":"New Taipei City","area":"永和區","area_en":"Yonghe Dist","address":"環河西路二段5號","address_en":"No. 5, Sec. 2, Huanhe W. Rd.","total_quantity":12,"available_bikes":2,"available_spots":10,"yb2_quantity":2,"eyb_quantity":0,"active":true,"latitude":25.0173,"longitude":121.5101,"updated_at":"2026-05-02T12:45:03+08:00"}},{"type":"Feature","geometry":{"type":"Point","coordinates":[121.52007,25.00239]},"properties":{"sno":500210042,"name":"YouBike2.0_秀朗路二段24巷16弄24號","name_en":"YouBike2.0_No. 24, Aly. 16, Ln. 24, Sec. 2, Xiulang Rd.","city":"新北市","city_en":"New Taipei City","area":"永和區","area_en":"Yonghe Dist","address":"秀朗路二段24巷16弄24號","address_en":"No. 24, Aly. 16, Ln. 24, Sec. 2, Xiulang Rd.","total_quantity":14,"available_bikes":2,"available_spots":12,"yb2_quantity":1,"eyb_quantity":1,"active":true,"latitude":25.00239,"longitude":121.52007,"updated_at":"2026-05-02T14:32:02+08:00"}},{"type":"Feature","geometry":{"type":"Point","coordinates":[121.51553,25.01803]},"properties":{"sno":500210043,"name":"YouBike2.0_中正橋(環河西路一段)","name_en":"YouBike2.0_Zhongzheng Birdge(Sec. 1, Huanhe W. Rd.)","city":"新北市","city_en":"New Taipei City","area":"永和區","area_en":"Yonghe Dist","address":"環河西路一段/永和路二段425巷(東南側)","address_en":"Sec. 1, Huanhe W. Rd. & Ln. 425, Sec. 2, Yonghe Rd.(Southeast)","total_quantity":24,"available_bikes":2,"available_spots":22,"yb2_quantity":2,"eyb_quantity":0,"active":true,"latitude":25.01803,"longitude":121.51553,"updated_at":"2026-05-02T13:57:04+08:00"}},{"type":"Feature","geometry":{"type":"Point","coordinates":[121.51416,25.01346]},"properties":{"sno":500210044,"name":"YouBike2.0_仁愛路40巷口","name_en":"YouBike2.0_Ln. 40, Ren'ai Rd. Intersection","city":"新北市","city_en":"New Taipei City","area":"永和區","area_en":"Yonghe Dist","address":"仁愛路46號(前)","address_en":"No. 46, Ren'ai Rd.","total_quantity":23,"available_bikes":1,"available_spots":13,"yb2_quantity":1,"eyb_quantity":0,"active":true,"latitude":25.01346,"longitude":121.51416,"updated_at":"2026-05-02T14:30:03+08:00"}},{"type":"Feature","geometry":{"type":"Point","coordinates":[121.51544,25.0131]},"properties":{"sno":500210045,"name":"YouBike2.0_捷運頂溪站(復興街1巷)","name_en":"YouBike2.0_MRT Dingxi Sta.(Ln. 1, Fuxing St.)","city":"新北市","city_en":"New Taipei City","area":"永和區","area_en":"Yonghe Dist","address":"永和路二段168號(旁)","address_en":"No. 168, Sec. 2, Yonghe Rd.","total_quantity":15,"available_bikes":8,"available_spots":7,"yb2_quantity":7,"eyb_quantity":1,"active":true,"latitude":25.0131,"longitude":121.51544,"updated_at":"2026-05-02T14:39:02+08:00"}},{"type":"Feature","geometry":{"type":"Point","coordinates":[121.51526,25.01223]},"properties":{"sno":500210046,"name":"YouBike2.0_捷運頂溪站(中興街)","name_en":"YouBike2.0_MRT Dingxi Sta.(Zhongxing St.)","city":"新北市","city_en":"New Taipei City","area":"永和區","area_en":"Yonghe Dist","address":"中興街1號(前)","address_en":"No. 1, Zhongxing St.","total_quantity":48,"available_bikes":17,"available_spots":15,"yb2_quantity":7,"eyb_quantity":10,"active":true,"latitude":25.01223,"longitude":121.51526,"updated_at":"2026-05-02T14:39:02+08:00"}},{"type":"Feature","geometry":{"type":"Point","coordinates":[121.51057,25.01452]},"properties":{"sno":500210047,"name":"YouBike2.0_頂溪國小地下停車場","name_en":"YouBike2.0_Dingxi Elementary School Parking","city":"新北市","city_en":"New Taipei City","area":"永和區","area_en":"Yonghe Dist","address":"文化路135巷64號(旁)","address_en":"No. 64, Ln. 135, Wenhua Rd.","total_quantity":13,"available_bikes":2,"available_spots":11,"yb2_quantity":2,"eyb_quantity":0,"active":true,"latitude":25.01452,"longitude":121.51057,"updated_at":"2026-05-02T14:16:03+08:00"}},{"type":"Feature","geometry":{"type":"Point","coordinates":[121.51375,25.01039]},"properties":{"sno":500210048,"name":"YouBike2.0_中山路一段17巷口","name_en":"YouBike2.0_Ln. 17, Sec. 1, Zhongshan Rd.Intersection","city":"新北市","city_en":"New Taipei City","area":"永和區","area_en":"Yonghe Dist","address":"中山路一段19號(旁)","address_en":"No. 19, Sec. 1, Zhongshan Rd.","total_quantity":11,"available_bikes":5,"available_spots":6,"yb2_quantity":5,"eyb_quantity":0,"active":true,"latitude":25.01039,"longitude":121.51375,"updated_at":"2026-05-02T14:38:04+08:00"}},{"type":"Feature","geometry":{"type":"Point","coordinates":[121.51864,25.01228]},"properties":{"sno":500210049,"name":"YouBike2.0_中信停車場(中興街)","name_en":"YouBike2.0_Zhongxin Parking Lot(Zhongxing St.)","city":"新北市","city_en":"New Taipei City","area":"永和區","area_en":"Yonghe Dist","address":"中興街88號","address_en":"No. 88, Zhongxing St.","total_quantity":17,"available_bikes":5,"available_spots":12,"yb2_quantity":4,"eyb_quantity":1,"active":true,"latitude":25.01228,"longitude":121.51864,"updated_at":"2026-05-02T14:37:02+08:00"}},{"type":"Feature","geometry":{"type":"Point","coordinates":[121.50883,25.00229]},"properties":{"sno":500210050,"name":"YouBike2.0_雙和公園","name_en":"YouBike2.0_Shuanghe Park","city":"新北市","city_en":"New Taipei City","area":"永和區","area_en":"Yonghe Dist","address":"雙和街37巷4號(旁)","address_en":"No.4, Ln.37, Shuanghe St. (Side)","total_quantity":11,"available_bikes":5,"available_spots":6,"yb2_quantity":4,"eyb_quantity":1,"active":true,"latitude":25.00229,"longitude":121.50883,"updated_at":"2026-05-02T14:39:02+08:00"}},{"type":"Feature","geometry":{"type":"Point","coordinates":[121.51591,25.00587]},"properties":{"sno":500210051,"name":"YouBike2.0_中正路465巷","name_en":"YouBike2.0_Ln.465, Zhongzheng Rd.","city":"新北市","city_en":"New Taipei City","area":"永和區","area_en":"Yonghe Dist","address":"中正路465巷36號(前)","address_en":"No.36, Ln.465, Zhongzheng Rd. (front)","total_quantity":17,"available_bikes":0,"available_spots":17,"yb2_quantity":0,"eyb_quantity":0,"active":true,"latitude":25.00587,"longitude":121.51591,"updated_at":"2026-05-02T13:56:18+08:00"}},{"type":"Feature","geometry":{"type":"Point","coordinates":[121.50109,25.01016]},"properties":{"sno":500210052,"name":"YouBike2.0_環河西路二段217巷口","name_en":"YouBike2.0_Ln. 217, Sec. 2, Huanhe W. Rd. Intersection","city":"新北市","city_en":"New Taipei City","area":"永和區","area_en":"Yonghe Dist","address":"環河西路二段221號(前)","address_en":"No. 221, Sec. 2, Huanhe W. Rd. (Front)","total_quantity":17,"available_bikes":5,"available_spots":12,"yb2_quantity":4,"eyb_quantity":1,"active":true,"latitude":25.01016,"longitude":121.50109,"updated_at":"2026-05-02T14:33:03+08:00"}},{"type":"Feature","geometry":{"type":"Point","coordinates":[121.50857,25.00532]},"properties":{"sno":500210053,"name":"YouBike2.0_保平路268巷","name_en":"YouBike2.0_Ln. 268, Baoping Rd.","city":"新北市","city_en":"New Taipei City","area":"永和區","area_en":"Yonghe Dist","address":"保平路236巷1弄15號(旁)","address_en":"No. 15, Aly. 1, Ln. 236, Baoping Rd. (Side)","total_quantity":13,"available_bikes":11,"available_spots":2,"yb2_quantity":10,"eyb_quantity":1,"active":true,"latitude":25.00532,"longitude":121.50857,"updated_at":"2026-05-02T14:39:02+08:00"}},{"type":"Feature","geometry":{"type":"Point","coordinates":[121.51634,24.99816]},"properties":{"sno":500210054,"name":"YouBike2.0_中正路242巷口","name_en":"YouBike2.0_Ln. 242, Zhongzheng Rd. Intersection","city":"新北市","city_en":"New Taipei City","area":"永和區","area_en":"Yonghe Dist","address":"中正路238號(前)","address_en":"No. 238, Zhongzheng Rd. (Front)","total_quantity":13,"available_bikes":6,"available_spots":7,"yb2_quantity":6,"eyb_quantity":0,"active":true,"latitude":24.99816,"longitude":121.51634,"updated_at":"2026-05-02T14:38:04+08:00"}},{"type":"Feature","geometry":{"type":"Point","coordinates":[121.52033,25.00432]},"properties":{"sno":500210055,"name":"YouBike2.0_福和國中(永利路)","name_en":"YouBike2.0_Fuhe Junior High School (YongLi Rd.)","city":"新北市","city_en":"New Taipei City","area":"永和區","area_en":"Yonghe Dist","address":"永利路72號(對面)","address_en":"No. 72, YongLi Rd. (Opposite)","total_quantity":22,"available_bikes":18,"available_spots":4,"yb2_quantity":18,"eyb_quantity":0,"active":true,"latitude":25.00432,"longitude":121.52033,"updated_at":"2026-05-02T14:37:02+08:00"}},{"type":"Feature","geometry":{"type":"Point","coordinates":[121.52209,25.28549]},"properties":{"sno":500211001,"name":"YouBike2.0_白沙灣","name_en":"YouBike2.0_Baisha Bay","city":"新北市","city_en":"New Taipei City","area":"石門區","area_en":"Shimen Dist","address":"下員坑33-6號(停車場)","address_en":"No. 33-5, Xiayuankeng (Parking)","total_quantity":56,"available_bikes":7,"available_spots":49,"yb2_quantity":5,"eyb_quantity":2,"active":true,"latitude":25.28549,"longitude":121.52209,"updated_at":"2026-05-02T14:23:03+08:00"}},{"type":"Feature","geometry":{"type":"Point","coordinates":[121.53624,25.29301]},"properties":{"sno":500211002,"name":"YouBike2.0_富基漁港","name_en":"YouBike2.0_Fuji Fishing Port","city":"新北市","city_en":"New Taipei City","area":"石門區","area_en":"Shimen Dist","address":"楓林17-10號(對側)","address_en":"No. 17-10, Fenglin. (Opposite)","total_quantity":26,"available_bikes":6,"available_spots":20,"yb2_quantity":6,"eyb_quantity":0,"active":true,"latitude":25.29301,"longitude":121.53624,"updated_at":"2026-05-02T14:09:03+08:00"}},{"type":"Feature","geometry":{"type":"Point","coordinates":[121.60759,25.2807]},"properties":{"sno":500211003,"name":"YouBike2.0_草里","name_en":"YouBike2.0_CaoLi","city":"新北市","city_en":"New Taipei City","area":"石門區","area_en":"Shimen Dist","address":"阿里荖18-1號(對側)","address_en":"No. 18-1, ALiLao (Opposite)","total_quantity":20,"available_bikes":8,"available_spots":12,"yb2_quantity":8,"eyb_quantity":0,"active":true,"latitude":25.2807,"longitude":121.60759,"updated_at":"2026-05-02T10:40:04+08:00"}},{"type":"Feature","geometry":{"type":"Point","coordinates":[121.54766,25.290158]},"properties":{"sno":500211004,"name":"YouBike2.0_石門風箏公園停車場","name_en":"YouBike2.0_ShiMen Kite Park Car Park","city":"新北市","city_en":"New Taipei City","area":"石門區","area_en":"Shimen Dist","address":"石門風箏公園停車場","address_en":"ShiMen Kite Park Car Park","total_quantity":25,"available_bikes":5,"available_spots":20,"yb2_quantity":5,"eyb_quantity":0,"active":true,"latitude":25.290158,"longitude":121.54766,"updated_at":"2026-05-02T14:04:03+08:00"}},{"type":"Feature","geometry":{"type":"Point","coordinates":[121.53101,25.28747]},"properties":{"sno":500211005,"name":"YouBike2.0_石門婚紗廣場","name_en":"YouBike2.0_Shimen Wedding Plaza","city":"新北市","city_en":"New Taipei City","area":"石門區","area_en":"Shimen Dist","address":"崁子脚58-18號(對側)","address_en":"No. 58-18, KanZiJiao (Opposite)","total_quantity":17,"available_bikes":2,"available_spots":15,"yb2_quantity":2,"eyb_quantity":0,"active":true,"latitude":25.28747,"longitude":121.53101,"updated_at":"2026-05-02T14:34:03+08:00"}},{"type":"Feature","geometry":{"type":"Point","coordinates":[121.6562,24.97551]},"properties":{"sno":500212001,"name":"YouBike2.0_烏塗窟聚福宮","name_en":"YouBike2.0_Wutu Grottoes Jufu Temple","city":"新北市","city_en":"New Taipei City","area":"石碇區","area_en":"Shiding Dist","address":"烏塗里1-1號與碇格路二段口","address_en":"Wutu Village No. 1-1","total_quantity":15,"available_bikes":6,"available_spots":9,"yb2_quantity":2,"eyb_quantity":4,"active":true,"latitude":24.97551,"longitude":121.6562,"updated_at":"2026-05-02T13:06:03+08:00"}},{"type":"Feature","geometry":{"type":"Point","coordinates":[121.65159,25.0057]},"properties":{"sno":500212002,"name":"YouBike2.0_淡蘭吊橋","name_en":"YouBike2.0_Dan Lan Suspension Bridge","city":"新北市","city_en":"New Taipei City","area":"石碇區","area_en":"Shiding Dist","address":"碇坪路一段18號南側(雙溪口第一停車場內)","address_en":"No. 18, Sec. 1, Dingping Rd.(South)","total_quantity":14,"available_bikes":5,"available_spots":9,"yb2_quantity":5,"eyb_quantity":0,"active":true,"latitude":25.0057,"longitude":121.65159,"updated_at":"2026-05-02T13:54:03+08:00"}},{"type":"Feature","geometry":{"type":"Point","coordinates":[121.65891,24.99139]},"properties":{"sno":500212003,"name":"YouBike2.0_石碇","name_en":"YouBike2.0_ShiDing","city":"新北市","city_en":"New Taipei City","area":"石碇區","area_en":"Shiding Dist","address":"碇坪路一段49號(西側)","address_en":"No. 49, Sec. 1, DingPing Rd. (West)","total_quantity":23,"available_bikes":8,"available_spots":15,"yb2_quantity":2,"eyb_quantity":6,"active":true,"latitude":24.99139,"longitude":121.65891,"updated_at":"2026-05-02T14:34:03+08:00"}},{"type":"Feature","geometry":{"type":"Point","coordinates":[121.72448,25.02398]},"properties":{"sno":500213001,"name":"YouBike2.0_菁桐老街","name_en":"YouBike2.0_JingTong Old Street","city":"新北市","city_en":"New Taipei City","area":"平溪區","area_en":"Pingxi Dist","address":"菁桐街113號(東側)","address_en":"No. 113, JingTong St. (East)","total_quantity":27,"available_bikes":7,"available_spots":20,"yb2_quantity":6,"eyb_quantity":1,"active":true,"latitude":25.02398,"longitude":121.72448,"updated_at":"2026-05-02T14:23:03+08:00"}},{"type":"Feature","geometry":{"type":"Point","coordinates":[121.73422,25.02348]},"properties":{"sno":500213002,"name":"YouBike2.0_平溪國中","name_en":"YouBike2.0_Pingxi Junior High School","city":"新北市","city_en":"New Taipei City","area":"平溪區","area_en":"Pingxi Dist","address":"靜安路二段295號(東側)","address_en":"No. 295, Sec. 2, JingAn Rd. (East)","total_quantity":55,"available_bikes":7,"available_spots":48,"yb2_quantity":7,"eyb_quantity":0,"active":true,"latitude":25.02348,"longitude":121.73422,"updated_at":"2026-05-02T14:21:03+08:00"}},{"type":"Feature","geometry":{"type":"Point","coordinates":[121.7372,25.02484]},"properties":{"sno":500213003,"name":"YouBike2.0_平溪市民活動中心","name_en":"YouBike2.0_PingXi Civil Activity Center","city":"新北市","city_en":"New Taipei City","area":"平溪區","area_en":"Pingxi Dist","address":"公園街17號","address_en":"No. 17, GongYuan St.","total_quantity":20,"available_bikes":10,"available_spots":10,"yb2_quantity":9,"eyb_quantity":1,"active":true,"latitude":25.02484,"longitude":121.7372,"updated_at":"2026-05-02T14:28:04+08:00"}},{"type":"Feature","geometry":{"type":"Point","coordinates":[121.74788,25.03005]},"properties":{"sno":500213004,"name":"YouBike2.0_嶺腳車站","name_en":"YouBike2.0_Lingjiao Station","city":"新北市","city_en":"New Taipei City","area":"平溪區","area_en":"Pingxi Dist","address":"嶺腳車站(西南側)","address_en":"LingJiao Station (Southwest)","total_quantity":30,"available_bikes":3,"available_spots":27,"yb2_quantity":3,"eyb_quantity":0,"active":true,"latitude":25.03005,"longitude":121.74788,"updated_at":"2026-05-02T13:52:19+08:00"}},{"type":"Feature","geometry":{"type":"Point","coordinates":[121.78279,25.04711]},"properties":{"sno":500213005,"name":"YouBike2.0_十分遊客中心","name_en":"YouBike2.0_ShiFen Visitor Information Center","city":"新北市","city_en":"New Taipei City","area":"平溪區","area_en":"Pingxi Dist","address":"南山坪136號(南側)","address_en":"No. 136, NanShanPing (South)","total_quantity":42,"available_bikes":3,"available_spots":39,"yb2_quantity":1,"eyb_quantity":2,"active":true,"latitude":25.04711,"longitude":121.78279,"updated_at":"2026-05-02T14:04:03+08:00"}},{"type":"Feature","geometry":{"type":"Point","coordinates":[121.62429,25.03881]},"properties":{"sno":500214001,"name":"YouBike2.0_東勢宜興活動中心","name_en":"YouBike2.0_Yixing Dongshi Activity Center","city":"新北市","city_en":"New Taipei City","area":"汐止區","area_en":"Xizhi Dist","address":"東勢街15-1號西南側","address_en":"No. 15-1, Dongshi St. (Southwest)","total_quantity":33,"available_bikes":5,"available_spots":28,"yb2_quantity":3,"eyb_quantity":2,"active":true,"latitude":25.03881,"longitude":121.62429,"updated_at":"2026-05-02T14:25:03+08:00"}},{"type":"Feature","geometry":{"type":"Point","coordinates":[121.64112,25.06319]},"properties":{"sno":500214002,"name":"YouBike2.0_工建樟樹一路口","name_en":"YouBike2.0_Gongjian Rd. & Zhangshu 1st Rd. Intersection","city":"新北市","city_en":"New Taipei City","area":"汐止區","area_en":"Xizhi Dist","address":"工建路50號南側","address_en":"No. 50, Gongjian Rd. (South)","total_quantity":44,"available_bikes":6,"available_spots":38,"yb2_quantity":1,"eyb_quantity":5,"active":true,"latitude":25.06319,"longitude":121.64112,"updated_at":"2026-05-02T14:39:02+08:00"}},{"type":"Feature","geometry":{"type":"Point","coordinates":[121.64039,25.06693]},"properties":{"sno":500214003,"name":"YouBike2.0_樟樹國小","name_en":"YouBike2.0_Zhangshu Elementary School","city":"新北市","city_en":"New Taipei City","area":"汐止區","area_en":"Xizhi Dist","address":"樟樹二路137號東側","address_en":"No. 137, Zhangshu 2nd Rd. (East)","total_quantity":50,"available_bikes":2,"available_spots":48,"yb2_quantity":2,"eyb_quantity":0,"active":true,"latitude":25.06693,"longitude":121.64039,"updated_at":"2026-05-02T14:39:02+08:00"}},{"type":"Feature","geometry":{"type":"Point","coordinates":[121.63496,25.05793]},"properties":{"sno":500214004,"name":"YouBike2.0_台灣科學園區","name_en":"YouBike2.0_Taiwan Science Park","city":"新北市","city_en":"New Taipei City","area":"汐止區","area_en":"Xizhi Dist","address":"大同路一段237號","address_en":"No. 237, Sec. 1, Datong Rd.","total_quantity":54,"available_bikes":15,"available_spots":39,"yb2_quantity":8,"eyb_quantity":7,"active":true,"latitude":25.05793,"longitude":121.63496,"updated_at":"2026-05-02T14:33:03+08:00"}},{"type":"Feature","geometry":{"type":"Point","coordinates":[121.62602,25.05808]},"properties":{"sno":500214005,"name":"YouBike2.0_雍和科學園區","name_en":"YouBike2.0_Yonghe Science Park","city":"新北市","city_en":"New Taipei City","area":"汐止區","area_en":"Xizhi Dist","address":"南陽街209號","address_en":"No. 209, Nanyang St.","total_quantity":33,"available_bikes":1,"available_spots":32,"yb2_quantity":1,"eyb_quantity":0,"active":true,"latitude":25.05808,"longitude":121.62602,"updated_at":"2026-05-02T14:33:18+08:00"}},{"type":"Feature","geometry":{"type":"Point","coordinates":[121.64684226184235,25.06274482486429]},"properties":{"sno":500214006,"name":"YouBike2.0_汐科火車站(南)","name_en":"YouBike2.0_Xike Railway Station(South)","city":"新北市","city_en":"New Taipei City","area":"汐止區","area_en":"Xizhi Dist","address":"大同路二段182號東側","address_en":"No.182, Sec. 2, Datong Rd.","total_quantity":77,"available_bikes":46,"available_spots":31,"yb2_quantity":31,"eyb_quantity":15,"active":true,"latitude":25.06274482486429,"longitude":121.64684226184235,"updated_at":"2026-05-02T14:32:02+08:00"}},{"type":"Feature","geometry":{"type":"Point","coordinates":[121.63304,25.06507]},"properties":{"sno":500214007,"name":"YouBike2.0_原興廣場","name_en":"YouBike2.0_Yuan Xing Square","city":"新北市","city_en":"New Taipei City","area":"汐止區","area_en":"Xizhi Dist","address":"中興路150巷12號西南側","address_en":"No.12, Ln. 150, Zhongxing Rd.","total_quantity":49,"available_bikes":18,"available_spots":31,"yb2_quantity":18,"eyb_quantity":0,"active":true,"latitude":25.06507,"longitude":121.63304,"updated_at":"2026-05-02T14:38:04+08:00"}},{"type":"Feature","geometry":{"type":"Point","coordinates":[121.64951,25.06126]},"properties":{"sno":500214008,"name":"YouBike2.0_東方科學園區","name_en":"YouBike2.0_Oriental Science Park","city":"新北市","city_en":"New Taipei City","area":"汐止區","area_en":"Xizhi Dist","address":"新台五路一段114號","address_en":"No.114, Sec. 1, Xintai 5th Rd.","total_quantity":63,"available_bikes":29,"available_spots":34,"yb2_quantity":29,"eyb_quantity":0,"active":true,"latitude":25.06126,"longitude":121.64951,"updated_at":"2026-05-02T14:06:03+08:00"}},{"type":"Feature","geometry":{"type":"Point","coordinates":[121.65294,25.06426]},"properties":{"sno":500214009,"name":"YouBike2.0_汐科火車站(北)","name_en":"YouBike2.0_Xike Railway Station(North)","city":"新北市","city_en":"New Taipei City","area":"汐止區","area_en":"Xizhi Dist","address":"大同路二段197號南側","address_en":"No.197,Sec. 2, Datong Rd.","total_quantity":76,"available_bikes":55,"available_spots":19,"yb2_quantity":48,"eyb_quantity":7,"active":true,"latitude":25.06426,"longitude":121.65294,"updated_at":"2026-05-02T14:37:02+08:00"}},{"type":"Feature","geometry":{"type":"Point","coordinates":[121.65559,25.06103]},"properties":{"sno":500214010,"name":"YouBike2.0_青山國民中小學","name_en":"YouBike2.0_Qingshan Elementary and Junior High School","city":"新北市","city_en":"New Taipei City","area":"汐止區","area_en":"Xizhi Dist","address":"莊敬街84-1號南側","address_en":"No.84-1, Zhuangjing St.","total_quantity":56,"available_bikes":5,"available_spots":50,"yb2_quantity":3,"eyb_quantity":2,"active":true,"latitude":25.06103,"longitude":121.65559,"updated_at":"2026-05-02T14:39:02+08:00"}},{"type":"Feature","geometry":{"type":"Point","coordinates":[121.61889,25.04758]},"properties":{"sno":500214011,"name":"YouBike2.0_白雲國小","name_en":"YouBike2.0_Jinlong Elementary School","city":"新北市","city_en":"New Taipei City","area":"汐止區","area_en":"Xizhi Dist","address":"民權街二段90號","address_en":"No.90, Sec. 2, Minquan St.","total_quantity":43,"available_bikes":4,"available_spots":39,"yb2_quantity":4,"eyb_quantity":0,"active":true,"latitude":25.04758,"longitude":121.61889,"updated_at":"2026-05-02T14:34:03+08:00"}},{"type":"Feature","geometry":{"type":"Point","coordinates":[121.65521,25.05688]},"properties":{"sno":500214012,"name":"YouBike2.0_文化白雲公園","name_en":"YouBike2.0_Wenhua-Baiyun Park","city":"新北市","city_en":"New Taipei City","area":"汐止區","area_en":"Xizhi Dist","address":"水源路二段42號","address_en":"No.42 to No.68, Sec. 2, Shuiyuan Rd.","total_quantity":76,"available_bikes":12,"available_spots":64,"yb2_quantity":7,"eyb_quantity":5,"active":true,"latitude":25.05688,"longitude":121.65521,"updated_at":"2026-05-02T14:38:04+08:00"}},{"type":"Feature","geometry":{"type":"Point","coordinates":[121.65443,25.06299]},"properties":{"sno":500214013,"name":"YouBike2.0_連興龍安路口","name_en":"YouBike2.0_lianxing","city":"新北市","city_en":"New Taipei City","area":"汐止區","area_en":"Xizhi Dist","address":"連興路/龍安路28巷","address_en":"lianxing","total_quantity":70,"available_bikes":4,"available_spots":66,"yb2_quantity":0,"eyb_quantity":4,"active":true,"latitude":25.06299,"longitude":121.65443,"updated_at":"2026-05-02T14:33:03+08:00"}},{"type":"Feature","geometry":{"type":"Point","coordinates":[121.65255,25.05978]},"properties":{"sno":500214014,"name":"YouBike2.0_南興公園","name_en":"YouBike2.0_Nanxing Park","city":"新北市","city_en":"New Taipei City","area":"汐止區","area_en":"Xizhi Dist","address":"南興路62號旁(南興公園內)","address_en":"No.62, Nanxing Rd.","total_quantity":32,"available_bikes":3,"available_spots":29,"yb2_quantity":2,"eyb_quantity":1,"active":true,"latitude":25.05978,"longitude":121.65255,"updated_at":"2026-05-02T14:33:03+08:00"}},{"type":"Feature","geometry":{"type":"Point","coordinates":[121.63502,25.07105]},"properties":{"sno":500214015,"name":"YouBike2.0_民族二街明峰街口","name_en":"YouBike2.0_Minzu 2nd & Mingfeng Intersection","city":"新北市","city_en":"New Taipei City","area":"汐止區","area_en":"Xizhi Dist","address":"明峰街13號(右側路側)","address_en":"No.13, Mingfeng St., Xizhi Dist.","total_quantity":22,"available_bikes":14,"available_spots":8,"yb2_quantity":10,"eyb_quantity":4,"active":true,"latitude":25.07105,"longitude":121.63502,"updated_at":"2026-05-02T14:34:03+08:00"}},{"type":"Feature","geometry":{"type":"Point","coordinates":[121.63748,25.06894]},"properties":{"sno":500214016,"name":"YouBike2.0_康福公園","name_en":"YouBike2.0_Kangfu Park","city":"新北市","city_en":"New Taipei City","area":"汐止區","area_en":"Xizhi Dist","address":"福德一路86巷23號(旁)","address_en":"No. 86, Fude 1st Rd., Xizhi Dist.","total_quantity":28,"available_bikes":10,"available_spots":18,"yb2_quantity":9,"eyb_quantity":1,"active":true,"latitude":25.06894,"longitude":121.63748,"updated_at":"2026-05-02T14:38:04+08:00"}},{"type":"Feature","geometry":{"type":"Point","coordinates":[121.66275,25.06891]},"properties":{"sno":500214017,"name":"YouBike2.0_汐止火車站","name_en":"YouBike2.0_Xizhi Railway Station","city":"新北市","city_en":"New Taipei City","area":"汐止區","area_en":"Xizhi Dist","address":"南昌街/新昌路口(西側廣場)","address_en":"Nanchang St./Xinchang Rd.","total_quantity":56,"available_bikes":2,"available_spots":42,"yb2_quantity":1,"eyb_quantity":1,"active":true,"latitude":25.06891,"longitude":121.66275,"updated_at":"2026-05-02T14:37:02+08:00"}},{"type":"Feature","geometry":{"type":"Point","coordinates":[121.66626,25.07368]},"properties":{"sno":500214018,"name":"YouBike2.0_橋東里(忠孝東路)","name_en":"YouBike2.0_Qiaodong Village (Zhongxiao E. Rd.)","city":"新北市","city_en":"New Taipei City","area":"汐止區","area_en":"Xizhi Dist","address":"忠孝東路484號至488號前","address_en":"No.484 to No.488, Zhongxiao E. Rd.","total_quantity":36,"available_bikes":19,"available_spots":17,"yb2_quantity":12,"eyb_quantity":7,"active":true,"latitude":25.07368,"longitude":121.66626,"updated_at":"2026-05-02T14:34:03+08:00"}},{"type":"Feature","geometry":{"type":"Point","coordinates":[121.667,25.07051]},"properties":{"sno":500214019,"name":"YouBike2.0_崇德橋東活動中心","name_en":"YouBike2.0_Chungde-Ciaodong Activity Center","city":"新北市","city_en":"New Taipei City","area":"汐止區","area_en":"Xizhi Dist","address":"茄苳路84號(崇德橋東里民活動中心前)","address_en":"No.84, Jiadong Rd.","total_quantity":22,"available_bikes":3,"available_spots":16,"yb2_quantity":1,"eyb_quantity":2,"active":true,"latitude":25.07051,"longitude":121.667,"updated_at":"2026-05-02T14:31:03+08:00"}},{"type":"Feature","geometry":{"type":"Point","coordinates":[121.65865,25.07289]},"properties":{"sno":500214020,"name":"YouBike2.0_世貿國家公園社區","name_en":"YouBike2.0_Shi Mao National Park Community","city":"新北市","city_en":"New Taipei City","area":"汐止區","area_en":"Xizhi Dist","address":"長江路101號(對面)","address_en":"No.101, Changjiang St., Xizhi Dist.","total_quantity":20,"available_bikes":2,"available_spots":18,"yb2_quantity":2,"eyb_quantity":0,"active":true,"latitude":25.07289,"longitude":121.65865,"updated_at":"2026-05-02T14:36:04+08:00"}},{"type":"Feature","geometry":{"type":"Point","coordinates":[121.65207,25.07207]},"properties":{"sno":500214021,"name":"YouBike2.0_蘭庭序大廈","name_en":"YouBike2.0_Lantingji Xu Community","city":"新北市","city_en":"New Taipei City","area":"汐止區","area_en":"Xizhi Dist","address":"汐萬路一段201號前","address_en":"No.201, Sec. 1, Xiwan Rd., Xizhi Dist.","total_quantity":30,"available_bikes":3,"available_spots":27,"yb2_quantity":2,"eyb_quantity":1,"active":true,"latitude":25.07207,"longitude":121.65207,"updated_at":"2026-05-02T14:38:04+08:00"}},{"type":"Feature","geometry":{"type":"Point","coordinates":[121.66256,25.07315]},"properties":{"sno":500214022,"name":"YouBike2.0_國泰綜合醫院","name_en":"YouBike2.0_Cathay General Hospital","city":"新北市","city_en":"New Taipei City","area":"汐止區","area_en":"Xizhi Dist","address":"建成路78號南側","address_en":"No78, Jiancheng Rd","total_quantity":44,"available_bikes":35,"available_spots":8,"yb2_quantity":35,"eyb_quantity":0,"active":true,"latitude":25.07315,"longitude":121.66256,"updated_at":"2026-05-02T14:36:04+08:00"}},{"type":"Feature","geometry":{"type":"Point","coordinates":[121.64595,25.08903]},"properties":{"sno":500214023,"name":"YouBike2.0_北港國小","name_en":"YouBike2.0_Beigang Elementary School","city":"新北市","city_en":"New Taipei City","area":"汐止區","area_en":"Xizhi Dist","address":"汐萬路二段279號","address_en":"No.279, Sec. 2, Xiwan Rd.","total_quantity":20,"available_bikes":4,"available_spots":16,"yb2_quantity":3,"eyb_quantity":1,"active":true,"latitude":25.08903,"longitude":121.64595,"updated_at":"2026-05-02T14:29:02+08:00"}},{"type":"Feature","geometry":{"type":"Point","coordinates":[121.62697,25.06809]},"properties":{"sno":500214024,"name":"YouBike2.0_康寧街307巷","name_en":"YouBike2.0_Ln. 307, Kangning St.","city":"新北市","city_en":"New Taipei City","area":"汐止區","area_en":"Xizhi Dist","address":"明峰街281號東側","address_en":"No. 281, Mingfeng St., Xizhi Dist.(East)","total_quantity":28,"available_bikes":2,"available_spots":26,"yb2_quantity":2,"eyb_quantity":0,"active":true,"latitude":25.06809,"longitude":121.62697,"updated_at":"2026-05-02T14:24:04+08:00"}},{"type":"Feature","geometry":{"type":"Point","coordinates":[121.62449,25.0782]},"properties":{"sno":500214025,"name":"YouBike2.0_忠山市民活動中心","name_en":"YouBike2.0_Jhongshan Civil Activity Center","city":"新北市","city_en":"New Taipei City","area":"汐止區","area_en":"Xizhi Dist","address":"忠三街8號","address_en":"No.8, Zhong 3rd St.","total_quantity":38,"available_bikes":15,"available_spots":23,"yb2_quantity":13,"eyb_quantity":2,"active":true,"latitude":25.0782,"longitude":121.62449,"updated_at":"2026-05-02T14:31:03+08:00"}},{"type":"Feature","geometry":{"type":"Point","coordinates":[121.66168,25.06795]},"properties":{"sno":500214027,"name":"YouBike2.0_汐止火車站停車場","name_en":"YouBike2.0_Xizhi Railway Station Parking Lot","city":"新北市","city_en":"New Taipei City","area":"汐止區","area_en":"Xizhi Dist","address":"忠孝東路211巷28號","address_en":"No. 1, Xinyi Rd., Xizhi Dist.","total_quantity":99,"available_bikes":83,"available_spots":16,"yb2_quantity":78,"eyb_quantity":5,"active":true,"latitude":25.06795,"longitude":121.66168,"updated_at":"2026-05-02T14:35:03+08:00"}},{"type":"Feature","geometry":{"type":"Point","coordinates":[121.66979,25.06938]},"properties":{"sno":500214028,"name":"YouBike2.0_崇德國小","name_en":"YouBike2.0_Chongde Elementary School","city":"新北市","city_en":"New Taipei City","area":"汐止區","area_en":"Xizhi Dist","address":"茄苳路158號","address_en":"No.158, Jiadong Rd., Xizhi Dist.","total_quantity":47,"available_bikes":2,"available_spots":45,"yb2_quantity":1,"eyb_quantity":1,"active":true,"latitude":25.06938,"longitude":121.66979,"updated_at":"2026-05-02T14:31:03+08:00"}},{"type":"Feature","geometry":{"type":"Point","coordinates":[121.67434,25.07952]},"properties":{"sno":500214029,"name":"YouBike2.0_保長公園","name_en":"YouBike2.0_Baochang Park","city":"新北市","city_en":"New Taipei City","area":"汐止區","area_en":"Xizhi Dist","address":"保一街79號西南側","address_en":"No. 70, Bao1. St.(Southwest)","total_quantity":66,"available_bikes":26,"available_spots":40,"yb2_quantity":25,"eyb_quantity":1,"active":true,"latitude":25.07952,"longitude":121.67434,"updated_at":"2026-05-02T14:38:04+08:00"}},{"type":"Feature","geometry":{"type":"Point","coordinates":[121.66846,25.08033]},"properties":{"sno":500214030,"name":"YouBike2.0_長安橋(吉祥街12巷)","name_en":"YouBike2.0_Chang An Bridge (Ln. 12, Jixiang St.)","city":"新北市","city_en":"New Taipei City","area":"汐止區","area_en":"Xizhi Dist","address":"吉祥街8號南側","address_en":"No. 8, Jixiang St., Xizhi Dist.(South)","total_quantity":43,"available_bikes":19,"available_spots":24,"yb2_quantity":15,"eyb_quantity":4,"active":true,"latitude":25.08033,"longitude":121.66846,"updated_at":"2026-05-02T14:36:04+08:00"}},{"type":"Feature","geometry":{"type":"Point","coordinates":[121.62867,25.0691]},"properties":{"sno":500214031,"name":"YouBike2.0_金龍國小","name_en":"YouBike2.0_Jinlong Elementary School","city":"新北市","city_en":"New Taipei City","area":"汐止區","area_en":"Xizhi Dist","address":"中興路282號西側","address_en":"No.282, Zhongxing Rd. (West)","total_quantity":29,"available_bikes":8,"available_spots":21,"yb2_quantity":6,"eyb_quantity":2,"active":true,"latitude":25.0691,"longitude":121.62867,"updated_at":"2026-05-02T14:37:02+08:00"}},{"type":"Feature","geometry":{"type":"Point","coordinates":[121.63153,25.06947]},"properties":{"sno":500214033,"name":"YouBike2.0_金龍公園","name_en":"YouBike2.0_Jinlong Park","city":"新北市","city_en":"New Taipei City","area":"汐止區","area_en":"Xizhi Dist","address":"康寧街469巷19號東側","address_en":"No.19, Ln.469, Kangning St.(East)","total_quantity":42,"available_bikes":3,"available_spots":39,"yb2_quantity":3,"eyb_quantity":0,"active":true,"latitude":25.06947,"longitude":121.63153,"updated_at":"2026-05-02T14:34:03+08:00"}},{"type":"Feature","geometry":{"type":"Point","coordinates":[121.66764,25.07823]},"properties":{"sno":500214034,"name":"YouBike2.0_五堵火車站","name_en":"YouBike2.0_Wudu Railway Station","city":"新北市","city_en":"New Taipei City","area":"汐止區","area_en":"Xizhi Dist","address":"長安路17號(鄉長路一段)","address_en":"No.17, Chang'an Rd.(Sec. 1, Xiangzhang Rd.)","total_quantity":66,"available_bikes":39,"available_spots":25,"yb2_quantity":37,"eyb_quantity":2,"active":true,"latitude":25.07823,"longitude":121.66764,"updated_at":"2026-05-02T14:33:03+08:00"}},{"type":"Feature","geometry":{"type":"Point","coordinates":[121.6583,25.06416]},"properties":{"sno":500214035,"name":"YouBike2.0_汐止區公所","name_en":"YouBike2.0_Xizhi Dist. Office","city":"新北市","city_en":"New Taipei City","area":"汐止區","area_en":"Xizhi Dist","address":"新台五路一段262號","address_en":"No.262, Sec. 1, Xintaiwu Rd.","total_quantity":32,"available_bikes":10,"available_spots":22,"yb2_quantity":5,"eyb_quantity":5,"active":true,"latitude":25.06416,"longitude":121.6583,"updated_at":"2026-05-02T14:20:04+08:00"}},{"type":"Feature","geometry":{"type":"Point","coordinates":[121.6641,25.0652]},"properties":{"sno":500214036,"name":"YouBike2.0_仁愛路151巷口","name_en":"YouBike2.0_Ren Ai Rd 151 Ln","city":"新北市","city_en":"New Taipei City","area":"汐止區","area_en":"Xizhi Dist","address":"仁愛路163號","address_en":"No.163, Ren’ai Rd., Xizhi Dist.","total_quantity":59,"available_bikes":19,"available_spots":40,"yb2_quantity":19,"eyb_quantity":0,"active":true,"latitude":25.0652,"longitude":121.6641,"updated_at":"2026-05-02T14:37:02+08:00"}},{"type":"Feature","geometry":{"type":"Point","coordinates":[121.6351,25.06575]},"properties":{"sno":500214037,"name":"YouBike2.0_福德一路201巷口(福德ONE社區)","name_en":"YouBike2.0_Ln. 201, Fude 1st Rd.","city":"新北市","city_en":"New Taipei City","area":"汐止區","area_en":"Xizhi Dist","address":"福德一路205號(對面)","address_en":"No. 205, Fude 1st Rd. (Opposite)","total_quantity":37,"available_bikes":11,"available_spots":26,"yb2_quantity":9,"eyb_quantity":2,"active":true,"latitude":25.06575,"longitude":121.6351,"updated_at":"2026-05-02T14:33:03+08:00"}},{"type":"Feature","geometry":{"type":"Point","coordinates":[121.63447,25.06227]},"properties":{"sno":500214038,"name":"YouBike2.0_矽谷園區","name_en":"YouBike2.0_Silicon Valley Park","city":"新北市","city_en":"New Taipei City","area":"汐止區","area_en":"Xizhi Dist","address":"中興路45-1號(旁)","address_en":"No. 45-1, Zhongxing Rd.","total_quantity":48,"available_bikes":13,"available_spots":35,"yb2_quantity":9,"eyb_quantity":4,"active":true,"latitude":25.06227,"longitude":121.63447,"updated_at":"2026-05-02T14:29:02+08:00"}},{"type":"Feature","geometry":{"type":"Point","coordinates":[121.61988,25.06833]},"properties":{"sno":500214039,"name":"YouBike2.0_華城橋（康寧街61巷）","name_en":"YouBike2.0_Huacheng Bridge (Ln. 61, Kangning St.)","city":"新北市","city_en":"New Taipei City","area":"汐止區","area_en":"Xizhi Dist","address":"康寧街61巷口(堤防邊)","address_en":"Ln. 61, Kangning St.","total_quantity":30,"available_bikes":6,"available_spots":24,"yb2_quantity":2,"eyb_quantity":4,"active":true,"latitude":25.06833,"longitude":121.61988,"updated_at":"2026-05-02T14:11:03+08:00"}},{"type":"Feature","geometry":{"type":"Point","coordinates":[121.6384,25.07299]},"properties":{"sno":500214040,"name":"YouBike2.0_伯爵山莊第二期(康寧街)","name_en":"YouBike2.0_Earl's Villa Phase II (Corning Street)","city":"新北市","city_en":"New Taipei City","area":"汐止區","area_en":"Xizhi Dist","address":"康寧街749號南側","address_en":"No. 749, Kangning St.(South)","total_quantity":15,"available_bikes":8,"available_spots":7,"yb2_quantity":7,"eyb_quantity":1,"active":true,"latitude":25.07299,"longitude":121.6384,"updated_at":"2026-05-02T14:36:04+08:00"}},{"type":"Feature","geometry":{"type":"Point","coordinates":[121.66801,25.06786]},"properties":{"sno":500214041,"name":"YouBike2.0_啟德橋(招商街)","name_en":"YouBike2.0_Qide Bridge","city":"新北市","city_en":"New Taipei City","area":"汐止區","area_en":"Xizhi Dist","address":"招商街/啟德橋(東南側)","address_en":"Zhaoshang St. & Qide Bridge(Southeast)","total_quantity":19,"available_bikes":1,"available_spots":18,"yb2_quantity":0,"eyb_quantity":1,"active":true,"latitude":25.06786,"longitude":121.66801,"updated_at":"2026-05-02T13:34:01+08:00"}},{"type":"Feature","geometry":{"type":"Point","coordinates":[121.64481,25.07578]},"properties":{"sno":500214042,"name":"YouBike2.0_樟江大橋","name_en":"YouBike2.0_Zhangjiang Bridge","city":"新北市","city_en":"New Taipei City","area":"汐止區","area_en":"Xizhi Dist","address":"翠峰街2巷2號西南側","address_en":"No. 2, Ln. 2, Cuifeng St.(Southwest)","total_quantity":13,"available_bikes":4,"available_spots":9,"yb2_quantity":3,"eyb_quantity":1,"active":true,"latitude":25.07578,"longitude":121.64481,"updated_at":"2026-05-02T14:15:02+08:00"}},{"type":"Feature","geometry":{"type":"Point","coordinates":[121.66172,25.06635]},"properties":{"sno":500214043,"name":"YouBike2.0_秀峰高中(忠孝東路)","name_en":"YouBike2.0_Xiufeng High School(Zhongxiao E. Rd.)","city":"新北市","city_en":"New Taipei City","area":"汐止區","area_en":"Xizhi Dist","address":"忠孝東路202號北側","address_en":"No. 202, Zhongxiao E. Rd.(North)","total_quantity":16,"available_bikes":10,"available_spots":6,"yb2_quantity":8,"eyb_quantity":2,"active":true,"latitude":25.06635,"longitude":121.66172,"updated_at":"2026-05-02T14:20:04+08:00"}},{"type":"Feature","geometry":{"type":"Point","coordinates":[121.6627,25.07201]},"properties":{"sno":500214044,"name":"YouBike2.0_台練橋","name_en":"YouBike2.0_Tailian Bridge","city":"新北市","city_en":"New Taipei City","area":"汐止區","area_en":"Xizhi Dist","address":"和平街46巷26號北側","address_en":"No. 26, Ln. 46, Heping St.(North)","total_quantity":14,"available_bikes":4,"available_spots":10,"yb2_quantity":4,"eyb_quantity":0,"active":true,"latitude":25.07201,"longitude":121.6627,"updated_at":"2026-05-02T14:36:04+08:00"}},{"type":"Feature","geometry":{"type":"Point","coordinates":[121.64286319301775,25.070296258183784]},"properties":{"sno":500214045,"name":"YouBike2.0_樟樹一山光路口","name_en":"YouBike2.0_Zhangshu 1st. & Shanguang Rd. Intersection","city":"新北市","city_en":"New Taipei City","area":"汐止區","area_en":"Xizhi Dist","address":"樟樹二路330巷32號東側","address_en":"No. 32, Ln. 330, Zhangshu 2nd Rd.(East)","total_quantity":30,"available_bikes":10,"available_spots":20,"yb2_quantity":10,"eyb_quantity":0,"active":true,"latitude":25.070296258183784,"longitude":121.64286319301775,"updated_at":"2026-05-02T14:15:02+08:00"}},{"type":"Feature","geometry":{"type":"Point","coordinates":[121.65693,25.06538]},"properties":{"sno":500214046,"name":"YouBike2.0_汐止國民運動中心","name_en":"YouBike2.0_Xizhi Civil Sports Center","city":"新北市","city_en":"New Taipei City","area":"汐止區","area_en":"Xizhi Dist","address":"汐科路321號","address_en":"No. 321, Xike Rd.","total_quantity":12,"available_bikes":5,"available_spots":7,"yb2_quantity":4,"eyb_quantity":1,"active":true,"latitude":25.06538,"longitude":121.65693,"updated_at":"2026-05-02T14:31:03+08:00"}},{"type":"Feature","geometry":{"type":"Point","coordinates":[121.63077,25.06641]},"properties":{"sno":500214048,"name":"YouBike2.0_中興福德三路口","name_en":"YouBike2.0_Zhongxing Fude 3rd Rd. Intersection","city":"新北市","city_en":"New Taipei City","area":"汐止區","area_en":"Xizhi Dist","address":"中興路177號","address_en":"No. 177, Zhongxing Rd.","total_quantity":10,"available_bikes":0,"available_spots":10,"yb2_quantity":0,"eyb_quantity":0,"active":true,"latitude":25.06641,"longitude":121.63077,"updated_at":"2026-05-02T13:48:17+08:00"}},{"type":"Feature","geometry":{"type":"Point","coordinates":[121.66255,25.07335]},"properties":{"sno":500214049,"name":"YouBike2.0_建成路142巷口","name_en":"YouBike2.0_Ln. 142, Jiancheng Rd. Intersection","city":"新北市","city_en":"New Taipei City","area":"汐止區","area_en":"Xizhi Dist","address":"建成路142巷5號東側","address_en":"No. 5, Ln. 142, Jiancheng Rd.(East)","total_quantity":53,"available_bikes":6,"available_spots":47,"yb2_quantity":4,"eyb_quantity":2,"active":true,"latitude":25.07335,"longitude":121.66255,"updated_at":"2026-05-02T14:36:04+08:00"}},{"type":"Feature","geometry":{"type":"Point","coordinates":[121.63533,25.06841]},"properties":{"sno":500214050,"name":"YouBike2.0_福德二路19巷口","name_en":"YouBike2.0_Ln. 19, Fude 2nd Rd. Intersection","city":"新北市","city_en":"New Taipei City","area":"汐止區","area_en":"Xizhi Dist","address":"福德二路21號北側","address_en":"No. 21, Fude 2nd Rd.(North)","total_quantity":12,"available_bikes":4,"available_spots":8,"yb2_quantity":2,"eyb_quantity":2,"active":true,"latitude":25.06841,"longitude":121.63533,"updated_at":"2026-05-02T13:55:04+08:00"}},{"type":"Feature","geometry":{"type":"Point","coordinates":[121.63535,25.06128]},"properties":{"sno":500214051,"name":"YouBike2.0_中興工建路口","name_en":"YouBike2.0_Zhongxing Gongjian Rd. Intersection","city":"新北市","city_en":"New Taipei City","area":"汐止區","area_en":"Xizhi Dist","address":"中興路60號西側","address_en":"No. 60, Zhongxing Rd.(West)","total_quantity":20,"available_bikes":6,"available_spots":14,"yb2_quantity":6,"eyb_quantity":0,"active":true,"latitude":25.06128,"longitude":121.63535,"updated_at":"2026-05-02T13:37:04+08:00"}},{"type":"Feature","geometry":{"type":"Point","coordinates":[121.67187,25.08055]},"properties":{"sno":500214052,"name":"YouBike2.0_長興橋","name_en":"YouBike2.0_Changxing Bridge","city":"新北市","city_en":"New Taipei City","area":"汐止區","area_en":"Xizhi Dist","address":"長興街二段2巷1號北側","address_en":"No. 1, Ln. 2, Sec. 2, Changxing St.(North)","total_quantity":15,"available_bikes":5,"available_spots":10,"yb2_quantity":4,"eyb_quantity":1,"active":true,"latitude":25.08055,"longitude":121.67187,"updated_at":"2026-05-02T13:57:04+08:00"}},{"type":"Feature","geometry":{"type":"Point","coordinates":[121.66821,25.07813]},"properties":{"sno":500214053,"name":"YouBike2.0_五堵車站(長安路)","name_en":"YouBike2.0_Wudu Sta.(Chang'an Rd.)","city":"新北市","city_en":"New Taipei City","area":"汐止區","area_en":"Xizhi Dist","address":"長安路40號","address_en":"No. 40 Chang'an Rd.","total_quantity":13,"available_bikes":1,"available_spots":12,"yb2_quantity":1,"eyb_quantity":0,"active":true,"latitude":25.07813,"longitude":121.66821,"updated_at":"2026-05-02T14:05:04+08:00"}},{"type":"Feature","geometry":{"type":"Point","coordinates":[121.66558,25.07258]},"properties":{"sno":500214054,"name":"YouBike2.0_大同建成路口","name_en":"YouBike2.0_DatongJiancheng Rd. Intersection","city":"新北市","city_en":"New Taipei City","area":"汐止區","area_en":"Xizhi Dist","address":"忠孝東路455號(西側高架橋下)","address_en":"No. 455, Zhongxiao E. Rd., Xizhi Dist.(Under the viaduct)","total_quantity":30,"available_bikes":6,"available_spots":24,"yb2_quantity":5,"eyb_quantity":1,"active":true,"latitude":25.07258,"longitude":121.66558,"updated_at":"2026-05-02T14:08:03+08:00"}},{"type":"Feature","geometry":{"type":"Point","coordinates":[121.673,25.06723]},"properties":{"sno":500214055,"name":"YouBike2.0_茄苳茄福街口","name_en":"YouBike2.0_Jiadong Jiafu St. Intersection","city":"新北市","city_en":"New Taipei City","area":"汐止區","area_en":"Xizhi Dist","address":"茄苳路296號","address_en":"No. 296, Jiadong Rd.","total_quantity":15,"available_bikes":3,"available_spots":12,"yb2_quantity":0,"eyb_quantity":3,"active":true,"latitude":25.06723,"longitude":121.673,"updated_at":"2026-05-02T14:13:03+08:00"}},{"type":"Feature","geometry":{"type":"Point","coordinates":[121.6625,25.0794]},"properties":{"sno":500214056,"name":"YouBike2.0_春之霖社區","name_en":"YouBike2.0_Chunzhilin Community","city":"新北市","city_en":"New Taipei City","area":"汐止區","area_en":"Xizhi Dist","address":"長江街238-2號","address_en":"No. 238-2, Changjiang St.","total_quantity":11,"available_bikes":6,"available_spots":5,"yb2_quantity":3,"eyb_quantity":3,"active":true,"latitude":25.0794,"longitude":121.6625,"updated_at":"2026-05-02T14:28:04+08:00"}},{"type":"Feature","geometry":{"type":"Point","coordinates":[121.66558,25.07553]},"properties":{"sno":500214057,"name":"YouBike2.0_五堵橋下籃球場","name_en":"YouBike2.0_Wudu bridge Basketball court","city":"新北市","city_en":"New Taipei City","area":"汐止區","area_en":"Xizhi Dist","address":"鄉長路一段45號東北側","address_en":"No. 45, Sec. 1, Xiangzhang Rd.","total_quantity":17,"available_bikes":5,"available_spots":12,"yb2_quantity":4,"eyb_quantity":1,"active":true,"latitude":25.07553,"longitude":121.66558,"updated_at":"2026-05-02T14:37:02+08:00"}},{"type":"Feature","geometry":{"type":"Point","coordinates":[121.66542,25.07336]},"properties":{"sno":500214058,"name":"YouBike2.0_建成段平面停車場","name_en":"YouBike2.0_Jianchengduan Parking Lot","city":"新北市","city_en":"New Taipei City","area":"汐止區","area_en":"Xizhi Dist","address":"大同路二段713號東北側","address_en":"No. 713, Sec. 2, Datong Rd. (northeast)","total_quantity":15,"available_bikes":3,"available_spots":12,"yb2_quantity":3,"eyb_quantity":0,"active":true,"latitude":25.07336,"longitude":121.66542,"updated_at":"2026-05-02T12:21:02+08:00"}},{"type":"Feature","geometry":{"type":"Point","coordinates":[121.65726,25.06416]},"properties":{"sno":500214059,"name":"YouBike2.0_汐止國民運動中心游泳池(忠孝東路)","name_en":"YouBike2.0_Xizhi Civil Activity Center Swimming Pool (Zhongxiao E. Rd.)","city":"新北市","city_en":"New Taipei City","area":"汐止區","area_en":"Xizhi Dist","address":"忠孝東路9號","address_en":"No. 9, Zhongxiao Rd.","total_quantity":12,"available_bikes":9,"available_spots":3,"yb2_quantity":9,"eyb_quantity":0,"active":true,"latitude":25.06416,"longitude":121.65726,"updated_at":"2026-05-02T14:37:02+08:00"}},{"type":"Feature","geometry":{"type":"Point","coordinates":[121.6424,25.06735]},"properties":{"sno":500214060,"name":"YouBike2.0_樟樹國小(樟樹一路145巷口)","name_en":"YouBike2.0_Zhangshu Elementary School (Ln.145, Zhangshu 1st Rd.)","city":"新北市","city_en":"New Taipei City","area":"汐止區","area_en":"Xizhi Dist","address":"樟樹一路258號西側","address_en":"No. 258, Zhangshu Rd. (West)","total_quantity":20,"available_bikes":5,"available_spots":15,"yb2_quantity":5,"eyb_quantity":0,"active":true,"latitude":25.06735,"longitude":121.6424,"updated_at":"2026-05-02T14:37:02+08:00"}},{"type":"Feature","geometry":{"type":"Point","coordinates":[121.66294,25.06266]},"properties":{"sno":500214062,"name":"YouBike2.0_秀峰國小(仁愛路106巷)","name_en":"YouBike2.0_Xiufeng Elementary School (Ln. 106, Ren'ai Rd.)","city":"新北市","city_en":"New Taipei City","area":"汐止區","area_en":"Xizhi Dist","address":"仁愛路106巷32號西側","address_en":"No.32, Ln.106, Ren'ai Rd (West)","total_quantity":16,"available_bikes":8,"available_spots":8,"yb2_quantity":7,"eyb_quantity":1,"active":true,"latitude":25.06266,"longitude":121.66294,"updated_at":"2026-05-02T14:38:04+08:00"}},{"type":"Feature","geometry":{"type":"Point","coordinates":[121.64241,25.09705]},"properties":{"sno":500214063,"name":"YouBike2.0_汐止區農會附設老人活動中心","name_en":"YouBike2.0_The Elderly Activity Center attached to Xizhi District Farmers Association","city":"新北市","city_en":"New Taipei City","area":"汐止區","area_en":"Xizhi Dist","address":"汐萬路三段246號","address_en":"No. 246, Sec. 3, Xiwan Rd.","total_quantity":16,"available_bikes":11,"available_spots":5,"yb2_quantity":8,"eyb_quantity":3,"active":true,"latitude":25.09705,"longitude":121.64241,"updated_at":"2026-05-02T11:29:03+08:00"}},{"type":"Feature","geometry":{"type":"Point","coordinates":[121.67449,25.08192]},"properties":{"sno":500214064,"name":"YouBike2.0_長興街二段62號","name_en":"YouBike2.0_No. 62, Sec. 2, Changxing St.","city":"新北市","city_en":"New Taipei City","area":"汐止區","area_en":"Xizhi Dist","address":"長興街二段62號(前)","address_en":"No. 62, Sec. 2, Changxing St. (Front)","total_quantity":13,"available_bikes":5,"available_spots":8,"yb2_quantity":3,"eyb_quantity":2,"active":true,"latitude":25.08192,"longitude":121.67449,"updated_at":"2026-05-02T14:12:04+08:00"}},{"type":"Feature","geometry":{"type":"Point","coordinates":[121.65901,25.06813]},"properties":{"sno":500214065,"name":"YouBike2.0_水返腳公園","name_en":"YouBike2.0_Shuifanjiao Park","city":"新北市","city_en":"New Taipei City","area":"汐止區","area_en":"Xizhi Dist","address":"公園路10號(對面)","address_en":"No. 10, Gongyuan Rd. (Opposite)","total_quantity":28,"available_bikes":10,"available_spots":18,"yb2_quantity":10,"eyb_quantity":0,"active":true,"latitude":25.06813,"longitude":121.65901,"updated_at":"2026-05-02T14:34:03+08:00"}},{"type":"Feature","geometry":{"type":"Point","coordinates":[121.67296,25.07617]},"properties":{"sno":500214066,"name":"YouBike2.0_大同路三段148號","name_en":"YouBike2.0_No. 148, Sec. 3, Datong Rd.","city":"新北市","city_en":"New Taipei City","area":"汐止區","area_en":"Xizhi Dist","address":"大同路三段148號(前)","address_en":"No. 148, Sec. 3, Datong Rd. (Front)","total_quantity":19,"available_bikes":10,"available_spots":9,"yb2_quantity":6,"eyb_quantity":4,"active":true,"latitude":25.07617,"longitude":121.67296,"updated_at":"2026-05-02T11:43:02+08:00"}},{"type":"Feature","geometry":{"type":"Point","coordinates":[121.64843,25.0827]},"properties":{"sno":500214067,"name":"YouBike2.0_汐萬抽水站","name_en":"YouBike2.0_Xiwan Pumping Station","city":"新北市","city_en":"New Taipei City","area":"汐止區","area_en":"Xizhi Dist","address":"汐萬路二段97-1號","address_en":"No. 97-1, Sec. 2, Xiwan Rd.","total_quantity":9,"available_bikes":5,"available_spots":4,"yb2_quantity":5,"eyb_quantity":0,"active":true,"latitude":25.0827,"longitude":121.64843,"updated_at":"2026-05-02T13:12:03+08:00"}},{"type":"Feature","geometry":{"type":"Point","coordinates":[121.65023,25.07479]},"properties":{"sno":500214068,"name":"YouBike2.0_汐萬康寧街口","name_en":"YouBike2.0_Xiwan Rd. & Kangning St. Intersection","city":"新北市","city_en":"New Taipei City","area":"汐止區","area_en":"Xizhi Dist","address":"汐萬路一段312號(對面)","address_en":"No. 312, Sec. 1, Xiwan Rd. (Opposite)","total_quantity":13,"available_bikes":5,"available_spots":8,"yb2_quantity":5,"eyb_quantity":0,"active":true,"latitude":25.07479,"longitude":121.65023,"updated_at":"2026-05-02T13:57:04+08:00"}},{"type":"Feature","geometry":{"type":"Point","coordinates":[121.67382,25.0784]},"properties":{"sno":500214070,"name":"YouBike2.0_保長路51巷口","name_en":"YouBike2.0_Ln. 51, BaoZhang Rd.","city":"新北市","city_en":"New Taipei City","area":"汐止區","area_en":"Xizhi Dist","address":"保長路69號(對側)","address_en":"No. 69, BaoZhang Rd. (Opposite)","total_quantity":21,"available_bikes":8,"available_spots":13,"yb2_quantity":8,"eyb_quantity":0,"active":true,"latitude":25.0784,"longitude":121.67382,"updated_at":"2026-05-02T14:38:04+08:00"}},{"type":"Feature","geometry":{"type":"Point","coordinates":[121.64971,25.07716]},"properties":{"sno":500214071,"name":"YouBike2.0_汐萬路一段343巷","name_en":"YouBike2.0_Ln. 343, Sec. 1, XiWan Rd.","city":"新北市","city_en":"New Taipei City","area":"汐止區","area_en":"Xizhi Dist","address":"汐萬路一段343巷21號(對側)","address_en":"No. 21, Ln. 343, Sec. 1, XiWan Rd. (Opposite)","total_quantity":16,"available_bikes":3,"available_spots":13,"yb2_quantity":3,"eyb_quantity":0,"active":true,"latitude":25.07716,"longitude":121.64971,"updated_at":"2026-05-02T14:39:02+08:00"}},{"type":"Feature","geometry":{"type":"Point","coordinates":[121.63758,25.07225]},"properties":{"sno":500214072,"name":"YouBike2.0_濱湖大第(康寧街)","name_en":"YouBike2.0_BinHu DaDi (KangNing St.)","city":"新北市","city_en":"New Taipei City","area":"汐止區","area_en":"Xizhi Dist","address":"康寧街706號","address_en":"No. 706, KangNing St.","total_quantity":20,"available_bikes":13,"available_spots":7,"yb2_quantity":13,"eyb_quantity":0,"active":true,"latitude":25.07225,"longitude":121.63758,"updated_at":"2026-05-02T14:31:03+08:00"}},{"type":"Feature","geometry":{"type":"Point","coordinates":[121.65433,25.06612]},"properties":{"sno":500214073,"name":"YouBike2.0_汐止國小","name_en":"YouBike2.0_Xizhi Elementary School","city":"新北市","city_en":"New Taipei City","area":"汐止區","area_en":"Xizhi Dist","address":"大同路二段285號旁","address_en":"No. 285, Sec. 2, DaTong Rd. (Side)","total_quantity":18,"available_bikes":0,"available_spots":18,"yb2_quantity":0,"eyb_quantity":0,"active":true,"latitude":25.06612,"longitude":121.65433,"updated_at":"2026-05-02T14:38:21+08:00"}},{"type":"Feature","geometry":{"type":"Point","coordinates":[121.63682,25.06249]},"properties":{"sno":500214074,"name":"YouBike2.0_同興工建路口","name_en":"YouBike2.0_TongXing Rd. & GongJian Rd. Intersection","city":"新北市","city_en":"New Taipei City","area":"汐止區","area_en":"Xizhi Dist","address":"同興路/工建路(東南側)","address_en":"TongXing Rd. & GongJian Rd. (Northwest)","total_quantity":20,"available_bikes":7,"available_spots":13,"yb2_quantity":7,"eyb_quantity":0,"active":true,"latitude":25.06249,"longitude":121.63682,"updated_at":"2026-05-02T14:28:04+08:00"}},{"type":"Feature","geometry":{"type":"Point","coordinates":[121.6301,25.07797]},"properties":{"sno":500214075,"name":"YouBike2.0_水蓮山莊","name_en":"YouBike2.0_Lotus Hill","city":"新北市","city_en":"New Taipei City","area":"汐止區","area_en":"Xizhi Dist","address":"湖前街110巷97弄1號西側","address_en":"Ln. 110, HuQian St. Intersection (West)","total_quantity":22,"available_bikes":9,"available_spots":13,"yb2_quantity":1,"eyb_quantity":8,"active":true,"latitude":25.07797,"longitude":121.6301,"updated_at":"2026-05-02T13:23:02+08:00"}},{"type":"Feature","geometry":{"type":"Point","coordinates":[121.65297,25.06997]},"properties":{"sno":500214076,"name":"YouBike2.0_江北二橋","name_en":"YouBike2.0_JiangBei Second Bridge","city":"新北市","city_en":"New Taipei City","area":"汐止區","area_en":"Xizhi Dist","address":"新江北路30巷口","address_en":"Ln. 30, XinJiangBei Rd. Intersection","total_quantity":32,"available_bikes":3,"available_spots":29,"yb2_quantity":3,"eyb_quantity":0,"active":true,"latitude":25.06997,"longitude":121.65297,"updated_at":"2026-05-02T14:36:04+08:00"}},{"type":"Feature","geometry":{"type":"Point","coordinates":[121.66763,25.07148]},"properties":{"sno":500214077,"name":"YouBike2.0_中華街57巷口","name_en":"YouBike2.0_Ln. 57, ZhongHua St. Intersection","city":"新北市","city_en":"New Taipei City","area":"汐止區","area_en":"Xizhi Dist","address":"中華街53號前","address_en":"No. 53, ZhongHua St. (front)","total_quantity":17,"available_bikes":4,"available_spots":13,"yb2_quantity":2,"eyb_quantity":2,"active":true,"latitude":25.07148,"longitude":121.66763,"updated_at":"2026-05-02T13:58:02+08:00"}},{"type":"Feature","geometry":{"type":"Point","coordinates":[121.62637,25.06314]},"properties":{"sno":500214079,"name":"YouBike2.0_福德一路392巷41弄口","name_en":"YouBike2.0_Aly. 41, Ln. 392, Fude 1st Rd. Intersection","city":"新北市","city_en":"New Taipei City","area":"汐止區","area_en":"Xizhi Dist","address":"福德一路392巷50號","address_en":"No. 50, Ln. 392, Fude 1st Rd.","total_quantity":20,"available_bikes":12,"available_spots":7,"yb2_quantity":12,"eyb_quantity":0,"active":true,"latitude":25.06314,"longitude":121.62637,"updated_at":"2026-05-02T12:05:04+08:00"}},{"type":"Feature","geometry":{"type":"Point","coordinates":[121.62754,25.06098]},"properties":{"sno":500214080,"name":"YouBike2.0_福德一路392巷口","name_en":"YouBike2.0_Ln. 392, Fude 1st Rd. Intersection","city":"新北市","city_en":"New Taipei City","area":"汐止區","area_en":"Xizhi Dist","address":"福德一路392巷3號東側","address_en":"No. 3, Ln. 392, Fude 1st Rd. (East)","total_quantity":20,"available_bikes":15,"available_spots":5,"yb2_quantity":15,"eyb_quantity":0,"active":true,"latitude":25.06098,"longitude":121.62754,"updated_at":"2026-05-02T14:38:04+08:00"}},{"type":"Feature","geometry":{"type":"Point","coordinates":[121.63362,25.06849]},"properties":{"sno":500214081,"name":"YouBike2.0_湖光市民活動中心","name_en":"YouBike2.0_Huguang Citizen Activity Center","city":"新北市","city_en":"New Taipei City","area":"汐止區","area_en":"Xizhi Dist","address":"湖前街2巷9號","address_en":"No. 9, Lane 2, Huqian Street","total_quantity":16,"available_bikes":7,"available_spots":7,"yb2_quantity":7,"eyb_quantity":0,"active":true,"latitude":25.06849,"longitude":121.63362,"updated_at":"2026-05-02T14:10:03+08:00"}},{"type":"Feature","geometry":{"type":"Point","coordinates":[121.65555,25.06807]},"properties":{"sno":500214082,"name":"YouBike2.0_下街福德宮","name_en":"YouBike2.0_Xiajie Fude Temple","city":"新北市","city_en":"New Taipei City","area":"汐止區","area_en":"Xizhi Dist","address":"汐萬路一段37號(北側)","address_en":"No. 37, Sec. 1, XiWan Rd. (North)","total_quantity":19,"available_bikes":8,"available_spots":10,"yb2_quantity":4,"eyb_quantity":4,"active":true,"latitude":25.06807,"longitude":121.65555,"updated_at":"2026-05-02T14:39:02+08:00"}},{"type":"Feature","geometry":{"type":"Point","coordinates":[121.62916,25.21974]},"properties":{"sno":500215001,"name":"YouBike2.0_臺大醫院金山分院","name_en":"YouBike2.0_NTU Hospital Jinshan Branch","city":"新北市","city_en":"New Taipei City","area":"金山區","area_en":"Jinshan Dist","address":"玉爐路7號(旁)","address_en":"No.7, Yulu Rd.","total_quantity":16,"available_bikes":9,"available_spots":7,"yb2_quantity":6,"eyb_quantity":3,"active":true,"latitude":25.21974,"longitude":121.62916,"updated_at":"2026-05-02T14:19:02+08:00"}},{"type":"Feature","geometry":{"type":"Point","coordinates":[121.6414,25.21794]},"properties":{"sno":500215002,"name":"YouBike2.0_中山環金路口","name_en":"YouBike2.0_Zhongshan & Huanjin Intersection","city":"新北市","city_en":"New Taipei City","area":"金山區","area_en":"Jinshan Dist","address":"中山路/環金路口","address_en":"Zhongshan Rd. & Huanjin Rd. Intersection","total_quantity":30,"available_bikes":5,"available_spots":25,"yb2_quantity":5,"eyb_quantity":0,"active":true,"latitude":25.21794,"longitude":121.6414,"updated_at":"2026-05-02T13:30:04+08:00"}},{"type":"Feature","geometry":{"type":"Point","coordinates":[121.63633,25.21973]},"properties":{"sno":500215003,"name":"YouBike2.0_金美國小","name_en":"YouBike2.0_Jinmei Elementary School","city":"新北市","city_en":"New Taipei City","area":"金山區","area_en":"Jinshan Dist","address":"仁愛路37-5號(對面)","address_en":"No. 37-5, Ren’ai Rd., Jinshan Dist.(opposite)","total_quantity":20,"available_bikes":5,"available_spots":15,"yb2_quantity":4,"eyb_quantity":1,"active":true,"latitude":25.21973,"longitude":121.63633,"updated_at":"2026-05-02T14:12:04+08:00"}},{"type":"Feature","geometry":{"type":"Point","coordinates":[121.63469,25.22365]},"properties":{"sno":500215004,"name":"YouBike2.0_金山八德街","name_en":"YouBike2.0_Jinshan Bade St.","city":"新北市","city_en":"New Taipei City","area":"金山區","area_en":"Jinshan Dist","address":"八德街24號(對面)","address_en":"No. 24, Bade St., Jinshan Dist.(opposite)","total_quantity":24,"available_bikes":2,"available_spots":22,"yb2_quantity":2,"eyb_quantity":0,"active":true,"latitude":25.22365,"longitude":121.63469,"updated_at":"2026-05-02T14:30:03+08:00"}},{"type":"Feature","geometry":{"type":"Point","coordinates":[121.63234,25.239]},"properties":{"sno":500215005,"name":"YouBike2.0_中角灣","name_en":"YouBike2.0_Jhongjiao Bay","city":"新北市","city_en":"New Taipei City","area":"金山區","area_en":"Jinshan Dist","address":"海興路174-1號(旁)","address_en":"No. 174-1, Haixing Rd., Jinshan Dist.","total_quantity":28,"available_bikes":8,"available_spots":20,"yb2_quantity":6,"eyb_quantity":2,"active":true,"latitude":25.239,"longitude":121.63234,"updated_at":"2026-05-02T14:22:02+08:00"}},{"type":"Feature","geometry":{"type":"Point","coordinates":[121.64177,25.22108]},"properties":{"sno":500215006,"name":"YouBike2.0_中山溫泉公園","name_en":"YouBike2.0_Zhongshan Spring Park","city":"新北市","city_en":"New Taipei City","area":"金山區","area_en":"Jinshan Dist","address":"民生路204號(旁)","address_en":"No. 204, Minsheng Rd.","total_quantity":30,"available_bikes":14,"available_spots":16,"yb2_quantity":14,"eyb_quantity":0,"active":true,"latitude":25.22108,"longitude":121.64177,"updated_at":"2026-05-02T14:25:03+08:00"}},{"type":"Feature","geometry":{"type":"Point","coordinates":[121.64169,25.22043]},"properties":{"sno":500215007,"name":"YouBike2.0_金山立體停車場(中興路)","name_en":"YouBike2.0_Jinshan Parking Lot(Zhongxing Rd)","city":"新北市","city_en":"New Taipei City","area":"金山區","area_en":"Jinshan Dist","address":"民生路53號南側","address_en":"No. 53, Minsheng Rd.(South)","total_quantity":15,"available_bikes":4,"available_spots":11,"yb2_quantity":4,"eyb_quantity":0,"active":true,"latitude":25.22043,"longitude":121.64169,"updated_at":"2026-05-02T13:43:03+08:00"}},{"type":"Feature","geometry":{"type":"Point","coordinates":[121.36251,25.06599]},"properties":{"sno":500216001,"name":"YouBike2.0_捷運林口站(1號出口)","name_en":"YouBike2.0_MRT Linkou Sta. (Exit.1)","city":"新北市","city_en":"New Taipei City","area":"林口區","area_en":"Linkou Dist","address":"八德路209號旁","address_en":"No. 209, Bade Rd.","total_quantity":97,"available_bikes":51,"available_spots":46,"yb2_quantity":51,"eyb_quantity":0,"active":true,"latitude":25.06599,"longitude":121.36251,"updated_at":"2026-05-02T14:38:04+08:00"}},{"type":"Feature","geometry":{"type":"Point","coordinates":[121.3595,25.07079]},"properties":{"sno":500216002,"name":"YouBike2.0_新林國小","name_en":"YouBike2.0_Xinlin Elementary School","city":"新北市","city_en":"New Taipei City","area":"林口區","area_en":"Linkou Dist","address":"忠孝三路/文明街口","address_en":"Zhongxiao 3rd. Rd & Wenming St. Intersection","total_quantity":29,"available_bikes":6,"available_spots":23,"yb2_quantity":6,"eyb_quantity":0,"active":true,"latitude":25.07079,"longitude":121.3595,"updated_at":"2026-05-02T14:38:04+08:00"}},{"type":"Feature","geometry":{"type":"Point","coordinates":[121.36281,25.07324]},"properties":{"sno":500216003,"name":"YouBike2.0_立言公園","name_en":"YouBike2.0_Liyan Park","city":"新北市","city_en":"New Taipei City","area":"林口區","area_en":"Linkou Dist","address":"三民路/忠孝一路口","address_en":"Zhongxiao 1st Rd. & Sanmin Rd. Intersection","total_quantity":31,"available_bikes":15,"available_spots":16,"yb2_quantity":13,"eyb_quantity":2,"active":true,"latitude":25.07324,"longitude":121.36281,"updated_at":"2026-05-02T14:33:03+08:00"}},{"type":"Feature","geometry":{"type":"Point","coordinates":[121.35914,25.07393]},"properties":{"sno":500216004,"name":"YouBike2.0_南勢市民活動中心","name_en":"YouBike2.0_Nanshih Civil Activity Center","city":"新北市","city_en":"New Taipei City","area":"林口區","area_en":"Linkou Dist","address":"南勢二街154號","address_en":"No.154, Nanshi 2nd St.(Side)","total_quantity":25,"available_bikes":8,"available_spots":17,"yb2_quantity":8,"eyb_quantity":0,"active":true,"latitude":25.07393,"longitude":121.35914,"updated_at":"2026-05-02T14:35:03+08:00"}},{"type":"Feature","geometry":{"type":"Point","coordinates":[121.36762,25.07639]},"properties":{"sno":500216005,"name":"YouBike2.0_立德公園","name_en":"YouBike2.0_Lide Park","city":"新北市","city_en":"New Taipei City","area":"林口區","area_en":"Linkou Dist","address":"仁愛二路/民族路口東北側","address_en":"Ren’ai 2nd Rd./ Minzu Rd. Intersection(Northeast)","total_quantity":42,"available_bikes":10,"available_spots":32,"yb2_quantity":10,"eyb_quantity":0,"active":true,"latitude":25.07639,"longitude":121.36762,"updated_at":"2026-05-02T14:39:02+08:00"}},{"type":"Feature","geometry":{"type":"Point","coordinates":[121.36932,25.07298]},"properties":{"sno":500216006,"name":"YouBike2.0_扶輪公園","name_en":"YouBike2.0_Fulun Park","city":"新北市","city_en":"New Taipei City","area":"林口區","area_en":"Linkou Dist","address":"文化二路一段309巷1號(東南側)","address_en":"No. 1, Ln. 309, Sec. 1, Wenhua 2nd Rd.(Southeast)","total_quantity":48,"available_bikes":17,"available_spots":31,"yb2_quantity":14,"eyb_quantity":3,"active":true,"latitude":25.07298,"longitude":121.36932,"updated_at":"2026-05-02T14:34:03+08:00"}},{"type":"Feature","geometry":{"type":"Point","coordinates":[121.37045,25.0755]},"properties":{"sno":500216007,"name":"YouBike2.0_廣停二停車場","name_en":"YouBike2.0_Guangting Sec. Parking Lot","city":"新北市","city_en":"New Taipei City","area":"林口區","area_en":"Linkou Dist","address":"民富街99號對側","address_en":"No.99, Minfu St., Linkou Dist.(Opposite)","total_quantity":41,"available_bikes":13,"available_spots":27,"yb2_quantity":13,"eyb_quantity":0,"active":true,"latitude":25.0755,"longitude":121.37045,"updated_at":"2026-05-02T14:34:03+08:00"}},{"type":"Feature","geometry":{"type":"Point","coordinates":[121.36629,25.07158]},"properties":{"sno":500216008,"name":"YouBike2.0_三井Outlet","name_en":"YouBike2.0_MITSUI OUTLET PARK","city":"新北市","city_en":"New Taipei City","area":"林口區","area_en":"Linkou Dist","address":"文化二路一段241巷26號(對側)","address_en":"No. 26, Ln. 241, Sec. 1, Wenhua 2nd Rd., Linkou Dist.","total_quantity":63,"available_bikes":30,"available_spots":32,"yb2_quantity":29,"eyb_quantity":1,"active":true,"latitude":25.07158,"longitude":121.36629,"updated_at":"2026-05-02T14:35:03+08:00"}},{"type":"Feature","geometry":{"type":"Point","coordinates":[121.36394,25.07]},"properties":{"sno":500216009,"name":"YouBike2.0_新北市林口行政園區","name_en":"YouBike2.0_New TaipeiCity Linkou Administrative Park","city":"新北市","city_en":"New Taipei City","area":"林口區","area_en":"Linkou Dist","address":"忠孝二路55號旁","address_en":"No.55, Zhongxiao 2nd Rd., Linkou Dist.","total_quantity":56,"available_bikes":33,"available_spots":23,"yb2_quantity":32,"eyb_quantity":1,"active":true,"latitude":25.07,"longitude":121.36394,"updated_at":"2026-05-02T14:39:02+08:00"}},{"type":"Feature","geometry":{"type":"Point","coordinates":[121.39795,25.06804]},"properties":{"sno":500216010,"name":"YouBike2.0_國立師範大學林口校區","name_en":"YouBike2.0_NTNU-Linkou Campus","city":"新北市","city_en":"New Taipei City","area":"林口區","area_en":"Linkou Dist","address":"仁愛路1段2號(校門前自行車停車區)","address_en":"No. 2, Sec. 1, Ren'ai Rd.","total_quantity":59,"available_bikes":24,"available_spots":35,"yb2_quantity":24,"eyb_quantity":0,"active":true,"latitude":25.06804,"longitude":121.39795,"updated_at":"2026-05-02T14:32:02+08:00"}},{"type":"Feature","geometry":{"type":"Point","coordinates":[121.39378,25.07715]},"properties":{"sno":500216011,"name":"YouBike2.0_林口老街","name_en":"YouBike2.0_Linkou Old Street","city":"新北市","city_en":"New Taipei City","area":"林口區","area_en":"Linkou Dist","address":"林口區中正路115號(東側停車場)","address_en":"No. 115, Zhongzheng Rd., Linkou Dist.","total_quantity":17,"available_bikes":5,"available_spots":12,"yb2_quantity":3,"eyb_quantity":2,"active":true,"latitude":25.07715,"longitude":121.39378,"updated_at":"2026-05-02T14:37:02+08:00"}},{"type":"Feature","geometry":{"type":"Point","coordinates":[121.38983,25.08452]},"properties":{"sno":500216012,"name":"YouBike2.0_竹林山觀音寺","name_en":"YouBike2.0_Zhulinshan Guanyin Temple","city":"新北市","city_en":"New Taipei City","area":"林口區","area_en":"Linkou Dist","address":"竹林路/竹林路421巷口","address_en":"Zhulin Rd./Ln. 421, Zhulin Rd., Linkou Dist.","total_quantity":20,"available_bikes":8,"available_spots":12,"yb2_quantity":8,"eyb_quantity":0,"active":true,"latitude":25.08452,"longitude":121.38983,"updated_at":"2026-05-02T14:38:04+08:00"}},{"type":"Feature","geometry":{"type":"Point","coordinates":[121.3803,25.07384]},"properties":{"sno":500216013,"name":"YouBike2.0_林口高中","name_en":"YouBike2.0_Linkou Senior High School","city":"新北市","city_en":"New Taipei City","area":"林口區","area_en":"Linkou Dist","address":"仁愛路二段173號(對面)","address_en":"No.173, Sec. 2, Ren’ai Rd","total_quantity":31,"available_bikes":10,"available_spots":21,"yb2_quantity":9,"eyb_quantity":1,"active":true,"latitude":25.07384,"longitude":121.3803,"updated_at":"2026-05-02T14:37:02+08:00"}},{"type":"Feature","geometry":{"type":"Point","coordinates":[121.38093,25.08601]},"properties":{"sno":500216014,"name":"YouBike2.0_林口國民運動中心","name_en":"YouBike2.0_Linkou Civil Sports Center","city":"新北市","city_en":"New Taipei City","area":"林口區","area_en":"Linkou Dist","address":"文化二路二段299號","address_en":"No. 299, Sec. 2, Wenhua 2nd Rd., Linkou Dist.","total_quantity":32,"available_bikes":10,"available_spots":22,"yb2_quantity":10,"eyb_quantity":0,"active":true,"latitude":25.08601,"longitude":121.38093,"updated_at":"2026-05-02T14:32:02+08:00"}},{"type":"Feature","geometry":{"type":"Point","coordinates":[121.37831,25.08296]},"properties":{"sno":500216015,"name":"YouBike2.0_富貴森林公園","name_en":"YouBike2.0_Fugui Park","city":"新北市","city_en":"New Taipei City","area":"林口區","area_en":"Linkou Dist","address":"富貴路85號","address_en":"No. 85, Fugui Rd.","total_quantity":46,"available_bikes":1,"available_spots":45,"yb2_quantity":1,"eyb_quantity":0,"active":true,"latitude":25.08296,"longitude":121.37831,"updated_at":"2026-05-02T14:36:04+08:00"}},{"type":"Feature","geometry":{"type":"Point","coordinates":[121.37432,25.08428]},"properties":{"sno":500216016,"name":"YouBike2.0_湖南市民活動中心","name_en":"YouBike2.0_Hunan Civil Activity Center","city":"新北市","city_en":"New Taipei City","area":"林口區","area_en":"Linkou Dist","address":"民權路165號","address_en":"No. 165, Minquan Rd., Linkou Dist.","total_quantity":26,"available_bikes":8,"available_spots":18,"yb2_quantity":8,"eyb_quantity":0,"active":true,"latitude":25.08428,"longitude":121.37432,"updated_at":"2026-05-02T14:36:04+08:00"}},{"type":"Feature","geometry":{"type":"Point","coordinates":[121.37268,25.08167]},"properties":{"sno":500216017,"name":"YouBike2.0_頭湖國小","name_en":"YouBike2.0_Touhou Elementary School","city":"新北市","city_en":"New Taipei City","area":"林口區","area_en":"Linkou Dist","address":"民權路72號對側","address_en":"No.72, Minquan Rd.(Opposite)","total_quantity":27,"available_bikes":7,"available_spots":20,"yb2_quantity":7,"eyb_quantity":0,"active":true,"latitude":25.08167,"longitude":121.37268,"updated_at":"2026-05-02T14:20:04+08:00"}},{"type":"Feature","geometry":{"type":"Point","coordinates":[121.37925,25.07987]},"properties":{"sno":500216018,"name":"YouBike2.0_民視數位媒體總部","name_en":"YouBike2.0_FTV Digital Media Headquarter","city":"新北市","city_en":"New Taipei City","area":"林口區","area_en":"Linkou Dist","address":"信義路99號","address_en":"No.99, Xinyi Rd., Linkou Dist.","total_quantity":30,"available_bikes":6,"available_spots":24,"yb2_quantity":6,"eyb_quantity":0,"active":true,"latitude":25.07987,"longitude":121.37925,"updated_at":"2026-05-02T14:36:04+08:00"}},{"type":"Feature","geometry":{"type":"Point","coordinates":[121.37354,25.0777]},"properties":{"sno":500216019,"name":"YouBike2.0_仁愛文化二路口","name_en":"YouBike2.0_Ren-ai & Wenhua 2nd Rd. Intersection","city":"新北市","city_en":"New Taipei City","area":"林口區","area_en":"Linkou Dist","address":"仁愛路二段516號","address_en":"No.516, Sec. 2, Ren’ai Rd.","total_quantity":55,"available_bikes":47,"available_spots":7,"yb2_quantity":44,"eyb_quantity":3,"active":true,"latitude":25.0777,"longitude":121.37354,"updated_at":"2026-05-02T14:34:03+08:00"}},{"type":"Feature","geometry":{"type":"Point","coordinates":[121.37609,25.07583]},"properties":{"sno":500216020,"name":"YouBike2.0_林口新創園","name_en":"YouBike2.0_Starup Terrace","city":"新北市","city_en":"New Taipei City","area":"林口區","area_en":"Linkou Dist","address":"仁愛路二段496號","address_en":"No. 496, Sec. 2, Ren’ai Rd., Linkou Dist.","total_quantity":40,"available_bikes":27,"available_spots":11,"yb2_quantity":26,"eyb_quantity":1,"active":true,"latitude":25.07583,"longitude":121.37609,"updated_at":"2026-05-02T14:39:02+08:00"}},{"type":"Feature","geometry":{"type":"Point","coordinates":[121.36453,25.06667]},"properties":{"sno":500216021,"name":"YouBike2.0_林口郵局","name_en":"YouBike2.0_Linkou Post Office","city":"新北市","city_en":"New Taipei City","area":"林口區","area_en":"Linkou Dist","address":"文化二路一段8號","address_en":"No. 8, Sec. 1, Wenhua 1st Rd., Linkou Dist.","total_quantity":25,"available_bikes":16,"available_spots":7,"yb2_quantity":15,"eyb_quantity":1,"active":true,"latitude":25.06667,"longitude":121.36453,"updated_at":"2026-05-02T14:35:03+08:00"}},{"type":"Feature","geometry":{"type":"Point","coordinates":[121.37691,25.07005]},"properties":{"sno":500216022,"name":"YouBike2.0_新麗園社區","name_en":"YouBike2.0_Xinliyuan Community","city":"新北市","city_en":"New Taipei City","area":"林口區","area_en":"Linkou Dist","address":"麗園一街與麗園路口","address_en":"Liyuan 1st St. & Liyuan Rd. intersection","total_quantity":51,"available_bikes":0,"available_spots":50,"yb2_quantity":0,"eyb_quantity":0,"active":true,"latitude":25.07005,"longitude":121.37691,"updated_at":"2026-05-02T14:30:18+08:00"}},{"type":"Feature","geometry":{"type":"Point","coordinates":[121.37694,25.07411]},"properties":{"sno":500216023,"name":"YouBike2.0_林口社區運動公園","name_en":"YouBike2.0_Linkou Community Sports Park","city":"新北市","city_en":"New Taipei City","area":"林口區","area_en":"Linkou Dist","address":"文化一路一段/仁愛路二段路口","address_en":"Sec. 1, Wenhua 1st Rd./Sec. 2, Ren’ai Rd.(intersection)","total_quantity":30,"available_bikes":4,"available_spots":26,"yb2_quantity":3,"eyb_quantity":1,"active":true,"latitude":25.07411,"longitude":121.37694,"updated_at":"2026-05-02T14:37:02+08:00"}},{"type":"Feature","geometry":{"type":"Point","coordinates":[121.37429,25.07447]},"properties":{"sno":500216024,"name":"YouBike2.0_林口社區運動公園(公園路)","name_en":"YouBike2.0_Linkou Community Sports Park(Gongyuan Rd.)","city":"新北市","city_en":"New Taipei City","area":"林口區","area_en":"Linkou Dist","address":"公園路192號","address_en":"No.192, Gongyuan Rd., Linkou Dist.","total_quantity":47,"available_bikes":11,"available_spots":36,"yb2_quantity":9,"eyb_quantity":2,"active":true,"latitude":25.07447,"longitude":121.37429,"updated_at":"2026-05-02T14:39:02+08:00"}},{"type":"Feature","geometry":{"type":"Point","coordinates":[121.397,25.0781]},"properties":{"sno":500216025,"name":"YouBike2.0_林口自強公園","name_en":"YouBike2.0_Linkou Ziqiang Park","city":"新北市","city_en":"New Taipei City","area":"林口區","area_en":"Linkou Dist","address":"自強三街3號旁人行道","address_en":"No.3, Ziqiang 3rd St.","total_quantity":20,"available_bikes":20,"available_spots":0,"yb2_quantity":20,"eyb_quantity":0,"active":true,"latitude":25.0781,"longitude":121.397,"updated_at":"2026-05-02T14:37:17+08:00"}},{"type":"Feature","geometry":{"type":"Point","coordinates":[121.389,25.0805]},"properties":{"sno":500216026,"name":"YouBike2.0_林口國小","name_en":"YouBike2.0_Linkou Elementary School","city":"新北市","city_en":"New Taipei City","area":"林口區","area_en":"Linkou Dist","address":"林口路77號對面林口國小旁人行道","address_en":"No.77, Linkou Rd.(oppsite)","total_quantity":24,"available_bikes":3,"available_spots":21,"yb2_quantity":2,"eyb_quantity":1,"active":true,"latitude":25.0805,"longitude":121.389,"updated_at":"2026-05-02T14:38:04+08:00"}},{"type":"Feature","geometry":{"type":"Point","coordinates":[121.36,25.0766]},"properties":{"sno":500216027,"name":"YouBike2.0_大崙公園","name_en":"YouBike2.0_Dalun Park","city":"新北市","city_en":"New Taipei City","area":"林口區","area_en":"Linkou Dist","address":"南勢二街408號旁","address_en":"No.408, Nanshi 2nd St., Linkou Dist.","total_quantity":30,"available_bikes":0,"available_spots":30,"yb2_quantity":0,"eyb_quantity":0,"active":true,"latitude":25.0766,"longitude":121.36,"updated_at":"2026-05-02T14:35:16+08:00"}},{"type":"Feature","geometry":{"type":"Point","coordinates":[121.38818,25.07674]},"properties":{"sno":500216028,"name":"YouBike2.0_林口區公所","name_en":"YouBike2.0_Linkou District Office","city":"新北市","city_en":"New Taipei City","area":"林口區","area_en":"Linkou Dist","address":"仁愛路一段378號","address_en":"No.378, Sec. 1, Ren’ai Rd.","total_quantity":29,"available_bikes":7,"available_spots":22,"yb2_quantity":7,"eyb_quantity":0,"active":true,"latitude":25.07674,"longitude":121.38818,"updated_at":"2026-05-02T14:39:02+08:00"}},{"type":"Feature","geometry":{"type":"Point","coordinates":[121.37134,25.06754]},"properties":{"sno":500216029,"name":"YouBike2.0_崇林國中","name_en":"YouBike2.0_Chunglin Junior High School","city":"新北市","city_en":"New Taipei City","area":"林口區","area_en":"Linkou Dist","address":"麗園路121號西側","address_en":"No.121, Liyuan Rd., Linkou Dist.(West)","total_quantity":20,"available_bikes":12,"available_spots":8,"yb2_quantity":12,"eyb_quantity":0,"active":true,"latitude":25.06754,"longitude":121.37134,"updated_at":"2026-05-02T14:28:04+08:00"}},{"type":"Feature","geometry":{"type":"Point","coordinates":[121.37576,25.08027]},"properties":{"sno":500216030,"name":"YouBike2.0_林口吉祥公園","name_en":"YouBike2.0_Linkou Jixiang Park","city":"新北市","city_en":"New Taipei City","area":"林口區","area_en":"Linkou Dist","address":"文化三路二段50號(旁公園)","address_en":"No.50 Section 2, Wenhua 3rd Rd.","total_quantity":29,"available_bikes":14,"available_spots":15,"yb2_quantity":14,"eyb_quantity":0,"active":true,"latitude":25.08027,"longitude":121.37576,"updated_at":"2026-05-02T14:32:02+08:00"}},{"type":"Feature","geometry":{"type":"Point","coordinates":[121.36776,25.06912]},"properties":{"sno":500216031,"name":"YouBike2.0_麗林公有市場","name_en":"YouBike2.0_LiLin Market","city":"新北市","city_en":"New Taipei City","area":"林口區","area_en":"Linkou Dist","address":"公園路59號","address_en":"No.59, Gongyuan Rd.","total_quantity":28,"available_bikes":11,"available_spots":16,"yb2_quantity":11,"eyb_quantity":0,"active":true,"latitude":25.06912,"longitude":121.36776,"updated_at":"2026-05-02T14:39:02+08:00"}},{"type":"Feature","geometry":{"type":"Point","coordinates":[121.38527,25.07923]},"properties":{"sno":500216032,"name":"YouBike2.0_中山佳林路口","name_en":"YouBike2.0_Zhongshan Jialin Rd. Intersection","city":"新北市","city_en":"New Taipei City","area":"林口區","area_en":"Linkou Dist","address":"佳林路/中山路口(東南側)","address_en":"Jialin Rd. & Zhongshan Rd.(Southeast)","total_quantity":26,"available_bikes":7,"available_spots":17,"yb2_quantity":6,"eyb_quantity":1,"active":true,"latitude":25.07923,"longitude":121.38527,"updated_at":"2026-05-02T14:35:03+08:00"}},{"type":"Feature","geometry":{"type":"Point","coordinates":[121.37752,25.07231]},"properties":{"sno":500216033,"name":"YouBike2.0_林口婦幼公園","name_en":"YouBike2.0_Linkou Maternity and Child Park","city":"新北市","city_en":"New Taipei City","area":"林口區","area_en":"Linkou Dist","address":"文化一路一段146號","address_en":"No. 146, Sec. 1, Wenhua 1st Rd., Linkou Dist.","total_quantity":28,"available_bikes":4,"available_spots":24,"yb2_quantity":4,"eyb_quantity":0,"active":true,"latitude":25.07231,"longitude":121.37752,"updated_at":"2026-05-02T14:34:03+08:00"}},{"type":"Feature","geometry":{"type":"Point","coordinates":[121.39643,25.07562]},"properties":{"sno":500216034,"name":"YouBike2.0_足夢運動公園","name_en":"YouBike2.0_Zumeng Sport Park","city":"新北市","city_en":"New Taipei City","area":"林口區","area_en":"Linkou Dist","address":"仁愛路一段/粉寮路一段(南側)","address_en":"Sec. 1, Ren'ai Rd. & Sec. 1, Fenliao Rd. (South)","total_quantity":15,"available_bikes":10,"available_spots":5,"yb2_quantity":10,"eyb_quantity":0,"active":true,"latitude":25.07562,"longitude":121.39643,"updated_at":"2026-05-02T14:35:03+08:00"}},{"type":"Feature","geometry":{"type":"Point","coordinates":[121.38917325443384,25.073449376722625]},"properties":{"sno":500216035,"name":"YouBike2.0_興林路151巷口","name_en":"YouBike2.0_Ln. 151, Xinglin Rd. Intersection","city":"新北市","city_en":"New Taipei City","area":"林口區","area_en":"Linkou Dist","address":"興林路151巷2號(對面)","address_en":"No. 2, Ln. 151, Xinglin Rd.(Opposite)","total_quantity":25,"available_bikes":3,"available_spots":22,"yb2_quantity":3,"eyb_quantity":0,"active":true,"latitude":25.073449376722625,"longitude":121.38917325443384,"updated_at":"2026-05-02T14:24:04+08:00"}},{"type":"Feature","geometry":{"type":"Point","coordinates":[121.37982,25.07664]},"properties":{"sno":500216036,"name":"YouBike2.0_四維文化一路口","name_en":"YouBike2.0_Siwei Wenhua 1st Rd. Intersection","city":"新北市","city_en":"New Taipei City","area":"林口區","area_en":"Linkou Dist","address":"文化一路一段237號(旁)","address_en":"No. 237, Sec. 1, Wenhua 1st. Rd.","total_quantity":16,"available_bikes":12,"available_spots":4,"yb2_quantity":11,"eyb_quantity":1,"active":true,"latitude":25.07664,"longitude":121.37982,"updated_at":"2026-05-02T14:32:02+08:00"}},{"type":"Feature","geometry":{"type":"Point","coordinates":[121.37412,25.07209]},"properties":{"sno":500216037,"name":"YouBike2.0_林口仁愛公共托育中心","name_en":"YouBike2.0_Ren'ai Infant Day Care Center","city":"新北市","city_en":"New Taipei City","area":"林口區","area_en":"Linkou Dist","address":"文化一路一段137號(對面)","address_en":"No. 137, Sec. 1, Wenhua 1st. Rd.(Opposite)","total_quantity":18,"available_bikes":13,"available_spots":5,"yb2_quantity":11,"eyb_quantity":2,"active":true,"latitude":25.07209,"longitude":121.37412,"updated_at":"2026-05-02T14:30:03+08:00"}},{"type":"Feature","geometry":{"type":"Point","coordinates":[121.37217,25.07048]},"properties":{"sno":500216038,"name":"YouBike2.0_文化一路一段91巷口","name_en":"YouBike2.0_No. 91, Sec. 1, Wenhua 1st. Rd. Intersection","city":"新北市","city_en":"New Taipei City","area":"林口區","area_en":"Linkou Dist","address":"文化一路一段91號(前)","address_en":"No. 91, Sec. 1, Wenhua 1st. Rd.","total_quantity":30,"available_bikes":2,"available_spots":28,"yb2_quantity":2,"eyb_quantity":0,"active":true,"latitude":25.07048,"longitude":121.37217,"updated_at":"2026-05-02T14:30:03+08:00"}},{"type":"Feature","geometry":{"type":"Point","coordinates":[121.36892,25.07776]},"properties":{"sno":500216039,"name":"YouBike2.0_力行公園","name_en":"YouBike2.0_Lixing Park","city":"新北市","city_en":"New Taipei City","area":"林口區","area_en":"Linkou Dist","address":"民族路212號(對面)","address_en":"No. 212, Minzu Rd.(Opposite)","total_quantity":16,"available_bikes":3,"available_spots":12,"yb2_quantity":3,"eyb_quantity":0,"active":true,"latitude":25.07776,"longitude":121.36892,"updated_at":"2026-05-02T14:29:02+08:00"}},{"type":"Feature","geometry":{"type":"Point","coordinates":[121.36309,25.07204]},"properties":{"sno":500216040,"name":"YouBike2.0_文化三路一段249巷","name_en":"YouBike2.0_Ln. 249, Sec. 1, Wenhua 3rd. Rd.","city":"新北市","city_en":"New Taipei City","area":"林口區","area_en":"Linkou Dist","address":"文化三路一段249巷36-40號(前)","address_en":"No. 40, Ln. 249, Sec. 1, Wenhua 3rd. Rd.","total_quantity":15,"available_bikes":1,"available_spots":14,"yb2_quantity":1,"eyb_quantity":0,"active":true,"latitude":25.07204,"longitude":121.36309,"updated_at":"2026-05-02T14:33:03+08:00"}},{"type":"Feature","geometry":{"type":"Point","coordinates":[121.35665,25.0697]},"properties":{"sno":500216041,"name":"YouBike2.0_井泉公園","name_en":"YouBike2.0_Jingquan Park","city":"新北市","city_en":"New Taipei City","area":"林口區","area_en":"Linkou Dist","address":"文化北路一段135號(旁)","address_en":"No. 135, Sec. 1, Wenhua N. Rd.","total_quantity":25,"available_bikes":11,"available_spots":14,"yb2_quantity":11,"eyb_quantity":0,"active":true,"latitude":25.0697,"longitude":121.35665,"updated_at":"2026-05-02T13:54:03+08:00"}},{"type":"Feature","geometry":{"type":"Point","coordinates":[121.38552,25.08859]},"properties":{"sno":500216043,"name":"YouBike2.0_築禾樂社區","name_en":"YouBike2.0_Zhuhele Community","city":"新北市","city_en":"New Taipei City","area":"林口區","area_en":"Linkou Dist","address":"中北一街89號(旁)","address_en":"No. 89, Zhongbei 1st St.","total_quantity":15,"available_bikes":5,"available_spots":10,"yb2_quantity":5,"eyb_quantity":0,"active":true,"latitude":25.08859,"longitude":121.38552,"updated_at":"2026-05-02T12:55:04+08:00"}},{"type":"Feature","geometry":{"type":"Point","coordinates":[121.35992,25.06597]},"properties":{"sno":500216044,"name":"YouBike2.0_八德文化三路口","name_en":"YouBike2.0_Bade Wenhua 3 Rd. Intersection","city":"新北市","city_en":"New Taipei City","area":"林口區","area_en":"Linkou Dist","address":"八德路350號","address_en":"No. 350, Bade Rd.","total_quantity":26,"available_bikes":17,"available_spots":9,"yb2_quantity":17,"eyb_quantity":0,"active":true,"latitude":25.06597,"longitude":121.35992,"updated_at":"2026-05-02T14:39:02+08:00"}},{"type":"Feature","geometry":{"type":"Point","coordinates":[121.35858,25.06763]},"properties":{"sno":500216045,"name":"YouBike2.0_立功公園","name_en":"YouBike2.0_Ligong Park","city":"新北市","city_en":"New Taipei City","area":"林口區","area_en":"Linkou Dist","address":"三民路30號西側","address_en":"No. 30, Sanmin Rd.(West)","total_quantity":14,"available_bikes":8,"available_spots":6,"yb2_quantity":8,"eyb_quantity":0,"active":true,"latitude":25.06763,"longitude":121.35858,"updated_at":"2026-05-02T14:06:17+08:00"}},{"type":"Feature","geometry":{"type":"Point","coordinates":[121.36123,25.06687]},"properties":{"sno":500216046,"name":"YouBike2.0_林口轉運站","name_en":"YouBike2.0_Linkou Bus Station","city":"新北市","city_en":"New Taipei City","area":"林口區","area_en":"Linkou Dist","address":"文化三路一段6號","address_en":"No. 6, Sec. 1, Wenhua 3rd Rd.","total_quantity":99,"available_bikes":31,"available_spots":68,"yb2_quantity":27,"eyb_quantity":4,"active":true,"latitude":25.06687,"longitude":121.36123,"updated_at":"2026-05-02T14:38:04+08:00"}},{"type":"Feature","geometry":{"type":"Point","coordinates":[121.38138,25.08203]},"properties":{"sno":500216047,"name":"YouBike2.0_民享中山路口","name_en":"YouBike2.0_Mingxiang Zhongshan Intersection","city":"新北市","city_en":"New Taipei City","area":"林口區","area_en":"Linkou Dist","address":"民享路95號","address_en":"No. 95, Minxiang Rd.","total_quantity":12,"available_bikes":10,"available_spots":2,"yb2_quantity":9,"eyb_quantity":1,"active":true,"latitude":25.08203,"longitude":121.38138,"updated_at":"2026-05-02T14:02:03+08:00"}},{"type":"Feature","geometry":{"type":"Point","coordinates":[121.37905,25.07549]},"properties":{"sno":500216048,"name":"YouBike2.0_文化一路一段190巷口","name_en":"YouBike2.0_Wenhua 1st Road Lane 190","city":"新北市","city_en":"New Taipei City","area":"林口區","area_en":"Linkou Dist","address":"文化一路一段202號","address_en":"No. 202, Sec. 1, Wenhua 1st Rd.","total_quantity":10,"available_bikes":8,"available_spots":2,"yb2_quantity":6,"eyb_quantity":2,"active":true,"latitude":25.07549,"longitude":121.37905,"updated_at":"2026-05-02T14:27:03+08:00"}},{"type":"Feature","geometry":{"type":"Point","coordinates":[121.38133,25.07511]},"properties":{"sno":500216049,"name":"YouBike2.0_西林簡易籃球場","name_en":"YouBike2.0_Xilin Basketball Court","city":"新北市","city_en":"New Taipei City","area":"林口區","area_en":"Linkou Dist","address":"四維路176號","address_en":"No. 176, Siwei Rd.","total_quantity":16,"available_bikes":7,"available_spots":8,"yb2_quantity":5,"eyb_quantity":2,"active":true,"latitude":25.07511,"longitude":121.38133,"updated_at":"2026-05-02T14:31:03+08:00"}},{"type":"Feature","geometry":{"type":"Point","coordinates":[121.38689,25.07914]},"properties":{"sno":500216050,"name":"YouBike2.0_林口夜市(中山路)","name_en":"YouBike2.0_Linkou Nightmarket (Zhongshan)","city":"新北市","city_en":"New Taipei City","area":"林口區","area_en":"Linkou Dist","address":"中山路151號","address_en":"No. 151, Zhongshan Rd.","total_quantity":11,"available_bikes":7,"available_spots":4,"yb2_quantity":7,"eyb_quantity":0,"active":true,"latitude":25.07914,"longitude":121.38689,"updated_at":"2026-05-02T14:30:03+08:00"}},{"type":"Feature","geometry":{"type":"Point","coordinates":[121.38918,25.0788]},"properties":{"sno":500216051,"name":"YouBike2.0_林口區停三停車場","name_en":"YouBike2.0_Linkou Dist. Ting 3rd.Parking Lot","city":"新北市","city_en":"New Taipei City","area":"林口區","area_en":"Linkou Dist","address":"中山路99號","address_en":"No. 99, Zhongshan Rd.","total_quantity":13,"available_bikes":0,"available_spots":13,"yb2_quantity":0,"eyb_quantity":0,"active":true,"latitude":25.0788,"longitude":121.38918,"updated_at":"2026-05-02T14:14:18+08:00"}},{"type":"Feature","geometry":{"type":"Point","coordinates":[121.39021,25.07195]},"properties":{"sno":500216052,"name":"YouBike2.0_東明公園(興林路221巷)","name_en":"YouBike2.0_DongMing Park(XingLing Rd. Lane 221)","city":"新北市","city_en":"New Taipei City","area":"林口區","area_en":"Linkou Dist","address":"興林路221巷72號北側","address_en":"No. 72, Ln. 221, Xinglin Rd.(North)","total_quantity":18,"available_bikes":4,"available_spots":14,"yb2_quantity":4,"eyb_quantity":0,"active":true,"latitude":25.07195,"longitude":121.39021,"updated_at":"2026-05-02T14:29:02+08:00"}},{"type":"Feature","geometry":{"type":"Point","coordinates":[121.39804,25.08048]},"properties":{"sno":500216053,"name":"YouBike2.0_醒吾科技大學(粉寮路)","name_en":"YouBike2.0_Hsing Wu University(Fenliao road)","city":"新北市","city_en":"New Taipei City","area":"林口區","area_en":"Linkou Dist","address":"粉寮路一段105-6號","address_en":"No. 105-6, Sec. 1, Fenliao Rd.","total_quantity":26,"available_bikes":12,"available_spots":14,"yb2_quantity":10,"eyb_quantity":2,"active":true,"latitude":25.08048,"longitude":121.39804,"updated_at":"2026-05-02T14:30:03+08:00"}},{"type":"Feature","geometry":{"type":"Point","coordinates":[121.38353,25.08141]},"properties":{"sno":500216054,"name":"YouBike2.0_佳林國中(文化一路)","name_en":"YouBike2.0_Jia Lin Junior High School(Wenhua 1st Rd.)","city":"新北市","city_en":"New Taipei City","area":"林口區","area_en":"Linkou Dist","address":"文化一路二段177號東側","address_en":"No. 177, Sec. 2, Wenhua 1st Rd.(East)","total_quantity":18,"available_bikes":7,"available_spots":11,"yb2_quantity":6,"eyb_quantity":1,"active":true,"latitude":25.08141,"longitude":121.38353,"updated_at":"2026-05-02T14:21:03+08:00"}},{"type":"Feature","geometry":{"type":"Point","coordinates":[121.37961,25.08712]},"properties":{"sno":500216055,"name":"YouBike2.0_林口國民運動中心(文化三路)","name_en":"YouBike2.0_Linkou Civil Sports Center(Wenhua 3st Rd.)","city":"新北市","city_en":"New Taipei City","area":"林口區","area_en":"Linkou Dist","address":"文化三路二段315號東側","address_en":"No. 315, Sec. 2, Wenhua 3rd Rd.(East)","total_quantity":20,"available_bikes":6,"available_spots":14,"yb2_quantity":6,"eyb_quantity":0,"active":true,"latitude":25.08712,"longitude":121.37961,"updated_at":"2026-05-02T14:29:02+08:00"}},{"type":"Feature","geometry":{"type":"Point","coordinates":[121.36821,25.07464]},"properties":{"sno":500216056,"name":"YouBike2.0_文化三路一段447巷口","name_en":"YouBike2.0_Ln. 447, Sec.1, Wenhua 3rd Rd.","city":"新北市","city_en":"New Taipei City","area":"林口區","area_en":"Linkou Dist","address":"文化三路一段451號(前)","address_en":"Ln. 447, Sec.1, Wenhua 3rd Rd.","total_quantity":15,"available_bikes":14,"available_spots":1,"yb2_quantity":14,"eyb_quantity":0,"active":true,"latitude":25.07464,"longitude":121.36821,"updated_at":"2026-05-02T14:37:02+08:00"}},{"type":"Feature","geometry":{"type":"Point","coordinates":[121.38195,25.07713]},"properties":{"sno":500216057,"name":"YouBike2.0_林口東湖國小","name_en":"YouBike2.0_Linkou Donghu Elementary School","city":"新北市","city_en":"New Taipei City","area":"林口區","area_en":"Linkou Dist","address":"中正路512號(對面)","address_en":"No. 512, Zhongzheng Rd. (oppisite)","total_quantity":15,"available_bikes":7,"available_spots":8,"yb2_quantity":7,"eyb_quantity":0,"active":true,"latitude":25.07713,"longitude":121.38195,"updated_at":"2026-05-02T14:35:03+08:00"}},{"type":"Feature","geometry":{"type":"Point","coordinates":[121.38538,25.08565]},"properties":{"sno":500216058,"name":"YouBike2.0_竹林一文化一路口","name_en":"YouBike2.0_Zhulin 1st Rd. & Wenhua 1st Rd. Intersection","city":"新北市","city_en":"New Taipei City","area":"林口區","area_en":"Linkou Dist","address":"竹林一路105-113號(前)","address_en":"No.105-113, Zhulin 1st Rd. (front)","total_quantity":15,"available_bikes":2,"available_spots":12,"yb2_quantity":2,"eyb_quantity":0,"active":true,"latitude":25.08565,"longitude":121.38538,"updated_at":"2026-05-02T14:20:04+08:00"}},{"type":"Feature","geometry":{"type":"Point","coordinates":[121.37874,25.09322]},"properties":{"sno":500216059,"name":"YouBike2.0_文化北中華路口","name_en":"YouBike2.0_Wenhua N. Rd. & Zhonghua Rd. Intersection","city":"新北市","city_en":"New Taipei City","area":"林口區","area_en":"Linkou Dist","address":"文化北路二段600號(旁)","address_en":"No.600, Sec.2, Wenhua N. Rd. (side)","total_quantity":19,"available_bikes":9,"available_spots":10,"yb2_quantity":9,"eyb_quantity":0,"active":true,"latitude":25.09322,"longitude":121.37874,"updated_at":"2026-05-02T14:00:03+08:00"}},{"type":"Feature","geometry":{"type":"Point","coordinates":[121.37604,25.07899]},"properties":{"sno":500216060,"name":"YouBike2.0_四維文化二路口","name_en":"YouBike2.0_Siwei Rd. & Wenhua 2nd Rd. Intersection","city":"新北市","city_en":"New Taipei City","area":"林口區","area_en":"Linkou Dist","address":"四維路62號(前)","address_en":"No. 62, Siwei Rd. (Front)","total_quantity":27,"available_bikes":26,"available_spots":1,"yb2_quantity":26,"eyb_quantity":0,"active":true,"latitude":25.07899,"longitude":121.37604,"updated_at":"2026-05-02T14:32:02+08:00"}},{"type":"Feature","geometry":{"type":"Point","coordinates":[121.37107,25.07366]},"properties":{"sno":500216061,"name":"YouBike2.0_文化二路一段260巷口","name_en":"YouBike2.0_Ln. 260, Sec.1, Wenhua 2nd. Rd.","city":"新北市","city_en":"New Taipei City","area":"林口區","area_en":"Linkou Dist","address":"文化二路一段262-3號(前)","address_en":"No. 262-3, Sec. 1, Wenhua 2nd Rd. (Front)","total_quantity":14,"available_bikes":0,"available_spots":14,"yb2_quantity":0,"eyb_quantity":0,"active":true,"latitude":25.07366,"longitude":121.37107,"updated_at":"2026-05-02T14:34:17+08:00"}},{"type":"Feature","geometry":{"type":"Point","coordinates":[121.3867,25.09612]},"properties":{"sno":500216062,"name":"YouBike2.0_湖北市民活動中心","name_en":"YouBike2.0_Hubei Civil Activity Center","city":"新北市","city_en":"New Taipei City","area":"林口區","area_en":"Linkou Dist","address":"後湖17-6號(前)","address_en":"No. 17-6, Houhu. (Front)","total_quantity":10,"available_bikes":2,"available_spots":8,"yb2_quantity":2,"eyb_quantity":0,"active":true,"latitude":25.09612,"longitude":121.3867,"updated_at":"2026-05-02T13:51:04+08:00"}},{"type":"Feature","geometry":{"type":"Point","coordinates":[121.37942,25.09129]},"properties":{"sno":500216063,"name":"YouBike2.0_松柏公園","name_en":"YouBike2.0_Songbo Park","city":"新北市","city_en":"New Taipei City","area":"林口區","area_en":"Linkou Dist","address":"松柏路35-2號(對面)","address_en":"No. 35-2, Songbo Rd. (Opposite)","total_quantity":10,"available_bikes":3,"available_spots":7,"yb2_quantity":3,"eyb_quantity":0,"active":true,"latitude":25.09129,"longitude":121.37942,"updated_at":"2026-05-02T14:35:03+08:00"}},{"type":"Feature","geometry":{"type":"Point","coordinates":[121.39018,25.06976]},"properties":{"sno":500216064,"name":"YouBike2.0_東明一街121巷","name_en":"YouBike2.0_Ln. 121, Dongming 1st St.","city":"新北市","city_en":"New Taipei City","area":"林口區","area_en":"Linkou Dist","address":"東明三街348號(旁)","address_en":"No. 348, Dongming 3rd St. (Side)","total_quantity":20,"available_bikes":12,"available_spots":7,"yb2_quantity":11,"eyb_quantity":1,"active":true,"latitude":25.06976,"longitude":121.39018,"updated_at":"2026-05-02T13:39:03+08:00"}},{"type":"Feature","geometry":{"type":"Point","coordinates":[121.40133,25.06726]},"properties":{"sno":500216065,"name":"YouBike2.0_師大林口校區行政大樓","name_en":"YouBike2.0_NTNU-Linkou Administration Building","city":"新北市","city_en":"New Taipei City","area":"林口區","area_en":"Linkou Dist","address":"師大林口校區行政大樓","address_en":"NTNU-Linkou Administration Building","total_quantity":18,"available_bikes":5,"available_spots":13,"yb2_quantity":5,"eyb_quantity":0,"active":true,"latitude":25.06726,"longitude":121.40133,"updated_at":"2026-05-02T14:26:02+08:00"}},{"type":"Feature","geometry":{"type":"Point","coordinates":[121.40216,25.06703]},"properties":{"sno":500216066,"name":"YouBike2.0_師大林口校區體育館前","name_en":"YouBike2.0_NTNU-Linkou Gymnasium","city":"新北市","city_en":"New Taipei City","area":"林口區","area_en":"Linkou Dist","address":"師大林口校區體育館前","address_en":"NTNU-Linkou Gymnasium (Front)","total_quantity":16,"available_bikes":6,"available_spots":10,"yb2_quantity":6,"eyb_quantity":0,"active":true,"latitude":25.06703,"longitude":121.40216,"updated_at":"2026-05-02T12:51:02+08:00"}},{"type":"Feature","geometry":{"type":"Point","coordinates":[121.4022,25.06929]},"properties":{"sno":500216067,"name":"YouBike2.0_師大林口校區誠樓前","name_en":"YouBike2.0_NTNU-Linkou Residence Hall K","city":"新北市","city_en":"New Taipei City","area":"林口區","area_en":"Linkou Dist","address":"師大林口校區誠樓前","address_en":"NTNU-Linkou Residence Hall K (Front)","total_quantity":29,"available_bikes":7,"available_spots":22,"yb2_quantity":4,"eyb_quantity":3,"active":true,"latitude":25.06929,"longitude":121.4022,"updated_at":"2026-05-02T14:39:02+08:00"}},{"type":"Feature","geometry":{"type":"Point","coordinates":[121.4033,25.06944]},"properties":{"sno":500216068,"name":"YouBike2.0_師大林口校區正樓後","name_en":"YouBike2.0_NTNU-Linkou Residence Hall J","city":"新北市","city_en":"New Taipei City","area":"林口區","area_en":"Linkou Dist","address":"師大林口校區正樓後","address_en":"NTNU-Linkou Residence Hall J (Behind)","total_quantity":27,"available_bikes":8,"available_spots":19,"yb2_quantity":8,"eyb_quantity":0,"active":true,"latitude":25.06944,"longitude":121.4033,"updated_at":"2026-05-02T14:04:03+08:00"}},{"type":"Feature","geometry":{"type":"Point","coordinates":[121.3838,25.08809]},"properties":{"sno":500216069,"name":"YouBike2.0_宗北公園","name_en":"YouBike2.0_Zongbei Park","city":"新北市","city_en":"New Taipei City","area":"林口區","area_en":"Linkou Dist","address":"中北二街28號(前)","address_en":"No. 28, Zhongbei 2nd St. (Front)","total_quantity":15,"available_bikes":10,"available_spots":5,"yb2_quantity":10,"eyb_quantity":0,"active":true,"latitude":25.08809,"longitude":121.3838,"updated_at":"2026-05-02T14:39:02+08:00"}},{"type":"Feature","geometry":{"type":"Point","coordinates":[121.36629,25.07294]},"properties":{"sno":500216070,"name":"YouBike2.0_文化廣場","name_en":"YouBike2.0_Wenhua Square","city":"新北市","city_en":"New Taipei City","area":"林口區","area_en":"Linkou Dist","address":"文化三路一段394巷8號(對面)","address_en":"No. 8, Ln. 394, Sec. 1, Wenhua 3rd Rd. (Opposite)","total_quantity":30,"available_bikes":28,"available_spots":2,"yb2_quantity":28,"eyb_quantity":0,"active":true,"latitude":25.07294,"longitude":121.36629,"updated_at":"2026-05-02T14:36:04+08:00"}},{"type":"Feature","geometry":{"type":"Point","coordinates":[121.36524,25.06812]},"properties":{"sno":500216071,"name":"YouBike2.0_文化二路一段68巷口","name_en":"YouBike2.0_Ln.68, Sec. 1, Wenhua 2nd Rd.","city":"新北市","city_en":"New Taipei City","area":"林口區","area_en":"Linkou Dist","address":"文化二路一段60號(前)","address_en":"No. 60, Sec. 1, Wenhua 2nd Rd. (Front)","total_quantity":21,"available_bikes":8,"available_spots":10,"yb2_quantity":7,"eyb_quantity":1,"active":true,"latitude":25.06812,"longitude":121.36524,"updated_at":"2026-05-02T14:39:02+08:00"}},{"type":"Feature","geometry":{"type":"Point","coordinates":[121.36137,25.07744]},"properties":{"sno":500216072,"name":"YouBike2.0_忠福南勢一街口","name_en":"YouBike2.0_Zhongfu Rd. & Nanshi 1st St. Intersection","city":"新北市","city_en":"New Taipei City","area":"林口區","area_en":"Linkou Dist","address":"忠福路137號(前)","address_en":"No. 137, Zhongfu Rd. (Front)","total_quantity":20,"available_bikes":12,"available_spots":8,"yb2_quantity":12,"eyb_quantity":0,"active":true,"latitude":25.07744,"longitude":121.36137,"updated_at":"2026-05-02T14:21:03+08:00"}},{"type":"Feature","geometry":{"type":"Point","coordinates":[121.37525,25.08711]},"properties":{"sno":500216073,"name":"YouBike2.0_文林公園","name_en":"YouBike2.0_Wenlin Park","city":"新北市","city_en":"New Taipei City","area":"林口區","area_en":"Linkou Dist","address":"文林三街45號(對面)","address_en":"No. 45, Wenlin 3rd St. (Opposite)","total_quantity":15,"available_bikes":7,"available_spots":6,"yb2_quantity":6,"eyb_quantity":1,"active":true,"latitude":25.08711,"longitude":121.37525,"updated_at":"2026-05-02T14:39:02+08:00"}},{"type":"Feature","geometry":{"type":"Point","coordinates":[121.3685,25.07239]},"properties":{"sno":500216074,"name":"YouBike2.0_扶輪公園(忠孝路)","name_en":"YouBike2.0_Fulun Park (Zhongxiao Rd.)","city":"新北市","city_en":"New Taipei City","area":"林口區","area_en":"Linkou Dist","address":"忠孝路/文化二路一段(西北側)","address_en":"Zhongxiao Rd. & Sec. 1, Wenhua 2nd Rd. (Northwest)","total_quantity":33,"available_bikes":22,"available_spots":11,"yb2_quantity":22,"eyb_quantity":0,"active":true,"latitude":25.07239,"longitude":121.3685,"updated_at":"2026-05-02T14:39:02+08:00"}},{"type":"Feature","geometry":{"type":"Point","coordinates":[121.37068,25.07951]},"properties":{"sno":500216075,"name":"YouBike2.0_民族仁愛路口","name_en":"YouBike2.0_Minzu Rd. & Ren'ai Rd. Intersection","city":"新北市","city_en":"New Taipei City","area":"林口區","area_en":"Linkou Dist","address":"仁愛路二段371號(旁)","address_en":"No. 371, Sec. 2, Ren'ai Rd. (Side)","total_quantity":17,"available_bikes":5,"available_spots":12,"yb2_quantity":5,"eyb_quantity":0,"active":true,"latitude":25.07951,"longitude":121.37068,"updated_at":"2026-05-02T14:35:03+08:00"}},{"type":"Feature","geometry":{"type":"Point","coordinates":[121.37541,25.08214]},"properties":{"sno":500216076,"name":"YouBike2.0_信義文化三路口","name_en":"YouBike2.0_Xinyi Rd. & Wenhua 3rd Rd. Intersection","city":"新北市","city_en":"New Taipei City","area":"林口區","area_en":"Linkou Dist","address":"文化三路二段175號(旁)","address_en":"No. 175, Sec. 2, Wenhua 3rd Rd. (Side)","total_quantity":24,"available_bikes":16,"available_spots":8,"yb2_quantity":16,"eyb_quantity":0,"active":true,"latitude":25.08214,"longitude":121.37541,"updated_at":"2026-05-02T14:39:02+08:00"}},{"type":"Feature","geometry":{"type":"Point","coordinates":[121.37612,25.06705]},"properties":{"sno":500216077,"name":"YouBike2.0_樂活公園","name_en":"YouBike2.0_Lohas Park","city":"新北市","city_en":"New Taipei City","area":"林口區","area_en":"Linkou Dist","address":"忠孝路594巷13號(對面)","address_en":"No. 13, Ln. 594, Zhongxiao Rd. (Opposite)","total_quantity":14,"available_bikes":6,"available_spots":8,"yb2_quantity":6,"eyb_quantity":0,"active":true,"latitude":25.06705,"longitude":121.37612,"updated_at":"2026-05-02T14:26:02+08:00"}},{"type":"Feature","geometry":{"type":"Point","coordinates":[121.38159,25.07386]},"properties":{"sno":500216078,"name":"YouBike2.0_林口高中(四維路)","name_en":"YouBike2.0_Linkou Senior High School (Siwei Rd.)","city":"新北市","city_en":"New Taipei City","area":"林口區","area_en":"Linkou Dist","address":"四維路/仁愛路二段(西南側)","address_en":"Siwei Rd. & Sec. 2, Ren'ai Rd. (Southwest)","total_quantity":23,"available_bikes":12,"available_spots":11,"yb2_quantity":11,"eyb_quantity":1,"active":true,"latitude":25.07386,"longitude":121.38159,"updated_at":"2026-05-02T14:37:02+08:00"}},{"type":"Feature","geometry":{"type":"Point","coordinates":[121.35626,25.06715]},"properties":{"sno":500216079,"name":"YouBike2.0_八德路500巷","name_en":"YouBike2.0_Ln. 500, Bade Rd.","city":"新北市","city_en":"New Taipei City","area":"林口區","area_en":"Linkou Dist","address":"八德路500巷15號(旁)","address_en":"No. 15, Ln. 500, Bade Rd. (Side)","total_quantity":20,"available_bikes":8,"available_spots":11,"yb2_quantity":7,"eyb_quantity":1,"active":true,"latitude":25.06715,"longitude":121.35626,"updated_at":"2026-05-02T14:33:03+08:00"}},{"type":"Feature","geometry":{"type":"Point","coordinates":[121.35475,25.07255]},"properties":{"sno":500216080,"name":"YouBike2.0_南勢六街81巷口","name_en":"YouBike2.0_Ln. 81, Nanshi 6th St. Intersection","city":"新北市","city_en":"New Taipei City","area":"林口區","area_en":"Linkou Dist","address":"南勢六街79號(對面)","address_en":"No. 79, Nanshi 6th St. (Opposite)","total_quantity":15,"available_bikes":9,"available_spots":6,"yb2_quantity":9,"eyb_quantity":0,"active":true,"latitude":25.07255,"longitude":121.35475,"updated_at":"2026-05-02T14:28:04+08:00"}},{"type":"Feature","geometry":{"type":"Point","coordinates":[121.38847,25.0926]},"properties":{"sno":500216081,"name":"YouBike2.0_湖子和福宮","name_en":"YouBike2.0_HuZi HeFu Temple","city":"新北市","city_en":"New Taipei City","area":"林口區","area_en":"Linkou Dist","address":"湖子1鄰7-9號(對面)","address_en":"No. 7-9, HuZi (Opposite)","total_quantity":15,"available_bikes":8,"available_spots":6,"yb2_quantity":8,"eyb_quantity":0,"active":true,"latitude":25.0926,"longitude":121.38847,"updated_at":"2026-05-02T13:54:03+08:00"}},{"type":"Feature","geometry":{"type":"Point","coordinates":[121.36492,25.07659]},"properties":{"sno":500216082,"name":"YouBike2.0_文化北路一段412巷口","name_en":"YouBike2.0_Ln. 412, Sec. 1, WenHua N. Rd.","city":"新北市","city_en":"New Taipei City","area":"林口區","area_en":"Linkou Dist","address":"文化北路一段422號(前)","address_en":"No. 422, Sec. 1, WenHua N. Rd. (Front)","total_quantity":27,"available_bikes":12,"available_spots":15,"yb2_quantity":12,"eyb_quantity":0,"active":true,"latitude":25.07659,"longitude":121.36492,"updated_at":"2026-05-02T14:36:04+08:00"}},{"type":"Feature","geometry":{"type":"Point","coordinates":[121.37472,25.07353]},"properties":{"sno":500216083,"name":"YouBike2.0_國家檔案館","name_en":"YouBike2.0_National Archives","city":"新北市","city_en":"New Taipei City","area":"林口區","area_en":"Linkou Dist","address":"檔案館路1號","address_en":"No. 1, DangAnGuan Rd.","total_quantity":17,"available_bikes":7,"available_spots":10,"yb2_quantity":6,"eyb_quantity":1,"active":true,"latitude":25.07353,"longitude":121.37472,"updated_at":"2026-05-02T14:38:04+08:00"}},{"type":"Feature","geometry":{"type":"Point","coordinates":[121.37527,25.07285]},"properties":{"sno":500216084,"name":"YouBike2.0_國家檔案館(文化一路)","name_en":"YouBike2.0_National Archives (WenHua 1st Rd.)","city":"新北市","city_en":"New Taipei City","area":"林口區","area_en":"Linkou Dist","address":"文化一路一段/麗園一街口(北側)","address_en":"Sec. 1, WenHua 1st Rd. & LiYuan 1st St. (North)","total_quantity":25,"available_bikes":20,"available_spots":5,"yb2_quantity":20,"eyb_quantity":0,"active":true,"latitude":25.07285,"longitude":121.37527,"updated_at":"2026-05-02T14:37:02+08:00"}},{"type":"Feature","geometry":{"type":"Point","coordinates":[121.37414,25.07979]},"properties":{"sno":500216085,"name":"YouBike2.0_文化三四維路口","name_en":"YouBike2.0_WenHua 3rd Rd. & SiWei Rd. Intersection","city":"新北市","city_en":"New Taipei City","area":"林口區","area_en":"Linkou Dist","address":"文化三路二段48號(前)","address_en":"No. 48, Section 2, Wenhua 3rd Road (front)","total_quantity":29,"available_bikes":15,"available_spots":13,"yb2_quantity":13,"eyb_quantity":2,"active":true,"latitude":25.07979,"longitude":121.37414,"updated_at":"2026-05-02T14:39:02+08:00"}},{"type":"Feature","geometry":{"type":"Point","coordinates":[121.36119,25.07376]},"properties":{"sno":500216086,"name":"YouBike2.0_文化北忠孝一路口","name_en":"YouBike2.0_WenHua N. Rd. & ZhongXiao 1st Rd. Intersection","city":"新北市","city_en":"New Taipei City","area":"林口區","area_en":"Linkou Dist","address":"文化北路一段303號(前)","address_en":"No. 303, Section 1, Wenhua North Road (front)","total_quantity":18,"available_bikes":13,"available_spots":5,"yb2_quantity":13,"eyb_quantity":0,"active":true,"latitude":25.07376,"longitude":121.36119,"updated_at":"2026-05-02T13:52:04+08:00"}},{"type":"Feature","geometry":{"type":"Point","coordinates":[121.37942,25.08288]},"properties":{"sno":500216087,"name":"YouBike2.0_中山文化二路口","name_en":"YouBike2.0_ZhongShan Rd. & WenHua 2nd Rd. Intersection","city":"新北市","city_en":"New Taipei City","area":"林口區","area_en":"Linkou Dist","address":"中山路498號","address_en":"No. 498, ZhongShan Rd.","total_quantity":17,"available_bikes":4,"available_spots":12,"yb2_quantity":4,"eyb_quantity":0,"active":true,"latitude":25.08288,"longitude":121.37942,"updated_at":"2026-05-02T14:26:02+08:00"}},{"type":"Feature","geometry":{"type":"Point","coordinates":[121.36922,25.06722]},"properties":{"sno":500216088,"name":"YouBike2.0_樂活公園(文化一路)","name_en":"YouBike2.0_Lohas Park (WenHua 1st Rd.)","city":"新北市","city_en":"New Taipei City","area":"林口區","area_en":"Linkou Dist","address":"文化一路一段20號(南側公園)","address_en":"No. 20, Sec. 1, WenHua 1st Rd. (South)","total_quantity":26,"available_bikes":9,"available_spots":17,"yb2_quantity":9,"eyb_quantity":0,"active":true,"latitude":25.06722,"longitude":121.36922,"updated_at":"2026-05-02T14:08:03+08:00"}},{"type":"Feature","geometry":{"type":"Point","coordinates":[121.37494,25.07222]},"properties":{"sno":500216089,"name":"YouBike2.0_文化一麗園路2巷口","name_en":"YouBike2.0_WenHua 1st Rd. & Ln. 2, Liyuan Rd. Intersection","city":"新北市","city_en":"New Taipei City","area":"林口區","area_en":"Linkou Dist","address":"文化一路一段122號(前)","address_en":"No. 122, Sec. 1, WenHua 1st Rd. (Front)","total_quantity":18,"available_bikes":12,"available_spots":6,"yb2_quantity":11,"eyb_quantity":1,"active":true,"latitude":25.07222,"longitude":121.37494,"updated_at":"2026-05-02T14:10:03+08:00"}},{"type":"Feature","geometry":{"type":"Point","coordinates":[121.36541,25.06913]},"properties":{"sno":500216090,"name":"YouBike2.0_忠孝二文化二路口","name_en":"YouBike2.0_ZhongXiao 2nd Rd. & WenHua 2nd Rd. Intersection","city":"新北市","city_en":"New Taipei City","area":"林口區","area_en":"Linkou Dist","address":"文化二路一段66號西側","address_en":"No. 66, Sec. 1, WenHua 2nd Rd. (West)","total_quantity":23,"available_bikes":20,"available_spots":1,"yb2_quantity":19,"eyb_quantity":1,"active":true,"latitude":25.06913,"longitude":121.36541,"updated_at":"2026-05-02T14:39:02+08:00"}},{"type":"Feature","geometry":{"type":"Point","coordinates":[121.36982,25.0712]},"properties":{"sno":500216091,"name":"YouBike2.0_忠孝公園路口","name_en":"YouBike2.0_ZhongXiao Rd. & GongYuan Rd. Intersection","city":"新北市","city_en":"New Taipei City","area":"林口區","area_en":"Linkou Dist","address":"忠孝路/公園路(北側)","address_en":"ZhongXiao Rd. & GongYuan Rd. (North)","total_quantity":16,"available_bikes":12,"available_spots":4,"yb2_quantity":12,"eyb_quantity":0,"active":true,"latitude":25.0712,"longitude":121.36982,"updated_at":"2026-05-02T14:33:03+08:00"}},{"type":"Feature","geometry":{"type":"Point","coordinates":[121.36232,25.07486]},"properties":{"sno":500216092,"name":"YouBike2.0_南勢國中","name_en":"YouBike2.0_Nan Shi Junior High School","city":"新北市","city_en":"New Taipei City","area":"林口區","area_en":"Linkou Dist","address":"南勢街192巷/文化北路一段口","address_en":"Ln. 192, NanShi St. & Sec. 1, WenHua N. Rd.","total_quantity":24,"available_bikes":15,"available_spots":9,"yb2_quantity":15,"eyb_quantity":0,"active":true,"latitude":25.07486,"longitude":121.36232,"updated_at":"2026-05-02T13:57:04+08:00"}},{"type":"Feature","geometry":{"type":"Point","coordinates":[121.36246,25.07039]},"properties":{"sno":500216093,"name":"YouBike2.0_文化三路一段203號前","name_en":"YouBike2.0_No. 203, Sec. 1, WenHua 3rd Rd.","city":"新北市","city_en":"New Taipei City","area":"林口區","area_en":"Linkou Dist","address":"文化三路一段203號(前)","address_en":"No. 203, Sec. 1, WenHua 3rd Rd. (Front)","total_quantity":27,"available_bikes":18,"available_spots":9,"yb2_quantity":17,"eyb_quantity":1,"active":true,"latitude":25.07039,"longitude":121.36246,"updated_at":"2026-05-02T14:31:03+08:00"}},{"type":"Feature","geometry":{"type":"Point","coordinates":[121.3722,25.07534]},"properties":{"sno":500216094,"name":"YouBike2.0_林口廣停一停車場","name_en":"YouBike2.0_Linkou Guangting 1st. Car Park","city":"新北市","city_en":"New Taipei City","area":"林口區","area_en":"Linkou Dist","address":"文化二路一段413號北側","address_en":"No. 413, Sec. 1, WenHua 2nd Rd. (North)","total_quantity":18,"available_bikes":3,"available_spots":15,"yb2_quantity":3,"eyb_quantity":0,"active":true,"latitude":25.07534,"longitude":121.3722,"updated_at":"2026-05-02T14:32:02+08:00"}},{"type":"Feature","geometry":{"type":"Point","coordinates":[121.36496,25.07484]},"properties":{"sno":500216095,"name":"YouBike2.0_民族忠孝路口","name_en":"YouBike2.0_MinZu Rd. & ZhongXiao Rd. Intersection","city":"新北市","city_en":"New Taipei City","area":"林口區","area_en":"Linkou Dist","address":"忠孝路38號","address_en":"No. 38, ZhongXiao Rd.","total_quantity":14,"available_bikes":12,"available_spots":2,"yb2_quantity":12,"eyb_quantity":0,"active":true,"latitude":25.07484,"longitude":121.36496,"updated_at":"2026-05-02T14:28:04+08:00"}},{"type":"Feature","geometry":{"type":"Point","coordinates":[121.71021,24.93555]},"properties":{"sno":500217001,"name":"YouBike2.0_水柳腳立體停車場","name_en":"YouBike2.0_Shue-Lliou-Jiao Parking Lot","city":"新北市","city_en":"New Taipei City","area":"坪林區","area_en":"Pinglin Dist","address":"水柳腳34-1號(停車場內)","address_en":"No. 34-1, Shuiliujiao(Parking Lot)","total_quantity":23,"available_bikes":8,"available_spots":14,"yb2_quantity":8,"eyb_quantity":0,"active":true,"latitude":24.93555,"longitude":121.71021,"updated_at":"2026-05-02T14:38:04+08:00"}},{"type":"Feature","geometry":{"type":"Point","coordinates":[121.71254,24.93475]},"properties":{"sno":500217002,"name":"YouBike2.0_坪林茶業博物館","name_en":"YouBike2.0_Ping-Lin Tea Museum","city":"新北市","city_en":"New Taipei City","area":"坪林區","area_en":"Pinglin Dist","address":"水聳淒坑19-1號","address_en":"No. 19-1, Shuisongqikeng","total_quantity":20,"available_bikes":6,"available_spots":13,"yb2_quantity":5,"eyb_quantity":1,"active":true,"latitude":24.93475,"longitude":121.71254,"updated_at":"2026-05-02T14:31:03+08:00"}},{"type":"Feature","geometry":{"type":"Point","coordinates":[121.70528,24.93522]},"properties":{"sno":500217003,"name":"YouBike2.0_坪林旅遊服務中心","name_en":"YouBike2.0_Pinglin Tourism Service Center","city":"新北市","city_en":"New Taipei City","area":"坪林區","area_en":"Pinglin Dist","address":"北宜路八段95號","address_en":"No. 95, Sec. 8, Beiyi Rd.","total_quantity":22,"available_bikes":1,"available_spots":21,"yb2_quantity":1,"eyb_quantity":0,"active":true,"latitude":24.93522,"longitude":121.70528,"updated_at":"2026-05-02T14:34:17+08:00"}},{"type":"Feature","geometry":{"type":"Point","coordinates":[121.71259,24.93666]},"properties":{"sno":500217004,"name":"YouBike2.0_國中碇坪路二段口","name_en":"YouBike2.0_GuoZhong Rd. & Sec. 2, DingPing Rd. Intersection","city":"新北市","city_en":"New Taipei City","area":"坪林區","area_en":"Pinglin Dist","address":"國中路2號(旁)","address_en":"No. 2, GuoZhong Rd. (Side)","total_quantity":19,"available_bikes":1,"available_spots":18,"yb2_quantity":0,"eyb_quantity":1,"active":true,"latitude":24.93666,"longitude":121.71259,"updated_at":"2026-05-02T14:24:04+08:00"}},{"type":"Feature","geometry":{"type":"Point","coordinates":[121.4642,25.01245]},"properties":{"sno":500218001,"name":"YouBike2.0_新北市政府(新府路)","name_en":"YouBike2.0_New Taipei City Hall (Xinfu Rd.)","city":"新北市","city_en":"New Taipei City","area":"板橋區","area_en":"Banqiao Dist","address":"新北市政府(新府路側)","address_en":"No.1, Xinfu Rd. (opposite)","total_quantity":68,"available_bikes":37,"available_spots":17,"yb2_quantity":27,"eyb_quantity":10,"active":true,"latitude":25.01245,"longitude":121.4642,"updated_at":"2026-05-02T14:38:04+08:00"}},{"type":"Feature","geometry":{"type":"Point","coordinates":[121.46653,25.01252]},"properties":{"sno":500218002,"name":"YouBike2.0_新北市政府(新站路)","name_en":"YouBike2.0_New Taipei City Hall (Xinzhan Rd)","city":"新北市","city_en":"New Taipei City","area":"板橋區","area_en":"Banqiao Dist","address":"新北市政府(新站路側)","address_en":"No.161, Sec. 1, Zhongshan Rd.","total_quantity":74,"available_bikes":72,"available_spots":2,"yb2_quantity":71,"eyb_quantity":1,"active":true,"latitude":25.01252,"longitude":121.46653,"updated_at":"2026-05-02T14:39:02+08:00"}},{"type":"Feature","geometry":{"type":"Point","coordinates":[121.42636,24.99057]},"properties":{"sno":500218004,"name":"YouBike2.0_板林溪北路口","name_en":"YouBike2.0_Banlin & Xibei Intersection","city":"新北市","city_en":"New Taipei City","area":"板橋區","area_en":"Banqiao Dist","address":"溪北路2號旁人行道","address_en":"No. 2, Xibei Rd.","total_quantity":57,"available_bikes":32,"available_spots":25,"yb2_quantity":31,"eyb_quantity":1,"active":true,"latitude":24.99057,"longitude":121.42636,"updated_at":"2026-05-02T14:29:02+08:00"}},{"type":"Feature","geometry":{"type":"Point","coordinates":[121.4522,24.99763]},"properties":{"sno":500218005,"name":"YouBike2.0_捷運亞東醫院站(2號出口)","name_en":"YouBike2.0_MRT Far Eastern Hospital Sta.(Exit.2)","city":"新北市","city_en":"New Taipei City","area":"板橋區","area_en":"Banqiao Dist","address":"南雅南路二段21號前方人行道","address_en":"No. 21, Sec. 2, Nanya W. Rd.","total_quantity":52,"available_bikes":38,"available_spots":14,"yb2_quantity":36,"eyb_quantity":2,"active":true,"latitude":24.99763,"longitude":121.4522,"updated_at":"2026-05-02T14:39:02+08:00"}},{"type":"Feature","geometry":{"type":"Point","coordinates":[121.45759,24.99856]},"properties":{"sno":500218006,"name":"YouBike2.0_四川遠東路口","name_en":"YouBike2.0_Sichuan & Yuandong Intersection","city":"新北市","city_en":"New Taipei City","area":"板橋區","area_en":"Banqiao Dist","address":"四川路一段與遠東路口西南側","address_en":"Sichuan & Yuandong Intersection","total_quantity":60,"available_bikes":13,"available_spots":47,"yb2_quantity":13,"eyb_quantity":0,"active":true,"latitude":24.99856,"longitude":121.45759,"updated_at":"2026-05-02T14:34:03+08:00"}},{"type":"Feature","geometry":{"type":"Point","coordinates":[121.45064,25.01666]},"properties":{"sno":500218007,"name":"YouBike2.0_環河公園","name_en":"YouBike2.0_Huanhe Park","city":"新北市","city_en":"New Taipei City","area":"板橋區","area_en":"Banqiao Dist","address":"南雅西路二段301巷41弄(停車場旁)","address_en":"Aly. 41, Ln. 301, Sec. 1, Sanmin Rd.","total_quantity":44,"available_bikes":8,"available_spots":36,"yb2_quantity":8,"eyb_quantity":0,"active":true,"latitude":25.01666,"longitude":121.45064,"updated_at":"2026-05-02T14:35:03+08:00"}},{"type":"Feature","geometry":{"type":"Point","coordinates":[121.46684,25.00801]},"properties":{"sno":500218008,"name":"YouBike2.0_中華電信學院","name_en":"YouBike2.0_School Of Chunghwa Telecom","city":"新北市","city_en":"New Taipei City","area":"板橋區","area_en":"Banqiao Dist","address":"民族路168號(前)","address_en":"No. 168, Minzu Rd.","total_quantity":9,"available_bikes":1,"available_spots":8,"yb2_quantity":1,"eyb_quantity":0,"active":true,"latitude":25.00801,"longitude":121.46684,"updated_at":"2026-05-02T14:22:02+08:00"}},{"type":"Feature","geometry":{"type":"Point","coordinates":[121.47128,25.01225]},"properties":{"sno":500218009,"name":"YouBike2.0_漢生東路193巷口","name_en":"YouBike2.0_Ln. 193, Hansheng E. Rd. Intersection","city":"新北市","city_en":"New Taipei City","area":"板橋區","area_en":"Banqiao Dist","address":"漢生東路193巷27號(對面)","address_en":"No. 27, Ln. 193, Hansheng E. Rd.(opposite)","total_quantity":19,"available_bikes":1,"available_spots":18,"yb2_quantity":1,"eyb_quantity":0,"active":true,"latitude":25.01225,"longitude":121.47128,"updated_at":"2026-05-02T14:35:16+08:00"}},{"type":"Feature","geometry":{"type":"Point","coordinates":[121.42686,24.98698]},"properties":{"sno":500218010,"name":"YouBike2.0_溪洲公園停車場","name_en":"YouBike2.0_Xizhou Park Parking Lot","city":"新北市","city_en":"New Taipei City","area":"板橋區","area_en":"Banqiao Dist","address":"滿平街84巷公有停車場內","address_en":"Ln. 84, Manping St. (parking lot inside)","total_quantity":40,"available_bikes":16,"available_spots":23,"yb2_quantity":16,"eyb_quantity":0,"active":true,"latitude":24.98698,"longitude":121.42686,"updated_at":"2026-05-02T14:27:03+08:00"}},{"type":"Feature","geometry":{"type":"Point","coordinates":[121.45279,24.99195]},"properties":{"sno":500218011,"name":"YouBike2.0_華德公園","name_en":"YouBike2.0_Huade Park","city":"新北市","city_en":"New Taipei City","area":"板橋區","area_en":"Banqiao Dist","address":"四川路二段245巷60號對側","address_en":"No. 60, Ln. 245, Sec. 2, Sichuan Rd. (opposite)","total_quantity":58,"available_bikes":17,"available_spots":41,"yb2_quantity":9,"eyb_quantity":8,"active":true,"latitude":24.99195,"longitude":121.45279,"updated_at":"2026-05-02T14:37:02+08:00"}},{"type":"Feature","geometry":{"type":"Point","coordinates":[121.45231,25.0079]},"properties":{"sno":500218012,"name":"YouBike2.0_湳雅觀光夜市(津渡橋)","name_en":"YouBike2.0_Nanya Night Market (Jindu Bridge)","city":"新北市","city_en":"New Taipei City","area":"板橋區","area_en":"Banqiao Dist","address":"南雅西路一段63巷4號前","address_en":"No. 4, Ln. 63, Sec. 1, Nanya W. Rd.","total_quantity":56,"available_bikes":2,"available_spots":54,"yb2_quantity":1,"eyb_quantity":1,"active":true,"latitude":25.0079,"longitude":121.45231,"updated_at":"2026-05-02T14:38:04+08:00"}},{"type":"Feature","geometry":{"type":"Point","coordinates":[121.46129,25.00488]},"properties":{"sno":500218013,"name":"YouBike2.0_忠孝國中","name_en":"YouBike2.0_Zhongxiao Junior High School","city":"新北市","city_en":"New Taipei City","area":"板橋區","area_en":"Banqiao Dist","address":"成都街45號對側","address_en":"No. 45, Chengdu St. (opposite)","total_quantity":66,"available_bikes":31,"available_spots":35,"yb2_quantity":24,"eyb_quantity":7,"active":true,"latitude":25.00488,"longitude":121.46129,"updated_at":"2026-05-02T14:39:02+08:00"}},{"type":"Feature","geometry":{"type":"Point","coordinates":[121.45526,25.00376]},"properties":{"sno":500218014,"name":"YouBike2.0_南雅公園","name_en":"YouBike2.0_Nanya Park","city":"新北市","city_en":"New Taipei City","area":"板橋區","area_en":"Banqiao Dist","address":"南雅南路二段1-1號(旁)","address_en":"No. 1-1, Sec. 2, Nanya S. Rd.","total_quantity":45,"available_bikes":1,"available_spots":44,"yb2_quantity":1,"eyb_quantity":0,"active":true,"latitude":25.00376,"longitude":121.45526,"updated_at":"2026-05-02T14:39:18+08:00"}},{"type":"Feature","geometry":{"type":"Point","coordinates":[121.44863,24.99849]},"properties":{"sno":500218015,"name":"YouBike2.0_浮洲合宜住宅(合安一合宜路口)","name_en":"YouBike2.0_Fuzhou Heyi Housing (Heyi Rd. & He'an 1st Rd. Intersection)","city":"新北市","city_en":"New Taipei City","area":"板橋區","area_en":"Banqiao Dist","address":"合宜路/合安一路(東南側機車停車場)","address_en":"Heyi Rd. & He'an 1st Rd. Intersection (scooter parking lot)","total_quantity":58,"available_bikes":1,"available_spots":57,"yb2_quantity":1,"eyb_quantity":0,"active":true,"latitude":24.99849,"longitude":121.44863,"updated_at":"2026-05-02T14:34:17+08:00"}},{"type":"Feature","geometry":{"type":"Point","coordinates":[121.45622,24.99625]},"properties":{"sno":500218016,"name":"YouBike2.0_板橋信義公園","name_en":"YouBike2.0_Banqiao Xinyi Park","city":"新北市","city_en":"New Taipei City","area":"板橋區","area_en":"Banqiao Dist","address":"四川路1號旁人行道","address_en":"No.1,Sichuan Rd.","total_quantity":55,"available_bikes":14,"available_spots":41,"yb2_quantity":13,"eyb_quantity":1,"active":true,"latitude":24.99625,"longitude":121.45622,"updated_at":"2026-05-02T14:38:04+08:00"}},{"type":"Feature","geometry":{"type":"Point","coordinates":[121.45971,24.99601]},"properties":{"sno":500218017,"name":"YouBike2.0_板橋仁愛公園","name_en":"YouBike2.0_Banqiao Renai Park","city":"新北市","city_en":"New Taipei City","area":"板橋區","area_en":"Banqiao Dist","address":"國慶路49巷7號對側","address_en":"No.7, Ln. 49, Guoqing Rd. (opposite)","total_quantity":51,"available_bikes":2,"available_spots":49,"yb2_quantity":2,"eyb_quantity":0,"active":true,"latitude":24.99601,"longitude":121.45971,"updated_at":"2026-05-02T14:39:02+08:00"}},{"type":"Feature","geometry":{"type":"Point","coordinates":[121.47124,25.01409]},"properties":{"sno":500218018,"name":"YouBike2.0_捷運板新站","name_en":"YouBike2.0_MRT Banxin Station","city":"新北市","city_en":"New Taipei City","area":"板橋區","area_en":"Banqiao Dist","address":"板新路117巷7號(後方廣場)","address_en":"No. 7, Ln. 117, Banxin Rd.","total_quantity":96,"available_bikes":50,"available_spots":46,"yb2_quantity":50,"eyb_quantity":0,"active":true,"latitude":25.01409,"longitude":121.47124,"updated_at":"2026-05-02T14:22:02+08:00"}},{"type":"Feature","geometry":{"type":"Point","coordinates":[121.46657,25.02598]},"properties":{"sno":500218019,"name":"YouBike2.0_捷運新埔民生站","name_en":"YouBike2.0_MRT Xinpu Minsheng Station","city":"新北市","city_en":"New Taipei City","area":"板橋區","area_en":"Banqiao Dist","address":"民生路三段70號對面停車場內","address_en":"No.70, Sec.3, Minsheng Rd. (Opposite)","total_quantity":40,"available_bikes":11,"available_spots":29,"yb2_quantity":10,"eyb_quantity":1,"active":true,"latitude":25.02598,"longitude":121.46657,"updated_at":"2026-05-02T14:36:04+08:00"}},{"type":"Feature","geometry":{"type":"Point","coordinates":[121.46808,25.0235]},"properties":{"sno":500218020,"name":"YouBike2.0_捷運新埔站(5號出口)","name_en":"YouBike2.0_MRT Xinpu Station (Exit.5)","city":"新北市","city_en":"New Taipei City","area":"板橋區","area_en":"Banqiao Dist","address":"文化路二段/民生路三段口","address_en":"Sec. 2, Wenhua Rd./Sec. 3, Minsheng Rd. Intersection","total_quantity":79,"available_bikes":28,"available_spots":51,"yb2_quantity":22,"eyb_quantity":6,"active":true,"latitude":25.0235,"longitude":121.46808,"updated_at":"2026-05-02T14:37:02+08:00"}},{"type":"Feature","geometry":{"type":"Point","coordinates":[121.46745,25.0235]},"properties":{"sno":500218021,"name":"YouBike2.0_捷運新埔站(1號出口)","name_en":"YouBike2.0_MRT Xinpu Sta.(Exit.1)","city":"新北市","city_en":"New Taipei City","area":"板橋區","area_en":"Banqiao Dist","address":"民生路三段11號(前)","address_en":"No. 11, Sec. 3, Minsheng Rd.","total_quantity":99,"available_bikes":78,"available_spots":18,"yb2_quantity":71,"eyb_quantity":7,"active":true,"latitude":25.0235,"longitude":121.46745,"updated_at":"2026-05-02T14:35:03+08:00"}},{"type":"Feature","geometry":{"type":"Point","coordinates":[121.47422,25.02332]},"properties":{"sno":500218022,"name":"YouBike2.0_埤墘公園","name_en":"YouBike2.0_Piqian Park","city":"新北市","city_en":"New Taipei City","area":"板橋區","area_en":"Banqiao Dist","address":"萬板路108號(前公園路側)","address_en":"No. 108, Wanban Rd.","total_quantity":37,"available_bikes":1,"available_spots":36,"yb2_quantity":1,"eyb_quantity":0,"active":true,"latitude":25.02332,"longitude":121.47422,"updated_at":"2026-05-02T14:39:02+08:00"}},{"type":"Feature","geometry":{"type":"Point","coordinates":[121.4653,25.01927]},"properties":{"sno":500218023,"name":"YouBike2.0_健華新城社區","name_en":"YouBike2.0_Jianhua New Village","city":"新北市","city_en":"New Taipei City","area":"板橋區","area_en":"Banqiao Dist","address":"文化路一段309-6號(前)","address_en":"No. 309-1, Sec. 1, Wenhua Rd.","total_quantity":72,"available_bikes":6,"available_spots":65,"yb2_quantity":2,"eyb_quantity":4,"active":true,"latitude":25.01927,"longitude":121.4653,"updated_at":"2026-05-02T14:30:03+08:00"}},{"type":"Feature","geometry":{"type":"Point","coordinates":[121.45713,24.99181]},"properties":{"sno":500218024,"name":"YouBike2.0_信義公園市民活動中心","name_en":"YouBike2.0_Xinyi Park","city":"新北市","city_en":"New Taipei City","area":"板橋區","area_en":"Banqiao Dist","address":"信義路150巷51號對側","address_en":"No.51, Ln. 150, Xinyi Rd. (Opposite)","total_quantity":49,"available_bikes":1,"available_spots":47,"yb2_quantity":1,"eyb_quantity":0,"active":true,"latitude":24.99181,"longitude":121.45713,"updated_at":"2026-05-02T14:34:17+08:00"}},{"type":"Feature","geometry":{"type":"Point","coordinates":[121.46427,24.99766]},"properties":{"sno":500218025,"name":"YouBike2.0_板橋和平公園","name_en":"YouBike2.0_Banqiao Heping Park","city":"新北市","city_en":"New Taipei City","area":"板橋區","area_en":"Banqiao Dist","address":"重慶路355號外側人行道","address_en":"No.355, Chongqing Rd.","total_quantity":54,"available_bikes":4,"available_spots":50,"yb2_quantity":3,"eyb_quantity":1,"active":true,"latitude":24.99766,"longitude":121.46427,"updated_at":"2026-05-02T14:37:02+08:00"}},{"type":"Feature","geometry":{"type":"Point","coordinates":[121.47542,25.01368]},"properties":{"sno":500218026,"name":"YouBike2.0_民生公園","name_en":"YouBike2.0_Minsheng Park","city":"新北市","city_en":"New Taipei City","area":"板橋區","area_en":"Banqiao Dist","address":"民生路一段32號旁","address_en":"No. 32, Sec. 1, Minsheng Rd.","total_quantity":50,"available_bikes":6,"available_spots":44,"yb2_quantity":6,"eyb_quantity":0,"active":true,"latitude":25.01368,"longitude":121.47542,"updated_at":"2026-05-02T14:35:03+08:00"}},{"type":"Feature","geometry":{"type":"Point","coordinates":[121.48258,25.01735]},"properties":{"sno":500218027,"name":"YouBike2.0_光復高中","name_en":"YouBike2.0_Guangfu Senior High School","city":"新北市","city_en":"New Taipei City","area":"板橋區","area_en":"Banqiao Dist","address":"光環路一段與長壽街口西南側","address_en":"Sec. 2, Guanghuan Rd. / Changshou St. Intersection","total_quantity":37,"available_bikes":3,"available_spots":34,"yb2_quantity":3,"eyb_quantity":0,"active":true,"latitude":25.01735,"longitude":121.48258,"updated_at":"2026-05-02T14:39:02+08:00"}},{"type":"Feature","geometry":{"type":"Point","coordinates":[121.47776,25.02418]},"properties":{"sno":500218028,"name":"YouBike2.0_永安公園","name_en":"YouBike2.0_Yong'an Park","city":"新北市","city_en":"New Taipei City","area":"板橋區","area_en":"Banqiao Dist","address":"雙十路一段25號前","address_en":"No.25, Sec. 1, Shuangshi Rd.","total_quantity":64,"available_bikes":2,"available_spots":62,"yb2_quantity":1,"eyb_quantity":1,"active":true,"latitude":25.02418,"longitude":121.47776,"updated_at":"2026-05-02T14:30:03+08:00"}},{"type":"Feature","geometry":{"type":"Point","coordinates":[121.47025,25.02062]},"properties":{"sno":500218029,"name":"YouBike2.0_莊敬公園","name_en":"YouBike2.0_Zhuangjing Park","city":"新北市","city_en":"New Taipei City","area":"板橋區","area_en":"Banqiao Dist","address":"萬板路與民生路二段口東南側","address_en":"Wanban Rd. / Sec. 2, Minsheng Rd. Intersection","total_quantity":50,"available_bikes":4,"available_spots":46,"yb2_quantity":4,"eyb_quantity":0,"active":true,"latitude":25.02062,"longitude":121.47025,"updated_at":"2026-05-02T14:38:04+08:00"}},{"type":"Feature","geometry":{"type":"Point","coordinates":[121.46333,25.00841]},"properties":{"sno":500218030,"name":"YouBike2.0_板橋地政事務所","name_en":"YouBike2.0_Banqiao Land Office","city":"新北市","city_en":"New Taipei City","area":"板橋區","area_en":"Banqiao Dist","address":"實踐路1號對側","address_en":"No.1, Shijian Rd. (Opposite)","total_quantity":61,"available_bikes":48,"available_spots":13,"yb2_quantity":39,"eyb_quantity":9,"active":true,"latitude":25.00841,"longitude":121.46333,"updated_at":"2026-05-02T14:35:03+08:00"}},{"type":"Feature","geometry":{"type":"Point","coordinates":[121.45924,25.00149]},"properties":{"sno":500218031,"name":"YouBike2.0_四川忠孝路口","name_en":"YouBike2.0_Sichuan & Zhongxiao Intersection","city":"新北市","city_en":"New Taipei City","area":"板橋區","area_en":"Banqiao Dist","address":"四川路一段244號(對面)","address_en":"No.244, Sec. 1, Sichuan Rd.(opposite)","total_quantity":39,"available_bikes":7,"available_spots":32,"yb2_quantity":7,"eyb_quantity":0,"active":true,"latitude":25.00149,"longitude":121.45924,"updated_at":"2026-05-02T14:29:02+08:00"}},{"type":"Feature","geometry":{"type":"Point","coordinates":[121.48594,25.02046]},"properties":{"sno":500218032,"name":"YouBike2.0_板橋真武廟","name_en":"YouBike2.0_Banqiao Zenwu Temple","city":"新北市","city_en":"New Taipei City","area":"板橋區","area_en":"Banqiao Dist","address":"光復街202巷6-1號(前)","address_en":"No.6-1, Ln. 202, Guangfu St.","total_quantity":20,"available_bikes":12,"available_spots":8,"yb2_quantity":9,"eyb_quantity":3,"active":true,"latitude":25.02046,"longitude":121.48594,"updated_at":"2026-05-02T14:12:04+08:00"}},{"type":"Feature","geometry":{"type":"Point","coordinates":[121.47465,25.02565]},"properties":{"sno":500218033,"name":"YouBike2.0_莒光國小","name_en":"YouBike2.0_Juguang Elementary School","city":"新北市","city_en":"New Taipei City","area":"板橋區","area_en":"Banqiao Dist","address":"雙十路2段47巷8弄6號(對面)","address_en":"No. 6, Aly. 8, Ln. 47, Sec. 2, Shuangshi Rd.(opposite)","total_quantity":37,"available_bikes":2,"available_spots":35,"yb2_quantity":2,"eyb_quantity":0,"active":true,"latitude":25.02565,"longitude":121.47465,"updated_at":"2026-05-02T14:35:03+08:00"}},{"type":"Feature","geometry":{"type":"Point","coordinates":[121.4612,25.03183]},"properties":{"sno":500218034,"name":"YouBike2.0_環河西大漢街口","name_en":"YouBike2.0_Huanhe W. & Dahan Intersection","city":"新北市","city_en":"New Taipei City","area":"板橋區","area_en":"Banqiao Dist","address":"環河西路四段/大漢街(西南側)","address_en":"Sec. 4, Huanhe W. Rd./Dahan St.","total_quantity":46,"available_bikes":11,"available_spots":35,"yb2_quantity":7,"eyb_quantity":4,"active":true,"latitude":25.03183,"longitude":121.4612,"updated_at":"2026-05-02T14:36:04+08:00"}},{"type":"Feature","geometry":{"type":"Point","coordinates":[121.4465,24.99946]},"properties":{"sno":500218035,"name":"YouBike2.0_浮洲合宜住宅(合安一路)","name_en":"YouBike2.0_Fujhou Appropriate House ( He-an 1st. Road )","city":"新北市","city_en":"New Taipei City","area":"板橋區","area_en":"Banqiao Dist","address":"大觀路二段179巷33號(對側)","address_en":"No. 33, Ln. 179, Sec. 2, Daguan Rd.(opposite)","total_quantity":34,"available_bikes":0,"available_spots":34,"yb2_quantity":0,"eyb_quantity":0,"active":true,"latitude":24.99946,"longitude":121.4465,"updated_at":"2026-05-02T14:10:18+08:00"}},{"type":"Feature","geometry":{"type":"Point","coordinates":[121.45569,25.00147]},"properties":{"sno":500218036,"name":"YouBike2.0_新北市立圖書館總館","name_en":"YouBike2.0_New Taipei City Library","city":"新北市","city_en":"New Taipei City","area":"板橋區","area_en":"Banqiao Dist","address":"貴興路139號(東側)","address_en":"Ln. 139, Guixing Rd.","total_quantity":53,"available_bikes":17,"available_spots":33,"yb2_quantity":14,"eyb_quantity":3,"active":true,"latitude":25.00147,"longitude":121.45569,"updated_at":"2026-05-02T14:38:04+08:00"}},{"type":"Feature","geometry":{"type":"Point","coordinates":[121.46734,25.01156]},"properties":{"sno":500218037,"name":"YouBike2.0_板橋福德公園","name_en":"YouBike2.0_Banqiao Fude Park","city":"新北市","city_en":"New Taipei City","area":"板橋區","area_en":"Banqiao Dist","address":"新站路1號對側","address_en":"No.1, Xinzhan Rd. (opposite)","total_quantity":47,"available_bikes":17,"available_spots":30,"yb2_quantity":15,"eyb_quantity":2,"active":true,"latitude":25.01156,"longitude":121.46734,"updated_at":"2026-05-02T14:38:04+08:00"}},{"type":"Feature","geometry":{"type":"Point","coordinates":[121.46799,25.00914]},"properties":{"sno":500218038,"name":"YouBike2.0_板橋第一運動場","name_en":"YouBike2.0_Banqiao First Stadium","city":"新北市","city_en":"New Taipei City","area":"板橋區","area_en":"Banqiao Dist","address":"板橋第一體育場南門","address_en":"No.23, Haishan Rd.(opposite)","total_quantity":46,"available_bikes":3,"available_spots":43,"yb2_quantity":3,"eyb_quantity":0,"active":true,"latitude":25.00914,"longitude":121.46799,"updated_at":"2026-05-02T14:36:04+08:00"}},{"type":"Feature","geometry":{"type":"Point","coordinates":[121.43224,24.98999]},"properties":{"sno":500218039,"name":"YouBike2.0_溪北公園","name_en":"YouBike2.0_Xibei Park","city":"新北市","city_en":"New Taipei City","area":"板橋區","area_en":"Banqiao Dist","address":"篤行路二段131巷37號對側","address_en":"No.37, Ln. 131, Sec. 2, Duxing Rd.(opposite)","total_quantity":42,"available_bikes":8,"available_spots":19,"yb2_quantity":8,"eyb_quantity":0,"active":true,"latitude":24.98999,"longitude":121.43224,"updated_at":"2026-05-02T14:39:02+08:00"}},{"type":"Feature","geometry":{"type":"Point","coordinates":[121.43294,24.99402]},"properties":{"sno":500218040,"name":"YouBike2.0_崑崙活力廣場","name_en":"YouBike2.0_Kunlun Square","city":"新北市","city_en":"New Taipei City","area":"板橋區","area_en":"Banqiao Dist","address":"大觀路三段133巷1號對側","address_en":"No.3, Ln. 133, Sec. 3, Daguan Rd.(opposite)","total_quantity":52,"available_bikes":4,"available_spots":47,"yb2_quantity":1,"eyb_quantity":3,"active":true,"latitude":24.99402,"longitude":121.43294,"updated_at":"2026-05-02T14:38:04+08:00"}},{"type":"Feature","geometry":{"type":"Point","coordinates":[121.44425,25.0041]},"properties":{"sno":500218041,"name":"YouBike2.0_浮洲火車站","name_en":"YouBike2.0_Fuzhou Train Station","city":"新北市","city_en":"New Taipei City","area":"板橋區","area_en":"Banqiao Dist","address":"僑中二街156號","address_en":"No.156, Qiaozhong 2nd St.(opposite)","total_quantity":76,"available_bikes":3,"available_spots":73,"yb2_quantity":2,"eyb_quantity":1,"active":true,"latitude":25.0041,"longitude":121.44425,"updated_at":"2026-05-02T14:38:04+08:00"}},{"type":"Feature","geometry":{"type":"Point","coordinates":[121.44564,25.00607]},"properties":{"sno":500218042,"name":"YouBike2.0_馥華公園","name_en":"YouBike2.0_Fuhua Park","city":"新北市","city_en":"New Taipei City","area":"板橋區","area_en":"Banqiao Dist","address":"僑中二街118號對側","address_en":"No.118, Qiaozhong 2nd St.","total_quantity":53,"available_bikes":8,"available_spots":45,"yb2_quantity":7,"eyb_quantity":1,"active":true,"latitude":25.00607,"longitude":121.44564,"updated_at":"2026-05-02T14:39:02+08:00"}},{"type":"Feature","geometry":{"type":"Point","coordinates":[121.46779,25.02237]},"properties":{"sno":500218043,"name":"YouBike2.0_捷運新埔站(2號出口)","name_en":"YouBike2.0_MRT Xinpu Sta.(Exit.2)","city":"新北市","city_en":"New Taipei City","area":"板橋區","area_en":"Banqiao Dist","address":"文化路一段/民生路二段口南側","address_en":"Sec. 1, Wenhua Rd./Sec. 2, Minsheng Rd.","total_quantity":60,"available_bikes":25,"available_spots":35,"yb2_quantity":22,"eyb_quantity":3,"active":true,"latitude":25.02237,"longitude":121.46779,"updated_at":"2026-05-02T14:36:04+08:00"}},{"type":"Feature","geometry":{"type":"Point","coordinates":[121.46857,25.02341]},"properties":{"sno":500218044,"name":"YouBike2.0_捷運新埔站(4號出口)","name_en":"YouBike2.0_MRT Xinpu Sta.(Exit.4)","city":"新北市","city_en":"New Taipei City","area":"板橋區","area_en":"Banqiao Dist","address":"文化路一段360號前","address_en":"No.360, Sec. 1, Wenhua Rd.","total_quantity":70,"available_bikes":24,"available_spots":45,"yb2_quantity":23,"eyb_quantity":1,"active":true,"latitude":25.02341,"longitude":121.46857,"updated_at":"2026-05-02T14:38:04+08:00"}},{"type":"Feature","geometry":{"type":"Point","coordinates":[121.46179,25.01452]},"properties":{"sno":500218045,"name":"YouBike2.0_捷運板橋站(3號出口)","name_en":"YouBike2.0_MRT Banqiao Sta.(Exit.3)","city":"新北市","city_en":"New Taipei City","area":"板橋區","area_en":"Banqiao Dist","address":"文化路一段/新府路口東側","address_en":"Sec. 1, Wenhua Rd. / Xinfu Rd. Intersection","total_quantity":89,"available_bikes":56,"available_spots":33,"yb2_quantity":56,"eyb_quantity":0,"active":true,"latitude":25.01452,"longitude":121.46179,"updated_at":"2026-05-02T14:35:03+08:00"}},{"type":"Feature","geometry":{"type":"Point","coordinates":[121.46202,25.01335]},"properties":{"sno":500218046,"name":"YouBike2.0_捷運板橋站(1號出口)","name_en":"YouBike2.0_MRT Banqiao Sta.(Exit.1)","city":"新北市","city_en":"New Taipei City","area":"板橋區","area_en":"Banqiao Dist","address":"捷運板橋站(1號出口)外側","address_en":"MRT Banqiao Sta.(Exit.1)","total_quantity":86,"available_bikes":35,"available_spots":50,"yb2_quantity":34,"eyb_quantity":1,"active":true,"latitude":25.01335,"longitude":121.46202,"updated_at":"2026-05-02T14:39:02+08:00"}},{"type":"Feature","geometry":{"type":"Point","coordinates":[121.47948,25.03622]},"properties":{"sno":500218047,"name":"YouBike2.0_時光公園","name_en":"YouBike2.0_Time Park","city":"新北市","city_en":"New Taipei City","area":"板橋區","area_en":"Banqiao Dist","address":"時光公園西南側","address_en":"Time Park (Southwest)","total_quantity":20,"available_bikes":8,"available_spots":12,"yb2_quantity":8,"eyb_quantity":0,"active":true,"latitude":25.03622,"longitude":121.47948,"updated_at":"2026-05-02T14:28:04+08:00"}},{"type":"Feature","geometry":{"type":"Point","coordinates":[121.47431,25.03236]},"properties":{"sno":500218048,"name":"YouBike2.0_江翠國小","name_en":"YouBike2.0_Jiangcui Elementary School","city":"新北市","city_en":"New Taipei City","area":"板橋區","area_en":"Banqiao Dist","address":"文化路二段413號前","address_en":"No.413, Sec. 2, Wenhua Rd.","total_quantity":43,"available_bikes":14,"available_spots":29,"yb2_quantity":10,"eyb_quantity":4,"active":true,"latitude":25.03236,"longitude":121.47431,"updated_at":"2026-05-02T14:33:03+08:00"}},{"type":"Feature","geometry":{"type":"Point","coordinates":[121.47928,25.03486]},"properties":{"sno":500218049,"name":"YouBike2.0_仁化文新路口","name_en":"YouBike2.0_Renhua & Wenhua Intersection","city":"新北市","city_en":"New Taipei City","area":"板橋區","area_en":"Banqiao Dist","address":"仁化街/文新路口東北側","address_en":"Renhua St. / Wenxin Rd. Intersection","total_quantity":36,"available_bikes":1,"available_spots":35,"yb2_quantity":1,"eyb_quantity":0,"active":true,"latitude":25.03486,"longitude":121.47928,"updated_at":"2026-05-02T14:32:16+08:00"}},{"type":"Feature","geometry":{"type":"Point","coordinates":[121.45004,25.02113]},"properties":{"sno":500218050,"name":"YouBike2.0_板橋果菜批發市場","name_en":"YouBike2.0_Banqiao Fruit and Vegetable Wholesale Market","city":"新北市","city_en":"New Taipei City","area":"板橋區","area_en":"Banqiao Dist","address":"板城路/香社一路(東北側)","address_en":"Bancheng Rd. / Xiangshe 2nd Rd. Intersection","total_quantity":26,"available_bikes":11,"available_spots":15,"yb2_quantity":8,"eyb_quantity":3,"active":true,"latitude":25.02113,"longitude":121.45004,"updated_at":"2026-05-02T14:26:02+08:00"}},{"type":"Feature","geometry":{"type":"Point","coordinates":[121.48039,25.02856]},"properties":{"sno":500218051,"name":"YouBike2.0_音樂公園","name_en":"YouBike2.0_Yinyue Park","city":"新北市","city_en":"New Taipei City","area":"板橋區","area_en":"Banqiao Dist","address":"大同街97號對側","address_en":"No.97, Datong St. (opposite)","total_quantity":57,"available_bikes":2,"available_spots":55,"yb2_quantity":2,"eyb_quantity":0,"active":true,"latitude":25.02856,"longitude":121.48039,"updated_at":"2026-05-02T14:37:02+08:00"}},{"type":"Feature","geometry":{"type":"Point","coordinates":[121.47195,25.02933]},"properties":{"sno":500218052,"name":"YouBike2.0_捷運江子翠站(3號出口)","name_en":"YouBike2.0_MRT Jiangzicui Sta.(Exit 3)","city":"新北市","city_en":"New Taipei City","area":"板橋區","area_en":"Banqiao Dist","address":"文化路二段288號前","address_en":"No.288, Sec. 2, Wenhua Rd.","total_quantity":60,"available_bikes":42,"available_spots":18,"yb2_quantity":40,"eyb_quantity":2,"active":true,"latitude":25.02933,"longitude":121.47195,"updated_at":"2026-05-02T14:37:02+08:00"}},{"type":"Feature","geometry":{"type":"Point","coordinates":[121.47251,25.0262]},"properties":{"sno":500218053,"name":"YouBike2.0_新北市藝文中心","name_en":"YouBike2.0_New Taipei City Art Center","city":"新北市","city_en":"New Taipei City","area":"板橋區","area_en":"Banqiao Dist","address":"莊敬路62號前","address_en":"No.62, Zhuangjing Rd.","total_quantity":54,"available_bikes":25,"available_spots":29,"yb2_quantity":25,"eyb_quantity":0,"active":true,"latitude":25.0262,"longitude":121.47251,"updated_at":"2026-05-02T14:38:04+08:00"}},{"type":"Feature","geometry":{"type":"Point","coordinates":[121.46346,25.03134]},"properties":{"sno":500218054,"name":"YouBike2.0_民生長江路口","name_en":"YouBike2.0_Minsheng & Changjiang Intersection","city":"新北市","city_en":"New Taipei City","area":"板橋區","area_en":"Banqiao Dist","address":"民生路三段/長江路一段口東北側","address_en":"Sec. 3, Minsheng Rd./Sec. 1, Changjiang Rd.","total_quantity":99,"available_bikes":30,"available_spots":68,"yb2_quantity":29,"eyb_quantity":1,"active":true,"latitude":25.03134,"longitude":121.46346,"updated_at":"2026-05-02T14:37:02+08:00"}},{"type":"Feature","geometry":{"type":"Point","coordinates":[121.45437,25.02499]},"properties":{"sno":500218055,"name":"YouBike2.0_板橋國中","name_en":"YouBike2.0_Banqiao Junior High School","city":"新北市","city_en":"New Taipei City","area":"板橋區","area_en":"Banqiao Dist","address":"中正路437號前","address_en":"No.437, Zhongzheng Rd.","total_quantity":62,"available_bikes":10,"available_spots":52,"yb2_quantity":9,"eyb_quantity":1,"active":true,"latitude":25.02499,"longitude":121.45437,"updated_at":"2026-05-02T14:37:02+08:00"}},{"type":"Feature","geometry":{"type":"Point","coordinates":[121.45079,25.00256]},"properties":{"sno":500218056,"name":"YouBike2.0_大觀路二段19巷","name_en":"YouBike2.0_Ln. 19, Sec. 2, Daguan Rd.","city":"新北市","city_en":"New Taipei City","area":"板橋區","area_en":"Banqiao Dist","address":"大觀路二段19巷115號(旁)","address_en":"No.115, Ln. 19, Sec. 2, Daguan Rd.","total_quantity":29,"available_bikes":1,"available_spots":28,"yb2_quantity":0,"eyb_quantity":1,"active":true,"latitude":25.00256,"longitude":121.45079,"updated_at":"2026-05-02T14:39:02+08:00"}},{"type":"Feature","geometry":{"type":"Point","coordinates":[121.45029,25.01801]},"properties":{"sno":500218057,"name":"YouBike2.0_永翠藝文街口(大禾社區)","name_en":"YouBike2.0_Yongcui & Yiwen Intersection","city":"新北市","city_en":"New Taipei City","area":"板橋區","area_en":"Banqiao Dist","address":"永翠路350-352號(前方)","address_en":"No.350, Yongcui Rd.","total_quantity":44,"available_bikes":4,"available_spots":40,"yb2_quantity":3,"eyb_quantity":1,"active":true,"latitude":25.01801,"longitude":121.45029,"updated_at":"2026-05-02T14:32:02+08:00"}},{"type":"Feature","geometry":{"type":"Point","coordinates":[121.45066,25.01811]},"properties":{"sno":500218058,"name":"YouBike2.0_永翠藝文街口(柏克萊公園社區)","name_en":"YouBike2.0_Yongcui & Yiwen Intersection","city":"新北市","city_en":"New Taipei City","area":"板橋區","area_en":"Banqiao Dist","address":"永翠路342-348號(前方)","address_en":"No.342, Yongcui Rd.","total_quantity":45,"available_bikes":0,"available_spots":45,"yb2_quantity":0,"eyb_quantity":0,"active":true,"latitude":25.01811,"longitude":121.45066,"updated_at":"2026-05-02T14:17:16+08:00"}},{"type":"Feature","geometry":{"type":"Point","coordinates":[121.45221,25.02142]},"properties":{"sno":500218059,"name":"YouBike2.0_藝文二永翠路口(青峰社區)","name_en":"YouBike2.0_Yiwen 2nd & Yongcui Intersection","city":"新北市","city_en":"New Taipei City","area":"板橋區","area_en":"Banqiao Dist","address":"藝文二街永翠路口(西南側人行道)","address_en":"Yiwen 2nd St./Yongcui Rd. Intersection","total_quantity":39,"available_bikes":6,"available_spots":33,"yb2_quantity":6,"eyb_quantity":0,"active":true,"latitude":25.02142,"longitude":121.45221,"updated_at":"2026-05-02T14:27:03+08:00"}},{"type":"Feature","geometry":{"type":"Point","coordinates":[121.47253,25.03485]},"properties":{"sno":500218060,"name":"YouBike2.0_華江一華江五路口(雙江翠社區)","name_en":"YouBike2.0_Huajiang 1st & Huajiang 5th Intersection","city":"新北市","city_en":"New Taipei City","area":"板橋區","area_en":"Banqiao Dist","address":"華江一路/華江五路口(西北側)","address_en":"Huajiang 1st. / Huajiang 5th. Intersection","total_quantity":46,"available_bikes":7,"available_spots":39,"yb2_quantity":7,"eyb_quantity":0,"active":true,"latitude":25.03485,"longitude":121.47253,"updated_at":"2026-05-02T14:33:03+08:00"}},{"type":"Feature","geometry":{"type":"Point","coordinates":[121.47241,25.02926]},"properties":{"sno":500218061,"name":"YouBike2.0_文化路二段182巷1弄","name_en":"YouBike2.0_Aly. 1, Ln. 182, Wenhua Rd.","city":"新北市","city_en":"New Taipei City","area":"板橋區","area_en":"Banqiao Dist","address":"文化路二段182巷3弄95號(對面)","address_en":"No. 95, Aly. 3, Ln. 182, Sec. 2, Wenhua Rd., Banqiao Dist.(opposite)","total_quantity":49,"available_bikes":10,"available_spots":39,"yb2_quantity":9,"eyb_quantity":1,"active":true,"latitude":25.02926,"longitude":121.47241,"updated_at":"2026-05-02T14:39:02+08:00"}},{"type":"Feature","geometry":{"type":"Point","coordinates":[121.45437,25.02586]},"properties":{"sno":500218062,"name":"YouBike2.0_中正新月二街口(富江翠社區)","name_en":"YouBike2.0_Zhongzheng & Xinyue 2nd Intersection","city":"新北市","city_en":"New Taipei City","area":"板橋區","area_en":"Banqiao Dist","address":"中正路/新月二街口(西南側人行道)","address_en":"Zhongzheng & Xinyue 2nd Intersection","total_quantity":40,"available_bikes":18,"available_spots":22,"yb2_quantity":18,"eyb_quantity":0,"active":true,"latitude":25.02586,"longitude":121.45437,"updated_at":"2026-05-02T14:15:02+08:00"}},{"type":"Feature","geometry":{"type":"Point","coordinates":[121.44642,24.99702]},"properties":{"sno":500218063,"name":"YouBike2.0_浮洲合宜住宅(樂群路)","name_en":"YouBike2.0_Fuzhou Apartment(Lequn Rd.)","city":"新北市","city_en":"New Taipei City","area":"板橋區","area_en":"Banqiao Dist","address":"板橋區合宜路/樂群路口","address_en":"Heyi Rd./Lequn Rd.","total_quantity":48,"available_bikes":0,"available_spots":48,"yb2_quantity":0,"eyb_quantity":0,"active":true,"latitude":24.99702,"longitude":121.44642,"updated_at":"2026-05-02T14:39:18+08:00"}},{"type":"Feature","geometry":{"type":"Point","coordinates":[121.44139,24.99864]},"properties":{"sno":500218064,"name":"YouBike2.0_三抱竹","name_en":"YouBike2.0_Sanbaozhu","city":"新北市","city_en":"New Taipei City","area":"板橋區","area_en":"Banqiao Dist","address":"大觀路二段162號(對面橋下機車格)","address_en":"No.89, Sanfu St.(oppsite)","total_quantity":34,"available_bikes":1,"available_spots":33,"yb2_quantity":1,"eyb_quantity":0,"active":true,"latitude":24.99864,"longitude":121.44139,"updated_at":"2026-05-02T14:35:16+08:00"}},{"type":"Feature","geometry":{"type":"Point","coordinates":[121.462872,24.991643]},"properties":{"sno":500218065,"name":"YouBike2.0_廣福公園","name_en":"YouBike2.0_Guangfu Park","city":"新北市","city_en":"New Taipei City","area":"板橋區","area_en":"Banqiao Dist","address":"廣權路/廣和街","address_en":"Guangquan Rd./Guanghe St.","total_quantity":30,"available_bikes":1,"available_spots":29,"yb2_quantity":1,"eyb_quantity":0,"active":true,"latitude":24.991643,"longitude":121.462872,"updated_at":"2026-05-02T14:25:03+08:00"}},{"type":"Feature","geometry":{"type":"Point","coordinates":[121.47938,25.01795]},"properties":{"sno":500218066,"name":"YouBike2.0_潤泰社區","name_en":"YouBike2.0_Runtai Community","city":"新北市","city_en":"New Taipei City","area":"板橋區","area_en":"Banqiao Dist","address":"三民路二段35巷口","address_en":"Ln. 35, Sec. 2, Sanmin Rd.","total_quantity":35,"available_bikes":5,"available_spots":30,"yb2_quantity":2,"eyb_quantity":3,"active":true,"latitude":25.01795,"longitude":121.47938,"updated_at":"2026-05-02T14:35:03+08:00"}},{"type":"Feature","geometry":{"type":"Point","coordinates":[121.47685,25.02113]},"properties":{"sno":500218067,"name":"YouBike2.0_永豐公園活動中心","name_en":"YouBike2.0_Yongfeng Park Activity Center","city":"新北市","city_en":"New Taipei City","area":"板橋區","area_en":"Banqiao Dist","address":"永豐街221號","address_en":"No.221, Yongfeng St.","total_quantity":32,"available_bikes":1,"available_spots":31,"yb2_quantity":1,"eyb_quantity":0,"active":true,"latitude":25.02113,"longitude":121.47685,"updated_at":"2026-05-02T14:34:03+08:00"}},{"type":"Feature","geometry":{"type":"Point","coordinates":[121.47109,25.02336]},"properties":{"sno":500218068,"name":"YouBike2.0_板橋中山公園","name_en":"YouBike2.0_Banqiao Zhongshan Park","city":"新北市","city_en":"New Taipei City","area":"板橋區","area_en":"Banqiao Dist","address":"莊敬路134號(對面)","address_en":"No. 134, Zhuangjing Rd., Banqiao Dist.(opposite)","total_quantity":34,"available_bikes":14,"available_spots":20,"yb2_quantity":14,"eyb_quantity":0,"active":true,"latitude":25.02336,"longitude":121.47109,"updated_at":"2026-05-02T14:39:02+08:00"}},{"type":"Feature","geometry":{"type":"Point","coordinates":[121.44276,24.99652]},"properties":{"sno":500218069,"name":"YouBike2.0_浮洲合宜住宅(合宜一路)","name_en":"YouBike2.0_Fuzhou Appropriate House ( Heyi 1st. Road )","city":"新北市","city_en":"New Taipei City","area":"板橋區","area_en":"Banqiao Dist","address":"大觀路二段265巷/合宜一路(東南側)","address_en":"Aly. 265, Sec. 2, Daguan Rd./Heyi 1st Rd., Banqiao Dist.","total_quantity":57,"available_bikes":1,"available_spots":56,"yb2_quantity":1,"eyb_quantity":0,"active":true,"latitude":24.99652,"longitude":121.44276,"updated_at":"2026-05-02T13:45:02+08:00"}},{"type":"Feature","geometry":{"type":"Point","coordinates":[121.42964,24.99341]},"properties":{"sno":500218070,"name":"YouBike2.0_崑崙公園","name_en":"YouBike2.0_Kunlun Park","city":"新北市","city_en":"New Taipei City","area":"板橋區","area_en":"Banqiao Dist","address":"大觀路三段212巷70號對面","address_en":"No.70, Aly. 212, Sec. 3, Daguan Rd. (opposite)","total_quantity":32,"available_bikes":14,"available_spots":18,"yb2_quantity":13,"eyb_quantity":1,"active":true,"latitude":24.99341,"longitude":121.42964,"updated_at":"2026-05-02T14:38:04+08:00"}},{"type":"Feature","geometry":{"type":"Point","coordinates":[121.46751,25.01856]},"properties":{"sno":500218071,"name":"YouBike2.0_中山國中","name_en":"YouBike2.0_Zhong Shan Junior High Schoo","city":"新北市","city_en":"New Taipei City","area":"板橋區","area_en":"Banqiao Dist","address":"文化路一段188巷56號","address_en":"No.56, Ln. 188, Sec. 1, Wenhua Rd","total_quantity":34,"available_bikes":23,"available_spots":11,"yb2_quantity":17,"eyb_quantity":6,"active":true,"latitude":25.01856,"longitude":121.46751,"updated_at":"2026-05-02T14:37:02+08:00"}},{"type":"Feature","geometry":{"type":"Point","coordinates":[121.48397,25.02389]},"properties":{"sno":500218072,"name":"YouBike2.0_振義里公園","name_en":"YouBike2.0_Zhenyi Village Park","city":"新北市","city_en":"New Taipei City","area":"板橋區","area_en":"Banqiao Dist","address":"板橋區萬安街55號(對面機車停車格)","address_en":"No. 55, Wanan Street, Banqiao Dist.","total_quantity":30,"available_bikes":0,"available_spots":30,"yb2_quantity":0,"eyb_quantity":0,"active":true,"latitude":25.02389,"longitude":121.48397,"updated_at":"2026-05-02T13:56:18+08:00"}},{"type":"Feature","geometry":{"type":"Point","coordinates":[121.47346,25.01606]},"properties":{"sno":500218073,"name":"YouBike2.0_民生中山路口","name_en":"YouBike2.0_Minsheng & Zhongshan Intersection","city":"新北市","city_en":"New Taipei City","area":"板橋區","area_en":"Banqiao Dist","address":"民生路二段8-1號(前)","address_en":"No. 8-1, Sec. 2, Minsheng Rd., Banqiao Dist.","total_quantity":29,"available_bikes":0,"available_spots":29,"yb2_quantity":0,"eyb_quantity":0,"active":true,"latitude":25.01606,"longitude":121.47346,"updated_at":"2026-05-02T14:39:02+08:00"}},{"type":"Feature","geometry":{"type":"Point","coordinates":[121.46253,24.99373]},"properties":{"sno":500218074,"name":"YouBike2.0_重慶國小","name_en":"YouBike2.0_Chongqing Elementary School","city":"新北市","city_en":"New Taipei City","area":"板橋區","area_en":"Banqiao Dist","address":"廣和街35號(對面)","address_en":"No.35, Guanghe St., Banqiao Dist.(opposite)","total_quantity":41,"available_bikes":1,"available_spots":40,"yb2_quantity":0,"eyb_quantity":1,"active":true,"latitude":24.99373,"longitude":121.46253,"updated_at":"2026-05-02T14:33:03+08:00"}},{"type":"Feature","geometry":{"type":"Point","coordinates":[121.4714,25.02563]},"properties":{"sno":500218075,"name":"YouBike2.0_新北市藝文中心(文化路二段124巷)","name_en":"YouBike2.0_New Taipei City Art Center(Ln. 124, Sec. 2, Wenhua Rd.)","city":"新北市","city_en":"New Taipei City","area":"板橋區","area_en":"Banqiao Dist","address":"文化路二段124巷32號(對面)","address_en":"No.32, Ln. 124, Sec. 2, Wenhua Rd., Banqiao Dist.","total_quantity":37,"available_bikes":24,"available_spots":13,"yb2_quantity":22,"eyb_quantity":2,"active":true,"latitude":25.02563,"longitude":121.4714,"updated_at":"2026-05-02T14:38:04+08:00"}},{"type":"Feature","geometry":{"type":"Point","coordinates":[121.45815,25.02224]},"properties":{"sno":500218076,"name":"YouBike2.0_板橋國民運動中心","name_en":"YouBike2.0_Banqiao Civil Sports Cente","city":"新北市","city_en":"New Taipei City","area":"板橋區","area_en":"Banqiao Dist","address":"英士路/智樂路","address_en":"Yingshi Rd./Jhihle Rd.","total_quantity":42,"available_bikes":12,"available_spots":30,"yb2_quantity":12,"eyb_quantity":0,"active":true,"latitude":25.02224,"longitude":121.45815,"updated_at":"2026-05-02T14:38:04+08:00"}},{"type":"Feature","geometry":{"type":"Point","coordinates":[121.448,25.0075]},"properties":{"sno":500218077,"name":"YouBike2.0_臺灣藝術大學","name_en":"YouBike2.0_National Taiwan University of Arts","city":"新北市","city_en":"New Taipei City","area":"板橋區","area_en":"Banqiao Dist","address":"大觀路一段51號(郵局旁邊)","address_en":"No.51, Ln. 197, Sec. 1, Daguan Rd.","total_quantity":65,"available_bikes":22,"available_spots":43,"yb2_quantity":17,"eyb_quantity":5,"active":true,"latitude":25.0075,"longitude":121.448,"updated_at":"2026-05-02T14:39:02+08:00"}},{"type":"Feature","geometry":{"type":"Point","coordinates":[121.45598,25.01086]},"properties":{"sno":500218078,"name":"YouBike2.0_林本源園邸","name_en":"YouBike2.0_The Lin Family Mansion and Garden","city":"新北市","city_en":"New Taipei City","area":"板橋區","area_en":"Banqiao Dist","address":"文昌街24巷1號(對面)","address_en":"No. 1, Ln. 24, Wenchang St., Banqiao Dist.","total_quantity":40,"available_bikes":15,"available_spots":25,"yb2_quantity":15,"eyb_quantity":0,"active":true,"latitude":25.01086,"longitude":121.45598,"updated_at":"2026-05-02T14:36:04+08:00"}},{"type":"Feature","geometry":{"type":"Point","coordinates":[121.47372,25.01908]},"properties":{"sno":500218079,"name":"YouBike2.0_埔墘國小","name_en":"YouBike2.0_Puqian Elementary School","city":"新北市","city_en":"New Taipei City","area":"板橋區","area_en":"Banqiao Dist","address":"新北市板橋區永豐街44號","address_en":"No.44, Yongfeng St., Banqiao Dist","total_quantity":34,"available_bikes":2,"available_spots":32,"yb2_quantity":2,"eyb_quantity":0,"active":true,"latitude":25.01908,"longitude":121.47372,"updated_at":"2026-05-02T14:16:03+08:00"}},{"type":"Feature","geometry":{"type":"Point","coordinates":[121.46947,25.03026]},"properties":{"sno":500218080,"name":"YouBike2.0_石雕公園","name_en":"YouBike2.0_Shidiao Park","city":"新北市","city_en":"New Taipei City","area":"板橋區","area_en":"Banqiao Dist","address":"吳鳳路50巷36號(旁)","address_en":"Ln. 50, Wufeng Rd., Banqiao Dist","total_quantity":34,"available_bikes":2,"available_spots":30,"yb2_quantity":1,"eyb_quantity":1,"active":true,"latitude":25.03026,"longitude":121.46947,"updated_at":"2026-05-02T14:35:03+08:00"}},{"type":"Feature","geometry":{"type":"Point","coordinates":[121.47973,25.02638]},"properties":{"sno":500218081,"name":"YouBike2.0_萬板文聖街口","name_en":"YouBike2.0_Wanban & Wensheng Intersection","city":"新北市","city_en":"New Taipei City","area":"板橋區","area_en":"Banqiao Dist","address":"文聖街/萬板路口北側","address_en":"Wanban Rd. / Wensheng St., Banqiao Dist.","total_quantity":54,"available_bikes":0,"available_spots":54,"yb2_quantity":0,"eyb_quantity":0,"active":true,"latitude":25.02638,"longitude":121.47973,"updated_at":"2026-05-02T14:32:02+08:00"}},{"type":"Feature","geometry":{"type":"Point","coordinates":[121.48169,25.01501]},"properties":{"sno":500218082,"name":"YouBike2.0_光復國小","name_en":"YouBike2.0_Kuangfu Elementary School","city":"新北市","city_en":"New Taipei City","area":"板橋區","area_en":"Banqiao Dist","address":"光環路二段70號對側","address_en":"No.168, Changshou St., Banqiao Dist.","total_quantity":38,"available_bikes":3,"available_spots":35,"yb2_quantity":3,"eyb_quantity":0,"active":true,"latitude":25.01501,"longitude":121.48169,"updated_at":"2026-05-02T14:39:02+08:00"}},{"type":"Feature","geometry":{"type":"Point","coordinates":[121.44698,25.01076]},"properties":{"sno":500218083,"name":"YouBike2.0_大觀國中","name_en":"YouBike2.0_Daguan Junior High School","city":"新北市","city_en":"New Taipei City","area":"板橋區","area_en":"Banqiao Dist","address":"僑中一街1號","address_en":"Ln. 8, Qiaozhong 2nd St., Banqiao Dist.(oppsite)","total_quantity":99,"available_bikes":2,"available_spots":97,"yb2_quantity":1,"eyb_quantity":1,"active":true,"latitude":25.01076,"longitude":121.44698,"updated_at":"2026-05-02T14:35:03+08:00"}},{"type":"Feature","geometry":{"type":"Point","coordinates":[121.45904,25.00821]},"properties":{"sno":500218084,"name":"YouBike2.0_捷運府中站(1號出口)","name_en":"YouBike2.0_MRT Fuzhong Sta.(Exit.1)","city":"新北市","city_en":"New Taipei City","area":"板橋區","area_en":"Banqiao Dist","address":"捷運府中站(1號出口)外側","address_en":"MRT Fuzhong Sta.(Exit.1)","total_quantity":91,"available_bikes":83,"available_spots":7,"yb2_quantity":78,"eyb_quantity":5,"active":true,"latitude":25.00821,"longitude":121.45904,"updated_at":"2026-05-02T14:39:02+08:00"}},{"type":"Feature","geometry":{"type":"Point","coordinates":[121.45923,25.02145]},"properties":{"sno":500218085,"name":"YouBike2.0_文德國小(公館街)","name_en":"YouBike2.0_Wende Elementary School(Gongguan St.)","city":"新北市","city_en":"New Taipei City","area":"板橋區","area_en":"Banqiao Dist","address":"公館街/金華街85巷口","address_en":"No.258, Gongguan St., Banqiao Dist.(opposite)","total_quantity":52,"available_bikes":1,"available_spots":51,"yb2_quantity":0,"eyb_quantity":1,"active":true,"latitude":25.02145,"longitude":121.45923,"updated_at":"2026-05-02T14:39:02+08:00"}},{"type":"Feature","geometry":{"type":"Point","coordinates":[121.46319,25.02452]},"properties":{"sno":500218086,"name":"YouBike2.0_板橋四維公園","name_en":"YouBike2.0_Banqiao Siwei Park","city":"新北市","city_en":"New Taipei City","area":"板橋區","area_en":"Banqiao Dist","address":"陽明街239號對側","address_en":"No.239, Yangming St. (opposite)","total_quantity":67,"available_bikes":1,"available_spots":66,"yb2_quantity":1,"eyb_quantity":0,"active":true,"latitude":25.02452,"longitude":121.46319,"updated_at":"2026-05-02T14:39:18+08:00"}},{"type":"Feature","geometry":{"type":"Point","coordinates":[121.46392,25.02569]},"properties":{"sno":500218087,"name":"YouBike2.0_四維公園地下停車場","name_en":"YouBike2.0_Siwei Park Parking Lot","city":"新北市","city_en":"New Taipei City","area":"板橋區","area_en":"Banqiao Dist","address":"四維路177巷3弄7號對側","address_en":"No.6, Aly. 3, Ln. 177, Siwei Rd., Banqiao Dist.","total_quantity":93,"available_bikes":0,"available_spots":92,"yb2_quantity":0,"eyb_quantity":0,"active":true,"latitude":25.02569,"longitude":121.46392,"updated_at":"2026-05-02T14:29:16+08:00"}},{"type":"Feature","geometry":{"type":"Point","coordinates":[121.46779,25.01578]},"properties":{"sno":500218088,"name":"YouBike2.0_縣民漢生東路口","name_en":"YouBike2.0_Xianmin & Hansheng E. Intersection","city":"新北市","city_en":"New Taipei City","area":"板橋區","area_en":"Banqiao Dist","address":"縣民大道二段112號(前)","address_en":"No.112, Sec. 2, Xianmin Blvd., Banqiao Dist.","total_quantity":71,"available_bikes":34,"available_spots":37,"yb2_quantity":31,"eyb_quantity":3,"active":true,"latitude":25.01578,"longitude":121.46779,"updated_at":"2026-05-02T14:39:02+08:00"}},{"type":"Feature","geometry":{"type":"Point","coordinates":[121.46848,25.02858]},"properties":{"sno":500218089,"name":"YouBike2.0_江翠國中","name_en":"YouBike2.0_Jiangcui Junior High School","city":"新北市","city_en":"New Taipei City","area":"板橋區","area_en":"Banqiao Dist","address":"松江街與文化路二段225巷口","address_en":"No.63, Songjiang Street, Banqiao District (opposite to the road side)","total_quantity":36,"available_bikes":18,"available_spots":18,"yb2_quantity":18,"eyb_quantity":0,"active":true,"latitude":25.02858,"longitude":121.46848,"updated_at":"2026-05-02T14:38:04+08:00"}},{"type":"Feature","geometry":{"type":"Point","coordinates":[121.46852,25.03312]},"properties":{"sno":500218090,"name":"YouBike2.0_溪頭公園","name_en":"YouBike2.0_Xitou Park","city":"新北市","city_en":"New Taipei City","area":"板橋區","area_en":"Banqiao Dist","address":"溪頭街與宏國路77巷口北側","address_en":"Xitou St.& Ln.77, Hongguo Rd., Banqiao Dist.","total_quantity":58,"available_bikes":1,"available_spots":57,"yb2_quantity":0,"eyb_quantity":1,"active":true,"latitude":25.03312,"longitude":121.46852,"updated_at":"2026-05-02T14:38:21+08:00"}},{"type":"Feature","geometry":{"type":"Point","coordinates":[121.45779,25.02788]},"properties":{"sno":500218092,"name":"YouBike2.0_新海長江路口","name_en":"YouBike2.0_Xinhai & Changjiang Intersection","city":"新北市","city_en":"New Taipei City","area":"板橋區","area_en":"Banqiao Dist","address":"新海路440號對側","address_en":"No.440, Xinhai Rd.(Opposite)","total_quantity":61,"available_bikes":11,"available_spots":50,"yb2_quantity":9,"eyb_quantity":2,"active":true,"latitude":25.02788,"longitude":121.45779,"updated_at":"2026-05-02T14:36:04+08:00"}},{"type":"Feature","geometry":{"type":"Point","coordinates":[121.45646,25.01309]},"properties":{"sno":500218093,"name":"YouBike2.0_板橋戶政事務所","name_en":"YouBike2.0_Banqiao District Household Registration Office","city":"新北市","city_en":"New Taipei City","area":"板橋區","area_en":"Banqiao Dist","address":"中正路8號旁","address_en":"No.6, Zhongzheng Rd.","total_quantity":44,"available_bikes":17,"available_spots":27,"yb2_quantity":15,"eyb_quantity":2,"active":true,"latitude":25.01309,"longitude":121.45646,"updated_at":"2026-05-02T14:38:04+08:00"}},{"type":"Feature","geometry":{"type":"Point","coordinates":[121.45897,25.01387]},"properties":{"sno":500218094,"name":"YouBike2.0_板橋第二運動場(皇翔建設)","name_en":"YouBike2.0_Banqiao 2nd Stadium","city":"新北市","city_en":"New Taipei City","area":"板橋區","area_en":"Banqiao Dist","address":"民權路220號對面人行道(西側)","address_en":"No.220, Minquan Rd. (West)","total_quantity":32,"available_bikes":1,"available_spots":31,"yb2_quantity":0,"eyb_quantity":1,"active":true,"latitude":25.01387,"longitude":121.45897,"updated_at":"2026-05-02T14:26:02+08:00"}},{"type":"Feature","geometry":{"type":"Point","coordinates":[121.45789,25.02406]},"properties":{"sno":500218095,"name":"YouBike2.0_聯合醫院板橋院區","name_en":"YouBike2.0_New Taipei City Hospital Banqiao Branch","city":"新北市","city_en":"New Taipei City","area":"板橋區","area_en":"Banqiao Dist","address":"龍泉街139號對側","address_en":"No.139, Longquan St.","total_quantity":52,"available_bikes":3,"available_spots":49,"yb2_quantity":2,"eyb_quantity":1,"active":true,"latitude":25.02406,"longitude":121.45789,"updated_at":"2026-05-02T14:38:04+08:00"}},{"type":"Feature","geometry":{"type":"Point","coordinates":[121.463735,25.015519]},"properties":{"sno":500218096,"name":"YouBike2.0_板橋車站","name_en":"YouBike2.0_Banqiao Station","city":"新北市","city_en":"New Taipei City","area":"板橋區","area_en":"Banqiao Dist","address":"新站路/站前路口(十字路口西側)","address_en":"Xinzhan Rd. / Zhanqian Rd.(intersection)","total_quantity":95,"available_bikes":74,"available_spots":11,"yb2_quantity":65,"eyb_quantity":9,"active":true,"latitude":25.015519,"longitude":121.463735,"updated_at":"2026-05-02T14:36:04+08:00"}},{"type":"Feature","geometry":{"type":"Point","coordinates":[121.459,25.009]},"properties":{"sno":500218097,"name":"YouBike2.0_捷運府中站(3號出口)","name_en":"YouBike2.0_MRT Fuzhong Sta.(Exit.3)","city":"新北市","city_en":"New Taipei City","area":"板橋區","area_en":"Banqiao Dist","address":"府中路31號至53號對面","address_en":"No.31 to No.53, Fuzhong Rd. (opposite)","total_quantity":69,"available_bikes":57,"available_spots":12,"yb2_quantity":52,"eyb_quantity":5,"active":true,"latitude":25.009,"longitude":121.459,"updated_at":"2026-05-02T14:39:02+08:00"}},{"type":"Feature","geometry":{"type":"Point","coordinates":[121.461,25.01]},"properties":{"sno":500218098,"name":"YouBike2.0_縣民民族路口","name_en":"YouBike2.0_Xianmin Blvd & Minzu Intersection","city":"新北市","city_en":"New Taipei City","area":"板橋區","area_en":"Banqiao Dist","address":"縣民大道一段/民族路","address_en":"Sec. 1, Xianmin Blvd./Minzu Rd.","total_quantity":49,"available_bikes":44,"available_spots":5,"yb2_quantity":42,"eyb_quantity":2,"active":true,"latitude":25.01,"longitude":121.461,"updated_at":"2026-05-02T14:26:02+08:00"}},{"type":"Feature","geometry":{"type":"Point","coordinates":[121.45847,25.0178]},"properties":{"sno":500218099,"name":"YouBike2.0_國光里(國光路)","name_en":"YouBike2.0_Guoguang Village (Guoguang Rd.)","city":"新北市","city_en":"New Taipei City","area":"板橋區","area_en":"Banqiao Dist","address":"國光路76號旁","address_en":"No.76, Guoguang Rd.","total_quantity":43,"available_bikes":4,"available_spots":39,"yb2_quantity":4,"eyb_quantity":0,"active":true,"latitude":25.0178,"longitude":121.45847,"updated_at":"2026-05-02T14:37:02+08:00"}},{"type":"Feature","geometry":{"type":"Point","coordinates":[121.454,25.0198]},"properties":{"sno":500218100,"name":"YouBike2.0_國光公園","name_en":"YouBike2.0_Guoguang Park","city":"新北市","city_en":"New Taipei City","area":"板橋區","area_en":"Banqiao Dist","address":"中正路325巷/中正路341巷","address_en":"Ln. 325, Zhongzheng Rd./Ln. 341, Zhongzheng Rd.","total_quantity":42,"available_bikes":5,"available_spots":36,"yb2_quantity":5,"eyb_quantity":0,"active":true,"latitude":25.0198,"longitude":121.454,"updated_at":"2026-05-02T14:39:02+08:00"}},{"type":"Feature","geometry":{"type":"Point","coordinates":[121.47188,25.01712]},"properties":{"sno":500218102,"name":"YouBike2.0_西安市民活動中心","name_en":"YouBike2.0_Xi'an Civic Activity Center","city":"新北市","city_en":"New Taipei City","area":"板橋區","area_en":"Banqiao Dist","address":"民生路二段56-2號西側","address_en":"No. 56-2, Sec. 2, Minsheng Rd.(West)","total_quantity":27,"available_bikes":4,"available_spots":22,"yb2_quantity":4,"eyb_quantity":0,"active":true,"latitude":25.01712,"longitude":121.47188,"updated_at":"2026-05-02T14:16:03+08:00"}},{"type":"Feature","geometry":{"type":"Point","coordinates":[121.463,25.0001]},"properties":{"sno":500218103,"name":"YouBike2.0_板橋重慶公園","name_en":"YouBike2.0_Banqiao Chongqing Park","city":"新北市","city_en":"New Taipei City","area":"板橋區","area_en":"Banqiao Dist","address":"重慶路276號(對面)","address_en":"No.276, Chongqing Rd., Banqiao Dist.(opposite)","total_quantity":38,"available_bikes":4,"available_spots":34,"yb2_quantity":4,"eyb_quantity":0,"active":true,"latitude":25.0001,"longitude":121.463,"updated_at":"2026-05-02T14:37:02+08:00"}},{"type":"Feature","geometry":{"type":"Point","coordinates":[121.47,25.034]},"properties":{"sno":500218104,"name":"YouBike2.0_華江一華江六路口(仰真社區)","name_en":"YouBike2.0_Huajiang 1st & Huajiang 6th Intersection","city":"新北市","city_en":"New Taipei City","area":"板橋區","area_en":"Banqiao Dist","address":"華江一路379號(旁)","address_en":"No. 379, Huajiang 1st Rd., Banqiao Dist.","total_quantity":38,"available_bikes":10,"available_spots":28,"yb2_quantity":10,"eyb_quantity":0,"active":true,"latitude":25.034,"longitude":121.47,"updated_at":"2026-05-02T14:38:04+08:00"}},{"type":"Feature","geometry":{"type":"Point","coordinates":[121.453,25.0267]},"properties":{"sno":500218105,"name":"YouBike2.0_環河西新月一街口(新月天地社區)","name_en":"YouBike2.0_Huanhe W. & Xinyue 1st Intersection","city":"新北市","city_en":"New Taipei City","area":"板橋區","area_en":"Banqiao Dist","address":"環河西路一段/新月一街口","address_en":"Huanhe W. & Xinyue 1st Intersection","total_quantity":38,"available_bikes":13,"available_spots":25,"yb2_quantity":10,"eyb_quantity":3,"active":true,"latitude":25.0267,"longitude":121.453,"updated_at":"2026-05-02T14:37:02+08:00"}},{"type":"Feature","geometry":{"type":"Point","coordinates":[121.45157,25.021765]},"properties":{"sno":500218106,"name":"YouBike2.0_藝文藝文二街口(大悅社區)","name_en":"YouBike2.0_Yiwen & Yiwen 2nd Intersection","city":"新北市","city_en":"New Taipei City","area":"板橋區","area_en":"Banqiao Dist","address":"藝文街/藝文二街口(東南側人行道)","address_en":"Yiwen & Yiwen 2nd Intersection","total_quantity":38,"available_bikes":12,"available_spots":26,"yb2_quantity":12,"eyb_quantity":0,"active":true,"latitude":25.021765,"longitude":121.45157,"updated_at":"2026-05-02T14:33:03+08:00"}},{"type":"Feature","geometry":{"type":"Point","coordinates":[121.451,25.0208]},"properties":{"sno":500218107,"name":"YouBike2.0_香社一藝文街口(歡喜市社區)","name_en":"YouBike2.0_Xiangshe & Yiwen 1st Intersection","city":"新北市","city_en":"New Taipei City","area":"板橋區","area_en":"Banqiao Dist","address":"香社一路/藝文街(東北側)","address_en":"Xiangshe 1st Rd./Yiwen St., Banqiao Dist.","total_quantity":40,"available_bikes":7,"available_spots":33,"yb2_quantity":7,"eyb_quantity":0,"active":true,"latitude":25.0208,"longitude":121.451,"updated_at":"2026-05-02T14:24:04+08:00"}},{"type":"Feature","geometry":{"type":"Point","coordinates":[121.466,25.033]},"properties":{"sno":500218108,"name":"YouBike2.0_華江九華江一路口(匯翠社區)","name_en":"YouBike2.0_Huajiang 9th & Huajiang 1st Intersection","city":"新北市","city_en":"New Taipei City","area":"板橋區","area_en":"Banqiao Dist","address":"華江九華江一路口(西北角)","address_en":"Huajiang 9th & Huajiang 1st Intersection","total_quantity":40,"available_bikes":0,"available_spots":40,"yb2_quantity":0,"eyb_quantity":0,"active":true,"latitude":25.033,"longitude":121.466,"updated_at":"2026-05-02T14:39:18+08:00"}},{"type":"Feature","geometry":{"type":"Point","coordinates":[121.46617,25.00609]},"properties":{"sno":500218109,"name":"YouBike2.0_國泰街111巷口","name_en":"YouBike2.0_Ln. 111, Guotai St.","city":"新北市","city_en":"New Taipei City","area":"板橋區","area_en":"Banqiao Dist","address":"實踐路93巷43弄15號東側","address_en":"No. 15, Aly. 43, Ln. 93, Shijian Rd.(East)","total_quantity":43,"available_bikes":2,"available_spots":40,"yb2_quantity":2,"eyb_quantity":0,"active":true,"latitude":25.00609,"longitude":121.46617,"updated_at":"2026-05-02T14:39:02+08:00"}},{"type":"Feature","geometry":{"type":"Point","coordinates":[121.43249,24.99968]},"properties":{"sno":500218110,"name":"YouBike2.0_新崑公園","name_en":"YouBike2.0_Xinkun Park","city":"新北市","city_en":"New Taipei City","area":"板橋區","area_en":"Banqiao Dist","address":"新崑路/豐盛一街(東南側)","address_en":"Xinkun Rd & Fengsheng 1 St(Southeast)","total_quantity":30,"available_bikes":7,"available_spots":23,"yb2_quantity":6,"eyb_quantity":1,"active":true,"latitude":24.99968,"longitude":121.43249,"updated_at":"2026-05-02T14:33:03+08:00"}},{"type":"Feature","geometry":{"type":"Point","coordinates":[121.45714,25.00306]},"properties":{"sno":500218111,"name":"YouBike2.0_大明街20巷19弄口","name_en":"YouBike2.0_Lane 20, Daming St.","city":"新北市","city_en":"New Taipei City","area":"板橋區","area_en":"Banqiao Dist","address":"貴興路59號(對面)","address_en":"No. 18-8, Daming St.(Front)","total_quantity":43,"available_bikes":1,"available_spots":42,"yb2_quantity":1,"eyb_quantity":0,"active":true,"latitude":25.00306,"longitude":121.45714,"updated_at":"2026-05-02T14:37:02+08:00"}},{"type":"Feature","geometry":{"type":"Point","coordinates":[121.4814,25.02578]},"properties":{"sno":500218112,"name":"YouBike2.0_港嘴活動中心","name_en":"YouBike2.0_Kang chhui Civic Activity Center","city":"新北市","city_en":"New Taipei City","area":"板橋區","area_en":"Banqiao Dist","address":"縣民大道三段245巷1號(前)","address_en":"No. 1, Lane 245, Section 3, Xianmin Blvd (Front)","total_quantity":20,"available_bikes":7,"available_spots":13,"yb2_quantity":6,"eyb_quantity":1,"active":true,"latitude":25.02578,"longitude":121.4814,"updated_at":"2026-05-02T14:33:03+08:00"}},{"type":"Feature","geometry":{"type":"Point","coordinates":[121.48024,25.02317]},"properties":{"sno":500218113,"name":"YouBike2.0_三民翠華街口","name_en":"YouBike2.0_Sanmin Cuihua St.Intersection","city":"新北市","city_en":"New Taipei City","area":"板橋區","area_en":"Banqiao Dist","address":"三民路一段31巷/翠華街口(東南側)","address_en":"Lane 31, Section 1, Sanmin Rd. Cuihua St. (Southeast)","total_quantity":10,"available_bikes":0,"available_spots":10,"yb2_quantity":0,"eyb_quantity":0,"active":true,"latitude":25.02317,"longitude":121.48024,"updated_at":"2026-05-02T13:53:17+08:00"}},{"type":"Feature","geometry":{"type":"Point","coordinates":[121.4638,25.017]},"properties":{"sno":500218114,"name":"YouBike2.0_夢奇地公園(文化路一段)","name_en":"YouBike2.0_Mengqide Park(Sec. 1, Wenhua Rd.)","city":"新北市","city_en":"New Taipei City","area":"板橋區","area_en":"Banqiao Dist","address":"文化路一段217號(對面)","address_en":"No. 217, Sec. 1, Wenhua Rd.(Opposite)","total_quantity":45,"available_bikes":16,"available_spots":29,"yb2_quantity":15,"eyb_quantity":1,"active":true,"latitude":25.017,"longitude":121.4638,"updated_at":"2026-05-02T14:39:02+08:00"}},{"type":"Feature","geometry":{"type":"Point","coordinates":[121.47149,25.00911]},"properties":{"sno":500218115,"name":"YouBike2.0_海山高中","name_en":"YouBike2.0_Municipal Haishangaoji Junior High School","city":"新北市","city_en":"New Taipei City","area":"板橋區","area_en":"Banqiao Dist","address":"漢生東路215號","address_en":"No. 215, Hansheng E Rd.","total_quantity":80,"available_bikes":12,"available_spots":68,"yb2_quantity":7,"eyb_quantity":5,"active":true,"latitude":25.00911,"longitude":121.47149,"updated_at":"2026-05-02T14:37:02+08:00"}},{"type":"Feature","geometry":{"type":"Point","coordinates":[121.47718,25.02538]},"properties":{"sno":500218116,"name":"YouBike2.0_雙十萬板路口","name_en":"YouBike2.0_Shuangshi Wanban Rd. Intersection","city":"新北市","city_en":"New Taipei City","area":"板橋區","area_en":"Banqiao Dist","address":"雙十路二段4號東南側","address_en":"No. 4, Sec. 2, Shuangshi Rd.(Southeast)","total_quantity":26,"available_bikes":2,"available_spots":24,"yb2_quantity":2,"eyb_quantity":0,"active":true,"latitude":25.02538,"longitude":121.47718,"updated_at":"2026-05-02T14:39:02+08:00"}},{"type":"Feature","geometry":{"type":"Point","coordinates":[121.47161,25.01491]},"properties":{"sno":500218117,"name":"YouBike2.0_板新中山路一段口","name_en":"YouBike2.0_Banxin & Sec.1, Zhongshan Rd. Intersection","city":"新北市","city_en":"New Taipei City","area":"板橋區","area_en":"Banqiao Dist","address":"中山路一段315號(北側)","address_en":"No. 315, Sec.1, Zhongshan Rd.(North)","total_quantity":15,"available_bikes":1,"available_spots":14,"yb2_quantity":1,"eyb_quantity":0,"active":true,"latitude":25.01491,"longitude":121.47161,"updated_at":"2026-05-02T14:28:04+08:00"}},{"type":"Feature","geometry":{"type":"Point","coordinates":[121.4638,25.0094]},"properties":{"sno":500218118,"name":"YouBike2.0_新民民族路口","name_en":"YouBike2.0_Xinmin Minzu Rd. Intersection","city":"新北市","city_en":"New Taipei City","area":"板橋區","area_en":"Banqiao Dist","address":"新民街/民族路口(西北側)","address_en":"Xinmin St. & Minzu Rd. Intersection(Northwest)","total_quantity":20,"available_bikes":1,"available_spots":19,"yb2_quantity":1,"eyb_quantity":0,"active":true,"latitude":25.0094,"longitude":121.4638,"updated_at":"2026-05-02T14:34:03+08:00"}},{"type":"Feature","geometry":{"type":"Point","coordinates":[121.45526,25.02627]},"properties":{"sno":500218119,"name":"YouBike2.0_新月二綠堤街口","name_en":"YouBike2.0_Xinyue 2nd Luti St. Intersection","city":"新北市","city_en":"New Taipei City","area":"板橋區","area_en":"Banqiao Dist","address":"新月二街/綠堤街(西南側)","address_en":"Xinyue 2nd St. & Luti St. Intersection(Southwest)","total_quantity":21,"available_bikes":5,"available_spots":16,"yb2_quantity":5,"eyb_quantity":0,"active":true,"latitude":25.02627,"longitude":121.45526,"updated_at":"2026-05-02T14:37:02+08:00"}},{"type":"Feature","geometry":{"type":"Point","coordinates":[121.47656,25.03588]},"properties":{"sno":500218120,"name":"YouBike2.0_華江一華江二路口(江匯Life社區)","name_en":"YouBike2.0_Huajiang 1st Huajiang 2nd Rd. Intersection","city":"新北市","city_en":"New Taipei City","area":"板橋區","area_en":"Banqiao Dist","address":"華江一路/華江二路","address_en":"Huajiang 1st Rd. & Huajiang 2nd Rd. Intersection","total_quantity":40,"available_bikes":2,"available_spots":38,"yb2_quantity":2,"eyb_quantity":0,"active":true,"latitude":25.03588,"longitude":121.47656,"updated_at":"2026-05-02T14:39:02+08:00"}},{"type":"Feature","geometry":{"type":"Point","coordinates":[121.45848,24.99271]},"properties":{"sno":500218121,"name":"YouBike2.0_信義路163巷口","name_en":"YouBike2.0_Ln. 163, Xinyi Rd. Intersection","city":"新北市","city_en":"New Taipei City","area":"板橋區","area_en":"Banqiao Dist","address":"信義路157號(前)","address_en":"No. 157, Xinyi Rd.","total_quantity":17,"available_bikes":0,"available_spots":17,"yb2_quantity":0,"eyb_quantity":0,"active":true,"latitude":24.99271,"longitude":121.45848,"updated_at":"2026-05-02T14:04:18+08:00"}},{"type":"Feature","geometry":{"type":"Point","coordinates":[121.4566,25.01587]},"properties":{"sno":500218122,"name":"YouBike2.0_中正路145巷口","name_en":"YouBike2.0_Ln.145, Zhongzheng Rd.","city":"新北市","city_en":"New Taipei City","area":"板橋區","area_en":"Banqiao Dist","address":"中正路147號(前)","address_en":"No. 147, Zhongzheng Rd.(Front)","total_quantity":18,"available_bikes":6,"available_spots":12,"yb2_quantity":2,"eyb_quantity":4,"active":true,"latitude":25.01587,"longitude":121.4566,"updated_at":"2026-05-02T14:39:02+08:00"}},{"type":"Feature","geometry":{"type":"Point","coordinates":[121.45699,25.0125]},"properties":{"sno":500218123,"name":"YouBike2.0_黃石中繼市場","name_en":"YouBike2.0_Huangshi Market","city":"新北市","city_en":"New Taipei City","area":"板橋區","area_en":"Banqiao Dist","address":"公館街1號(旁)","address_en":"No. 1, Gongguan St.","total_quantity":20,"available_bikes":10,"available_spots":10,"yb2_quantity":9,"eyb_quantity":1,"active":true,"latitude":25.0125,"longitude":121.45699,"updated_at":"2026-05-02T14:39:02+08:00"}},{"type":"Feature","geometry":{"type":"Point","coordinates":[121.45721,24.99455]},"properties":{"sno":500218124,"name":"YouBike2.0_信義和平路口","name_en":"YouBike2.0_Xinyi Heping Rd. Intersection","city":"新北市","city_en":"New Taipei City","area":"板橋區","area_en":"Banqiao Dist","address":"信義路83號(前)","address_en":"No. 83, Xinyi Rd.","total_quantity":15,"available_bikes":3,"available_spots":12,"yb2_quantity":3,"eyb_quantity":0,"active":true,"latitude":24.99455,"longitude":121.45721,"updated_at":"2026-05-02T14:39:02+08:00"}},{"type":"Feature","geometry":{"type":"Point","coordinates":[121.46546,25.01016]},"properties":{"sno":500218126,"name":"YouBike2.0_新府區運路口","name_en":"YouBike2.0_Xinfu Quyun Rd. Intersection","city":"新北市","city_en":"New Taipei City","area":"板橋區","area_en":"Banqiao Dist","address":"新府路2-1號(對面)","address_en":"No. 2-1, Xingu Rd.(Opposite)","total_quantity":30,"available_bikes":4,"available_spots":26,"yb2_quantity":3,"eyb_quantity":1,"active":true,"latitude":25.01016,"longitude":121.46546,"updated_at":"2026-05-02T14:20:04+08:00"}},{"type":"Feature","geometry":{"type":"Point","coordinates":[121.47048,25.01067]},"properties":{"sno":500218127,"name":"YouBike2.0_海山高中(漢生東路)","name_en":"YouBike2.0_Haishang High School(Hansheng E. Rd.)","city":"新北市","city_en":"New Taipei City","area":"板橋區","area_en":"Banqiao Dist","address":"漢生東路215號(旁)","address_en":"No. 215, Hansheng E Rd.","total_quantity":40,"available_bikes":8,"available_spots":32,"yb2_quantity":8,"eyb_quantity":0,"active":true,"latitude":25.01067,"longitude":121.47048,"updated_at":"2026-05-02T14:22:02+08:00"}},{"type":"Feature","geometry":{"type":"Point","coordinates":[121.4643,25.00339]},"properties":{"sno":500218128,"name":"YouBike2.0_後埔國小","name_en":"YouBike2.0_Houpu Elementary School","city":"新北市","city_en":"New Taipei City","area":"板橋區","area_en":"Banqiao Dist","address":"實踐路179號對面","address_en":"No. 179, Shijian Rd.(Opposite)","total_quantity":12,"available_bikes":4,"available_spots":8,"yb2_quantity":4,"eyb_quantity":0,"active":true,"latitude":25.00339,"longitude":121.4643,"updated_at":"2026-05-02T14:35:03+08:00"}},{"type":"Feature","geometry":{"type":"Point","coordinates":[121.46885,25.02132]},"properties":{"sno":500218129,"name":"YouBike2.0_民生路二段/文化路一段286巷口","name_en":"YouBike2.0_Sec. 2, Minsheng Rd. & Ln. 286, Sec. 1, Wenhua Rd. Intersection","city":"新北市","city_en":"New Taipei City","area":"板橋區","area_en":"Banqiao Dist","address":"民生路二段229號(斜前方)","address_en":"No. 229, Sec. 2, Minsheng Rd.","total_quantity":13,"available_bikes":4,"available_spots":9,"yb2_quantity":4,"eyb_quantity":0,"active":true,"latitude":25.02132,"longitude":121.46885,"updated_at":"2026-05-02T14:19:02+08:00"}},{"type":"Feature","geometry":{"type":"Point","coordinates":[121.46639,25.02021]},"properties":{"sno":500218130,"name":"YouBike2.0_文化路一段212巷口","name_en":"YouBike2.0_Ln. 212, Sec. 1, Wenhua Rd. Intersection","city":"新北市","city_en":"New Taipei City","area":"板橋區","area_en":"Banqiao Dist","address":"文化路一段208號(前)","address_en":"No. 208, Sec. 1, Wenhua Rd.","total_quantity":20,"available_bikes":14,"available_spots":6,"yb2_quantity":13,"eyb_quantity":1,"active":true,"latitude":25.02021,"longitude":121.46639,"updated_at":"2026-05-02T14:39:02+08:00"}},{"type":"Feature","geometry":{"type":"Point","coordinates":[121.47255,25.03562]},"properties":{"sno":500218131,"name":"YouBike2.0_稚匯公園(華江三路)","name_en":"YouBike2.0_Zhihui Park(Huajiang 3rd Rd.)","city":"新北市","city_en":"New Taipei City","area":"板橋區","area_en":"Banqiao Dist","address":"華江三路302號南側","address_en":"No. 302, Huajiang 3rd Rd.(South)","total_quantity":19,"available_bikes":5,"available_spots":14,"yb2_quantity":3,"eyb_quantity":2,"active":true,"latitude":25.03562,"longitude":121.47255,"updated_at":"2026-05-02T14:36:04+08:00"}},{"type":"Feature","geometry":{"type":"Point","coordinates":[121.4742,25.0296]},"properties":{"sno":500218132,"name":"YouBike2.0_松柏街15巷口","name_en":"YouBike2.0_Ln. 15, Songbo St.","city":"新北市","city_en":"New Taipei City","area":"板橋區","area_en":"Banqiao Dist","address":"松柏街12號","address_en":"No. 12, Songbo St.","total_quantity":20,"available_bikes":11,"available_spots":9,"yb2_quantity":10,"eyb_quantity":1,"active":true,"latitude":25.0296,"longitude":121.4742,"updated_at":"2026-05-02T14:27:03+08:00"}},{"type":"Feature","geometry":{"type":"Point","coordinates":[121.47314,25.03106]},"properties":{"sno":500218133,"name":"YouBike2.0_捷運江子翠站(6號出口)","name_en":"YouBike2.0_MRT Jiangzicui Sta.(Exit 6)","city":"新北市","city_en":"New Taipei City","area":"板橋區","area_en":"Banqiao Dist","address":"文化路二段367號","address_en":"No. 367, Sec. 2, Wenhua Rd.","total_quantity":22,"available_bikes":4,"available_spots":18,"yb2_quantity":2,"eyb_quantity":2,"active":true,"latitude":25.03106,"longitude":121.47314,"updated_at":"2026-05-02T14:39:02+08:00"}},{"type":"Feature","geometry":{"type":"Point","coordinates":[121.47162,25.03043]},"properties":{"sno":500218134,"name":"YouBike2.0_捷運江子翠站(1號出口)","name_en":"YouBike2.0_MRT Jiangzicui Sta.(Exit 1)","city":"新北市","city_en":"New Taipei City","area":"板橋區","area_en":"Banqiao Dist","address":"雙十路三段12號","address_en":"No. 12, Sec. 3, Shuangshi Rd.","total_quantity":13,"available_bikes":1,"available_spots":12,"yb2_quantity":0,"eyb_quantity":1,"active":true,"latitude":25.03043,"longitude":121.47162,"updated_at":"2026-05-02T14:37:02+08:00"}},{"type":"Feature","geometry":{"type":"Point","coordinates":[121.472,25.02999]},"properties":{"sno":500218135,"name":"YouBike2.0_捷運江子翠站(2號出口)","name_en":"YouBike2.0_MRT Jiangzicui Sta.(Exit 2)","city":"新北市","city_en":"New Taipei City","area":"板橋區","area_en":"Banqiao Dist","address":"文化路二段315號","address_en":"No. 315, Sec. 2, Wenhua Rd.","total_quantity":26,"available_bikes":7,"available_spots":18,"yb2_quantity":5,"eyb_quantity":2,"active":true,"latitude":25.02999,"longitude":121.472,"updated_at":"2026-05-02T14:38:04+08:00"}},{"type":"Feature","geometry":{"type":"Point","coordinates":[121.47307,25.02946]},"properties":{"sno":500218136,"name":"YouBike2.0_捷運江子翠站(4號出口)","name_en":"YouBike2.0_MRT Jiangzicui Sta.(Exit 4)","city":"新北市","city_en":"New Taipei City","area":"板橋區","area_en":"Banqiao Dist","address":"雙十路二段164號","address_en":"No. 164, Sec. 2, Shuangshi Rd.","total_quantity":11,"available_bikes":8,"available_spots":3,"yb2_quantity":7,"eyb_quantity":1,"active":true,"latitude":25.02946,"longitude":121.47307,"updated_at":"2026-05-02T14:39:02+08:00"}},{"type":"Feature","geometry":{"type":"Point","coordinates":[121.43032,24.98842]},"properties":{"sno":500218137,"name":"YouBike2.0_新北市政府板橋分局沙崙派出所","name_en":"YouBike2.0_NTPD Banqiao Precinct Shalun Police Station","city":"新北市","city_en":"New Taipei City","area":"板橋區","area_en":"Banqiao Dist","address":"溪北路111號","address_en":"No. 111, Xibei Rd.","total_quantity":16,"available_bikes":1,"available_spots":15,"yb2_quantity":1,"eyb_quantity":0,"active":true,"latitude":24.98842,"longitude":121.43032,"updated_at":"2026-05-02T14:24:04+08:00"}},{"type":"Feature","geometry":{"type":"Point","coordinates":[121.44632,25.00879]},"properties":{"sno":500218138,"name":"YouBike2.0_僑中二街92巷口","name_en":"YouBike2.0_Ln. 92, Qiaozhong 2nd St. Intersection","city":"新北市","city_en":"New Taipei City","area":"板橋區","area_en":"Banqiao Dist","address":"僑中二街94號(對面)","address_en":"No. 94, Qiaozhong 2nd St.(Opposite)","total_quantity":21,"available_bikes":2,"available_spots":19,"yb2_quantity":2,"eyb_quantity":0,"active":true,"latitude":25.00879,"longitude":121.44632,"updated_at":"2026-05-02T14:35:03+08:00"}},{"type":"Feature","geometry":{"type":"Point","coordinates":[121.4498,25.01419]},"properties":{"sno":500218139,"name":"YouBike2.0_浮洲運動公園","name_en":"YouBike2.0_Fuzhou Sports Park","city":"新北市","city_en":"New Taipei City","area":"板橋區","area_en":"Banqiao Dist","address":"浮洲運動公園東南側","address_en":"No. 126-2, Ln. 28, Sec. 1, Daguan Rd.(North)","total_quantity":14,"available_bikes":9,"available_spots":5,"yb2_quantity":5,"eyb_quantity":4,"active":true,"latitude":25.01419,"longitude":121.4498,"updated_at":"2026-05-02T14:04:03+08:00"}},{"type":"Feature","geometry":{"type":"Point","coordinates":[121.44286,24.99828]},"properties":{"sno":500218140,"name":"YouBike2.0_大觀路二段265巷3弄口","name_en":"YouBike2.0_Aly. 3, Ln. 265, Sec. 2, Daguan Rd. Intersection","city":"新北市","city_en":"New Taipei City","area":"板橋區","area_en":"Banqiao Dist","address":"大觀路二段265巷/大觀路二段265巷3弄","address_en":"Ln. 265, Sec. 2, Daguan Rd. & Aly. 3, Ln. 265, Sec. 2, Daguan Rd.","total_quantity":10,"available_bikes":0,"available_spots":10,"yb2_quantity":0,"eyb_quantity":0,"active":true,"latitude":24.99828,"longitude":121.44286,"updated_at":"2026-05-02T14:29:16+08:00"}},{"type":"Feature","geometry":{"type":"Point","coordinates":[121.46624,25.01531]},"properties":{"sno":500218141,"name":"YouBike2.0_縣民漢生東路口(西北側)","name_en":"YouBike2.0_Xianmin Hansheng Rd. Intersection(Northwest)","city":"新北市","city_en":"New Taipei City","area":"板橋區","area_en":"Banqiao Dist","address":"縣民大道二段/漢生東路(西北側)","address_en":"Sec. 2, Xianmin Blvd & Hansheng E. Rd.(Northeast)","total_quantity":36,"available_bikes":36,"available_spots":0,"yb2_quantity":36,"eyb_quantity":0,"active":true,"latitude":25.01531,"longitude":121.46624,"updated_at":"2026-05-02T14:36:18+08:00"}},{"type":"Feature","geometry":{"type":"Point","coordinates":[121.44828,25.02184]},"properties":{"sno":500218142,"name":"YouBike2.0_湳仔溝抽水站","name_en":"YouBike2.0_Nanzigou Pumping Station","city":"新北市","city_en":"New Taipei City","area":"板橋區","area_en":"Banqiao Dist","address":"環河西路五段/香社一路","address_en":"Sec. 5, Huanhe W. Rd. & Xiangshe 1st Rd.","total_quantity":15,"available_bikes":7,"available_spots":8,"yb2_quantity":7,"eyb_quantity":0,"active":true,"latitude":25.02184,"longitude":121.44828,"updated_at":"2026-05-02T14:31:03+08:00"}},{"type":"Feature","geometry":{"type":"Point","coordinates":[121.44966,25.02365]},"properties":{"sno":500218143,"name":"YouBike2.0_文丘公園","name_en":"YouBike2.0_Wenqiu Park","city":"新北市","city_en":"New Taipei City","area":"板橋區","area_en":"Banqiao Dist","address":"環河西路五段/藝文一街","address_en":"Sec. 5, Huanhe W. Rd. & Yiwen 1st St.","total_quantity":15,"available_bikes":3,"available_spots":11,"yb2_quantity":3,"eyb_quantity":0,"active":true,"latitude":25.02365,"longitude":121.44966,"updated_at":"2026-05-02T14:11:03+08:00"}},{"type":"Feature","geometry":{"type":"Point","coordinates":[121.42758,24.9822]},"properties":{"sno":500218144,"name":"YouBike2.0_板樹體育館","name_en":"YouBike2.0_Banshu Sports Center","city":"新北市","city_en":"New Taipei City","area":"板橋區","area_en":"Banqiao Dist","address":"溪城路121號對面","address_en":"No. 121, Xicheng Rd.(Opposite)","total_quantity":15,"available_bikes":6,"available_spots":9,"yb2_quantity":5,"eyb_quantity":1,"active":true,"latitude":24.9822,"longitude":121.42758,"updated_at":"2026-05-02T14:30:03+08:00"}},{"type":"Feature","geometry":{"type":"Point","coordinates":[121.47917,25.02104]},"properties":{"sno":500218145,"name":"YouBike2.0_三民永豐街口","name_en":"YouBike2.0_Sanmin Yongfeng St. Intersection","city":"新北市","city_en":"New Taipei City","area":"板橋區","area_en":"Banqiao Dist","address":"三民路一段120號(前)","address_en":"No. 120, Sec. 1, Sanmin Rd.","total_quantity":13,"available_bikes":1,"available_spots":12,"yb2_quantity":1,"eyb_quantity":0,"active":true,"latitude":25.02104,"longitude":121.47917,"updated_at":"2026-05-02T14:18:18+08:00"}},{"type":"Feature","geometry":{"type":"Point","coordinates":[121.4269,24.98356]},"properties":{"sno":500218146,"name":"YouBike2.0_溪城金門街口","name_en":"YouBike2.0_Xicheng Jinmen St. Intersection","city":"新北市","city_en":"New Taipei City","area":"板橋區","area_en":"Banqiao Dist","address":"溪城路85號前","address_en":"No. 85, Xicheng Rd.","total_quantity":16,"available_bikes":10,"available_spots":6,"yb2_quantity":10,"eyb_quantity":0,"active":true,"latitude":24.98356,"longitude":121.4269,"updated_at":"2026-05-02T14:33:03+08:00"}},{"type":"Feature","geometry":{"type":"Point","coordinates":[121.47072,25.01836]},"properties":{"sno":500218148,"name":"YouBike2.0_縣民民生路口","name_en":"YouBike2.0_Xianmin Minsheng Rd. Intersection","city":"新北市","city_en":"New Taipei City","area":"板橋區","area_en":"Banqiao Dist","address":"民生路二段119號(前)","address_en":"No. 119, Sec. 2, Minsheng Rd.","total_quantity":13,"available_bikes":2,"available_spots":11,"yb2_quantity":2,"eyb_quantity":0,"active":true,"latitude":25.01836,"longitude":121.47072,"updated_at":"2026-05-02T14:34:03+08:00"}},{"type":"Feature","geometry":{"type":"Point","coordinates":[121.4692,25.01702]},"properties":{"sno":500218149,"name":"YouBike2.0_縣民觀光街口","name_en":"YouBike2.0_Xianmin Guanguang St. Intersection","city":"新北市","city_en":"New Taipei City","area":"板橋區","area_en":"Banqiao Dist","address":"縣民大道二段/觀光街(西南側)","address_en":"Xianmin Blvd. & Guanguang St. Intersection(Southwest)","total_quantity":24,"available_bikes":0,"available_spots":24,"yb2_quantity":0,"eyb_quantity":0,"active":true,"latitude":25.01702,"longitude":121.4692,"updated_at":"2026-05-02T14:25:17+08:00"}},{"type":"Feature","geometry":{"type":"Point","coordinates":[121.47236,25.01063]},"properties":{"sno":500218150,"name":"YouBike2.0_長安街251巷","name_en":"YouBike2.0_Ln. 251, Chang'an St.","city":"新北市","city_en":"New Taipei City","area":"板橋區","area_en":"Banqiao Dist","address":"長安街251巷18號(對面)","address_en":"No. 18, Ln. 251, Chang'an St.(Opposite)","total_quantity":16,"available_bikes":5,"available_spots":11,"yb2_quantity":5,"eyb_quantity":0,"active":true,"latitude":25.01063,"longitude":121.47236,"updated_at":"2026-05-02T14:28:04+08:00"}},{"type":"Feature","geometry":{"type":"Point","coordinates":[121.45436,25.00979]},"properties":{"sno":500218151,"name":"YouBike2.0_府中立體停車場","name_en":"YouBike2.0_Fuzhong Parking Lot","city":"新北市","city_en":"New Taipei City","area":"板橋區","area_en":"Banqiao Dist","address":"西門街59號(旁)","address_en":"No. 59, Ximen St.","total_quantity":15,"available_bikes":10,"available_spots":5,"yb2_quantity":6,"eyb_quantity":4,"active":true,"latitude":25.00979,"longitude":121.45436,"updated_at":"2026-05-02T14:37:02+08:00"}},{"type":"Feature","geometry":{"type":"Point","coordinates":[121.44347,24.99917]},"properties":{"sno":500218152,"name":"YouBike2.0_力行新村","name_en":"YouBike2.0_Lixing New Village","city":"新北市","city_en":"New Taipei City","area":"板橋區","area_en":"Banqiao Dist","address":"大觀路二段247號","address_en":"22","total_quantity":12,"available_bikes":0,"available_spots":12,"yb2_quantity":0,"eyb_quantity":0,"active":true,"latitude":24.99917,"longitude":121.44347,"updated_at":"2026-05-02T14:28:17+08:00"}},{"type":"Feature","geometry":{"type":"Point","coordinates":[121.48153,25.01936]},"properties":{"sno":500218153,"name":"YouBike2.0_中山路二段416巷38弄口","name_en":"YouBike2.0_Aly. 38, Ln. 416, Sec. 2, Zhongshan Rd.ntersection","city":"新北市","city_en":"New Taipei City","area":"板橋區","area_en":"Banqiao Dist","address":"中山路二段326號西南側","address_en":"No. 326, Sec. 2, Zhongshan Rd.(Southwest)","total_quantity":14,"available_bikes":4,"available_spots":10,"yb2_quantity":4,"eyb_quantity":0,"active":true,"latitude":25.01936,"longitude":121.48153,"updated_at":"2026-05-02T14:35:03+08:00"}},{"type":"Feature","geometry":{"type":"Point","coordinates":[121.46438,25.01529]},"properties":{"sno":500218154,"name":"YouBike2.0_板橋車站(新站路)","name_en":"YouBike2.0_Banqiao Station (Xinzhan Rd)","city":"新北市","city_en":"New Taipei City","area":"板橋區","area_en":"Banqiao Dist","address":"新站路/站前路(東南側)","address_en":"Banqiao Station (Xinzhan Rd)","total_quantity":28,"available_bikes":20,"available_spots":8,"yb2_quantity":12,"eyb_quantity":8,"active":true,"latitude":25.01529,"longitude":121.46438,"updated_at":"2026-05-02T14:37:02+08:00"}},{"type":"Feature","geometry":{"type":"Point","coordinates":[121.45269,25.02396]},"properties":{"sno":500218155,"name":"YouBike2.0_板橋435藝文特區","name_en":"YouBike2.0_Banqiao 435 Art Zone","city":"新北市","city_en":"New Taipei City","area":"板橋區","area_en":"Banqiao Dist","address":"中正路433巷/藝文街(東南側)","address_en":"Ln. 433, Zhongzheng Rd. & Yiwen St. Intersection (Southeast)","total_quantity":18,"available_bikes":3,"available_spots":15,"yb2_quantity":3,"eyb_quantity":0,"active":true,"latitude":25.02396,"longitude":121.45269,"updated_at":"2026-05-02T14:37:02+08:00"}},{"type":"Feature","geometry":{"type":"Point","coordinates":[121.45192,25.00118]},"properties":{"sno":500218156,"name":"YouBike2.0_湳仔二橋","name_en":"YouBike2.0_Nanzai Second Bridge","city":"新北市","city_en":"New Taipei City","area":"板橋區","area_en":"Banqiao Dist","address":"板城路267號對側橋下廣場","address_en":"No. 267, Bancheng Rd.(Opposite)","total_quantity":15,"available_bikes":0,"available_spots":15,"yb2_quantity":0,"eyb_quantity":0,"active":true,"latitude":25.00118,"longitude":121.45192,"updated_at":"2026-05-02T13:45:17+08:00"}},{"type":"Feature","geometry":{"type":"Point","coordinates":[121.45544,25.02373]},"properties":{"sno":500218157,"name":"YouBike2.0_玫瑰公園","name_en":"YouBike2.0_Meigui Park","city":"新北市","city_en":"New Taipei City","area":"板橋區","area_en":"Banqiao Dist","address":"中正路360巷49號對面(玫瑰公園側)","address_en":"No. 49, Ln. 360, Zhongzheng Rd.(Opposite)","total_quantity":14,"available_bikes":2,"available_spots":12,"yb2_quantity":2,"eyb_quantity":0,"active":true,"latitude":25.02373,"longitude":121.45544,"updated_at":"2026-05-02T14:26:02+08:00"}},{"type":"Feature","geometry":{"type":"Point","coordinates":[121.48183,25.02729]},"properties":{"sno":500218158,"name":"YouBike2.0_萬板高架橋下停車場","name_en":"YouBike2.0_Wanban Parking Lot","city":"新北市","city_en":"New Taipei City","area":"板橋區","area_en":"Banqiao Dist","address":"萬板路/縣民大道三段247巷(高架橋下停車場)","address_en":"Wanban Rd. & Ln. 247m Sec. 3, Xianmin Blvd","total_quantity":20,"available_bikes":1,"available_spots":19,"yb2_quantity":1,"eyb_quantity":0,"active":true,"latitude":25.02729,"longitude":121.48183,"updated_at":"2026-05-02T14:30:18+08:00"}},{"type":"Feature","geometry":{"type":"Point","coordinates":[121.45537,25.02776]},"properties":{"sno":500218159,"name":"YouBike2.0_新海抽水站停車場","name_en":"YouBike2.0_Xinhai Pumping Station Parking Lot","city":"新北市","city_en":"New Taipei City","area":"板橋區","area_en":"Banqiao Dist","address":"中正路511號(旁)","address_en":"No. 511, Zhongzheng Rd.","total_quantity":13,"available_bikes":5,"available_spots":8,"yb2_quantity":3,"eyb_quantity":2,"active":true,"latitude":25.02776,"longitude":121.45537,"updated_at":"2026-05-02T14:38:04+08:00"}},{"type":"Feature","geometry":{"type":"Point","coordinates":[121.47835,25.02323]},"properties":{"sno":500218160,"name":"YouBike2.0_縣民大道三段270巷口","name_en":"YouBike2.0_Ln. 270, Sec. 3, Xianmin Blvd. Intersection","city":"新北市","city_en":"New Taipei City","area":"板橋區","area_en":"Banqiao Dist","address":"縣民大道三段270巷6號(對面)","address_en":"No. 6, Ln. 270, Sec. 3, Xianmin Blvd.(Opposite)","total_quantity":11,"available_bikes":3,"available_spots":8,"yb2_quantity":2,"eyb_quantity":1,"active":true,"latitude":25.02323,"longitude":121.47835,"updated_at":"2026-05-02T14:30:03+08:00"}},{"type":"Feature","geometry":{"type":"Point","coordinates":[121.47482,25.02378]},"properties":{"sno":500218161,"name":"YouBike2.0_八德公園","name_en":"YouBike2.0_Bade Park","city":"新北市","city_en":"New Taipei City","area":"板橋區","area_en":"Banqiao Dist","address":"莒光路171巷3弄/萬板路(東北側)","address_en":"Aly. 3, Ln. 171, Juguang Rd. & Wanban Rd.(Northeast)","total_quantity":14,"available_bikes":0,"available_spots":14,"yb2_quantity":0,"eyb_quantity":0,"active":true,"latitude":25.02378,"longitude":121.47482,"updated_at":"2026-05-02T14:31:17+08:00"}},{"type":"Feature","geometry":{"type":"Point","coordinates":[121.47099,25.01946]},"properties":{"sno":500218162,"name":"YouBike2.0_華江公園","name_en":"YouBike2.0_Huajiang Park","city":"新北市","city_en":"New Taipei City","area":"板橋區","area_en":"Banqiao Dist","address":"民生路二段120號(南側)","address_en":"No. 120, Sec. 2, Minsheng Rd.(South)","total_quantity":12,"available_bikes":6,"available_spots":6,"yb2_quantity":6,"eyb_quantity":0,"active":true,"latitude":25.01946,"longitude":121.47099,"updated_at":"2026-05-02T14:39:02+08:00"}},{"type":"Feature","geometry":{"type":"Point","coordinates":[121.45345,25.00557]},"properties":{"sno":500218163,"name":"YouBike2.0_湳雅夜市停車場","name_en":"YouBike2.0_Nanya Night Market Parking Lot","city":"新北市","city_en":"New Taipei City","area":"板橋區","area_en":"Banqiao Dist","address":"南雅西路一段76號(對面)","address_en":"No. 76, Sec. 1, Nanya W. Rd.(Opposite)","total_quantity":10,"available_bikes":1,"available_spots":9,"yb2_quantity":1,"eyb_quantity":0,"active":true,"latitude":25.00557,"longitude":121.45345,"updated_at":"2026-05-02T14:36:18+08:00"}},{"type":"Feature","geometry":{"type":"Point","coordinates":[121.45188,25.01068]},"properties":{"sno":500218164,"name":"YouBike2.0_聖若望平面停車場","name_en":"YouBike2.0_St. John Parking Lot","city":"新北市","city_en":"New Taipei City","area":"板橋區","area_en":"Banqiao Dist","address":"南雅西路二段123巷1號西側","address_en":"No. 1, Ln. 123, Sec. 2, Nanya W. Rd.(West)","total_quantity":15,"available_bikes":6,"available_spots":9,"yb2_quantity":2,"eyb_quantity":4,"active":true,"latitude":25.01068,"longitude":121.45188,"updated_at":"2026-05-02T14:19:02+08:00"}},{"type":"Feature","geometry":{"type":"Point","coordinates":[121.47523,25.01634]},"properties":{"sno":500218165,"name":"YouBike2.0_中山路二段90巷","name_en":"YouBike2.0_Ln.90, Zhongshan Rd.","city":"新北市","city_en":"New Taipei City","area":"板橋區","area_en":"Banqiao Dist","address":"中山路二段90巷3號","address_en":"No. 3, Ln. 90, Sec. 2, Zhongshan Rd.","total_quantity":13,"available_bikes":1,"available_spots":12,"yb2_quantity":1,"eyb_quantity":0,"active":true,"latitude":25.01634,"longitude":121.47523,"updated_at":"2026-05-02T14:39:02+08:00"}},{"type":"Feature","geometry":{"type":"Point","coordinates":[121.47611,25.02929]},"properties":{"sno":500218166,"name":"YouBike2.0_文聖國小(松柏街50巷)","name_en":"YouBike2.0_Wensheng Elementary School (Ln.50, Songbo St.)","city":"新北市","city_en":"New Taipei City","area":"板橋區","area_en":"Banqiao Dist","address":"松柏街50巷26號對面","address_en":"No. 26, Ln. 50, Songbo St.(Opposite)","total_quantity":12,"available_bikes":0,"available_spots":12,"yb2_quantity":0,"eyb_quantity":0,"active":true,"latitude":25.02929,"longitude":121.47611,"updated_at":"2026-05-02T14:36:18+08:00"}},{"type":"Feature","geometry":{"type":"Point","coordinates":[121.4506,25.02473]},"properties":{"sno":500218168,"name":"YouBike2.0_板橋435藝文特區(環河西路)","name_en":"YouBike2.0_中正路435號(環河西路側)","city":"新北市","city_en":"New Taipei City","area":"板橋區","area_en":"Banqiao Dist","address":"中正路435號(環河西路側)","address_en":"No. 435, Zhongzheng Rd.(Huanhe W. Rd.)","total_quantity":12,"available_bikes":6,"available_spots":6,"yb2_quantity":6,"eyb_quantity":0,"active":true,"latitude":25.02473,"longitude":121.4506,"updated_at":"2026-05-02T14:34:03+08:00"}},{"type":"Feature","geometry":{"type":"Point","coordinates":[121.45064,25.005]},"properties":{"sno":500218169,"name":"YouBike2.0_大觀段平面停車場","name_en":"YouBike2.0_Da-guan-duan Parking Lot","city":"新北市","city_en":"New Taipei City","area":"板橋區","area_en":"Banqiao Dist","address":"大觀路一段29巷131弄16號東側","address_en":"No. 16, Aly. 131, Ln. 29, Sec. 1, Daguan Rd.(East)","total_quantity":18,"available_bikes":4,"available_spots":14,"yb2_quantity":3,"eyb_quantity":1,"active":true,"latitude":25.005,"longitude":121.45064,"updated_at":"2026-05-02T14:20:04+08:00"}},{"type":"Feature","geometry":{"type":"Point","coordinates":[121.48137,25.03114]},"properties":{"sno":500218170,"name":"YouBike2.0_懷石公園","name_en":"YouBike2.0_Huaishi Park","city":"新北市","city_en":"New Taipei City","area":"板橋區","area_en":"Banqiao Dist","address":"田單北街/環河西路四段699巷(西南側)","address_en":"Tiandan N. St. & Ln.699, Sec.4, Huanhe W. Rd. (southwest)","total_quantity":17,"available_bikes":3,"available_spots":14,"yb2_quantity":2,"eyb_quantity":1,"active":true,"latitude":25.03114,"longitude":121.48137,"updated_at":"2026-05-02T14:32:02+08:00"}},{"type":"Feature","geometry":{"type":"Point","coordinates":[121.47523,25.03544]},"properties":{"sno":500218171,"name":"YouBike2.0_華江二華江一路口(帝國花園廣場社區)","name_en":"YouBike2.0_Huajiang 2nd Rd. & Huajiang 1st Rd. Intersection","city":"新北市","city_en":"New Taipei City","area":"板橋區","area_en":"Banqiao Dist","address":"華江二路/華江一路口(西南側)","address_en":"Huajiang 2nd Rd. & Huajiang 1st Rd. (southwest)","total_quantity":40,"available_bikes":2,"available_spots":38,"yb2_quantity":2,"eyb_quantity":0,"active":true,"latitude":25.03544,"longitude":121.47523,"updated_at":"2026-05-02T14:28:04+08:00"}},{"type":"Feature","geometry":{"type":"Point","coordinates":[121.47336,25.03474]},"properties":{"sno":500218172,"name":"YouBike2.0_華江五華江一路口(帝國花園廣場社區)","name_en":"YouBike2.0_Huajiang 5th Rd. & Huajiang 1st Rd. Intersection","city":"新北市","city_en":"New Taipei City","area":"板橋區","area_en":"Banqiao Dist","address":"華江五路/華江一路口(東南側)","address_en":"Huajiang 5th Rd. & Huajiang 1st Rd. (southeast)","total_quantity":39,"available_bikes":0,"available_spots":39,"yb2_quantity":0,"eyb_quantity":0,"active":true,"latitude":25.03474,"longitude":121.47336,"updated_at":"2026-05-02T14:37:17+08:00"}},{"type":"Feature","geometry":{"type":"Point","coordinates":[121.47677,25.03596]},"properties":{"sno":500218173,"name":"YouBike2.0_華江一華江二路口(吾界社區)","name_en":"YouBike2.0_Huajiang 1st Rd. & Huajiang 2nd Rd. Intersection","city":"新北市","city_en":"New Taipei City","area":"板橋區","area_en":"Banqiao Dist","address":"華江一路50號","address_en":"No. 50, Huajiang 1st Rd.","total_quantity":40,"available_bikes":1,"available_spots":39,"yb2_quantity":1,"eyb_quantity":0,"active":true,"latitude":25.03596,"longitude":121.47677,"updated_at":"2026-05-02T14:33:03+08:00"}},{"type":"Feature","geometry":{"type":"Point","coordinates":[121.47605,25.02201]},"properties":{"sno":500218174,"name":"YouBike2.0_縣民富山街口","name_en":"YouBike2.0_Xianmin Blvd. & Fushan St. Intersection","city":"新北市","city_en":"New Taipei City","area":"板橋區","area_en":"Banqiao Dist","address":"縣民大道三段/富山街(西北側)","address_en":"Sec. 3, Xianmin Blvd. & Fushan St. (Northwest)","total_quantity":10,"available_bikes":0,"available_spots":10,"yb2_quantity":0,"eyb_quantity":0,"active":true,"latitude":25.02201,"longitude":121.47605,"updated_at":"2026-05-02T14:27:17+08:00"}},{"type":"Feature","geometry":{"type":"Point","coordinates":[121.46206,25.00633]},"properties":{"sno":500218175,"name":"YouBike2.0_重慶路89巷","name_en":"YouBike2.0_Ln.89, Chongqing Rd.","city":"新北市","city_en":"New Taipei City","area":"板橋區","area_en":"Banqiao Dist","address":"重慶路89巷1號(對面)","address_en":"No. 1, Ln. 89, Chongqing Rd. (Opposite)","total_quantity":13,"available_bikes":9,"available_spots":4,"yb2_quantity":6,"eyb_quantity":3,"active":true,"latitude":25.00633,"longitude":121.46206,"updated_at":"2026-05-02T14:39:02+08:00"}},{"type":"Feature","geometry":{"type":"Point","coordinates":[121.4709,25.03609]},"properties":{"sno":500218176,"name":"YouBike2.0_環河西華江六路口(翠亨村社區)","name_en":"YouBike2.0_Huanhe W. Rd. & Huajiang 6th Rd. Intersection","city":"新北市","city_en":"New Taipei City","area":"板橋區","area_en":"Banqiao Dist","address":"環河西路四段/華江六路口(東南側)","address_en":"Sec. 4, Huanhe W. Rd. & Huajiang 6th Rd. (Southeast)","total_quantity":40,"available_bikes":1,"available_spots":38,"yb2_quantity":1,"eyb_quantity":0,"active":true,"latitude":25.03609,"longitude":121.4709,"updated_at":"2026-05-02T14:38:04+08:00"}},{"type":"Feature","geometry":{"type":"Point","coordinates":[121.46856,25.01979]},"properties":{"sno":500218177,"name":"YouBike2.0_介壽街/文化路一段188巷9弄口","name_en":"YouBike2.0_Jieshou Rd. & Aly.9, Ln.188, Sec.1, Wenhua Rd. Intersection","city":"新北市","city_en":"New Taipei City","area":"板橋區","area_en":"Banqiao Dist","address":"介壽路38號(旁)","address_en":"No. 38, Jieshou Rd. (Side)","total_quantity":16,"available_bikes":2,"available_spots":14,"yb2_quantity":2,"eyb_quantity":0,"active":true,"latitude":25.01979,"longitude":121.46856,"updated_at":"2026-05-02T14:36:04+08:00"}},{"type":"Feature","geometry":{"type":"Point","coordinates":[121.48148,25.029]},"properties":{"sno":500218178,"name":"YouBike2.0_懷德街233巷(環翠社區)","name_en":"YouBike2.0_Ln. 223, Huaide St.","city":"新北市","city_en":"New Taipei City","area":"板橋區","area_en":"Banqiao Dist","address":"懷德街233巷18號","address_en":"No. 18, Ln. 223, Huaide St.","total_quantity":40,"available_bikes":3,"available_spots":37,"yb2_quantity":3,"eyb_quantity":0,"active":true,"latitude":25.029,"longitude":121.48148,"updated_at":"2026-05-02T14:26:02+08:00"}},{"type":"Feature","geometry":{"type":"Point","coordinates":[121.46241,25.00378]},"properties":{"sno":500218180,"name":"YouBike2.0_忠孝國中地下停車場","name_en":"YouBike2.0_Zhongxiao Junior High School Parking Lot","city":"新北市","city_en":"New Taipei City","area":"板橋區","area_en":"Banqiao Dist","address":"重慶路153號(155巷口)對面","address_en":"No. 153, Chongqing Rd. (Ln. 155 Opposite)","total_quantity":20,"available_bikes":16,"available_spots":4,"yb2_quantity":13,"eyb_quantity":3,"active":true,"latitude":25.00378,"longitude":121.46241,"updated_at":"2026-05-02T14:17:02+08:00"}},{"type":"Feature","geometry":{"type":"Point","coordinates":[121.44859,25.0008]},"properties":{"sno":500218181,"name":"YouBike2.0_中山國小地下停車場","name_en":"YouBike2.0_Zhongshan Elementary School Parking Lot","city":"新北市","city_en":"New Taipei City","area":"板橋區","area_en":"Banqiao Dist","address":"大觀路二段59巷31號(旁)","address_en":"No. 31, Ln. 95, Sec. 2, Daguan Rd. (Side)","total_quantity":18,"available_bikes":9,"available_spots":8,"yb2_quantity":9,"eyb_quantity":0,"active":true,"latitude":25.0008,"longitude":121.44859,"updated_at":"2026-05-02T14:39:02+08:00"}},{"type":"Feature","geometry":{"type":"Point","coordinates":[121.45339,24.99292]},"properties":{"sno":500218182,"name":"YouBike2.0_華德公園平面停車場","name_en":"YouBike2.0_Huade Park Parking Lot","city":"新北市","city_en":"New Taipei City","area":"板橋區","area_en":"Banqiao Dist","address":"四川路二段245巷111號(旁)","address_en":"No. 111, Ln. 245, Sec. 2, Sichuan Rd. (Side)","total_quantity":18,"available_bikes":5,"available_spots":13,"yb2_quantity":1,"eyb_quantity":4,"active":true,"latitude":24.99292,"longitude":121.45339,"updated_at":"2026-05-02T14:34:03+08:00"}},{"type":"Feature","geometry":{"type":"Point","coordinates":[121.45172,25.01171]},"properties":{"sno":500218183,"name":"YouBike2.0_南雅西路二段145巷","name_en":"YouBike2.0_Ln. 145, Sec. 2, Nanya W. Rd.","city":"新北市","city_en":"New Taipei City","area":"板橋區","area_en":"Banqiao Dist","address":"南雅西路二段145巷3號(對側)","address_en":"No. 3, Ln. 145, Sec. 2, Nanya W. Rd. (Opposite)","total_quantity":18,"available_bikes":4,"available_spots":14,"yb2_quantity":3,"eyb_quantity":1,"active":true,"latitude":25.01171,"longitude":121.45172,"updated_at":"2026-05-02T14:39:02+08:00"}},{"type":"Feature","geometry":{"type":"Point","coordinates":[121.48046,25.03562]},"properties":{"sno":500218184,"name":"YouBike2.0_華江橋自行車牽引道","name_en":"YouBike2.0_Huajiang Bridge Bikeway","city":"新北市","city_en":"New Taipei City","area":"板橋區","area_en":"Banqiao Dist","address":"文化路二段654-10號(對面)","address_en":"No. 654-10, Sec. 2, Wenhua Rd. (Opposite)","total_quantity":16,"available_bikes":2,"available_spots":14,"yb2_quantity":2,"eyb_quantity":0,"active":true,"latitude":25.03562,"longitude":121.48046,"updated_at":"2026-05-02T14:29:02+08:00"}},{"type":"Feature","geometry":{"type":"Point","coordinates":[121.46463,24.99265]},"properties":{"sno":500218185,"name":"YouBike2.0_五權公園地下停車場","name_en":"YouBike2.0_Wuquan Park Underground Parking Lot","city":"新北市","city_en":"New Taipei City","area":"板橋區","area_en":"Banqiao Dist","address":"廣權路99號(對面)","address_en":"No.99, Guangquan Rd. (Opposite)","total_quantity":25,"available_bikes":1,"available_spots":24,"yb2_quantity":1,"eyb_quantity":0,"active":true,"latitude":24.99265,"longitude":121.46463,"updated_at":"2026-05-02T14:39:02+08:00"}},{"type":"Feature","geometry":{"type":"Point","coordinates":[121.48473,25.02139]},"properties":{"sno":500218186,"name":"YouBike2.0_光復光榮巷口","name_en":"YouBike2.0_Guangfu St. & Guangrong Ln. Intersection","city":"新北市","city_en":"New Taipei City","area":"板橋區","area_en":"Banqiao Dist","address":"光復街234-1號(旁)","address_en":"No. 234-1, Guangfu St. (Side)","total_quantity":13,"available_bikes":8,"available_spots":5,"yb2_quantity":8,"eyb_quantity":0,"active":true,"latitude":25.02139,"longitude":121.48473,"updated_at":"2026-05-02T14:38:04+08:00"}},{"type":"Feature","geometry":{"type":"Point","coordinates":[121.46112,25.02353]},"properties":{"sno":500218187,"name":"YouBike2.0_文德新海路口","name_en":"YouBike2.0_Wende Rd. & Xinhai Rd. Intersection","city":"新北市","city_en":"New Taipei City","area":"板橋區","area_en":"Banqiao Dist","address":"新海路138號","address_en":"No. 138, Xinhai Rd.","total_quantity":18,"available_bikes":4,"available_spots":14,"yb2_quantity":4,"eyb_quantity":0,"active":true,"latitude":25.02353,"longitude":121.46112,"updated_at":"2026-05-02T14:39:02+08:00"}},{"type":"Feature","geometry":{"type":"Point","coordinates":[121.46359,25.01598]},"properties":{"sno":500218188,"name":"YouBike2.0_捷運環狀線板橋站(5號出口)","name_en":"YouBike2.0_NTM Circular Line Banqiao Sta.(Exit.5)","city":"新北市","city_en":"New Taipei City","area":"板橋區","area_en":"Banqiao Dist","address":"新站路/文化路一段(東側廣場)","address_en":"Xinzhan Rd. & Sec.1, Wenhua Rd. (East)","total_quantity":99,"available_bikes":58,"available_spots":41,"yb2_quantity":58,"eyb_quantity":0,"active":true,"latitude":25.01598,"longitude":121.46359,"updated_at":"2026-05-02T14:32:02+08:00"}},{"type":"Feature","geometry":{"type":"Point","coordinates":[121.47574,25.03359]},"properties":{"sno":500218189,"name":"YouBike2.0_文化懷德街口","name_en":"YouBike2.0_Wenhua Rd. & Huaide St. Intersection","city":"新北市","city_en":"New Taipei City","area":"板橋區","area_en":"Banqiao Dist","address":"文化路二段516號(前)","address_en":"No. 516, Sec. 2, Wenhua Rd. (Front)","total_quantity":24,"available_bikes":1,"available_spots":23,"yb2_quantity":1,"eyb_quantity":0,"active":true,"latitude":25.03359,"longitude":121.47574,"updated_at":"2026-05-02T14:34:17+08:00"}},{"type":"Feature","geometry":{"type":"Point","coordinates":[121.46151,24.99605]},"properties":{"sno":500218190,"name":"YouBike2.0_國慶路149巷口","name_en":"YouBike2.0_Ln. 149, Guoqing Rd. Intersection","city":"新北市","city_en":"New Taipei City","area":"板橋區","area_en":"Banqiao Dist","address":"國慶路132號(前)","address_en":"No. 132, Guoqing Rd. (Front)","total_quantity":14,"available_bikes":6,"available_spots":8,"yb2_quantity":6,"eyb_quantity":0,"active":true,"latitude":24.99605,"longitude":121.46151,"updated_at":"2026-05-02T14:31:03+08:00"}},{"type":"Feature","geometry":{"type":"Point","coordinates":[121.45472,25.0269]},"properties":{"sno":500218191,"name":"YouBike2.0_中正新月二街口(青翠社區)","name_en":"YouBike2.0_Zhongzheng Rd. & Xinyue 2nd St. Intersection","city":"新北市","city_en":"New Taipei City","area":"板橋區","area_en":"Banqiao Dist","address":"中正路/新月二街口(西北側)","address_en":"Zhongzheng Rd. & Xinyue 2nd St. (Northwest)","total_quantity":40,"available_bikes":14,"available_spots":26,"yb2_quantity":14,"eyb_quantity":0,"active":true,"latitude":25.0269,"longitude":121.45472,"updated_at":"2026-05-02T14:37:02+08:00"}},{"type":"Feature","geometry":{"type":"Point","coordinates":[121.46995,25.00779]},"properties":{"sno":500218192,"name":"YouBike2.0_民族路225巷","name_en":"YouBike2.0_Ln. 225, Minzu Rd.","city":"新北市","city_en":"New Taipei City","area":"板橋區","area_en":"Banqiao Dist","address":"民族路225巷52-62號(旁)","address_en":"No. 52-62, Ln. 225, Minzu Rd. (Side)","total_quantity":13,"available_bikes":4,"available_spots":9,"yb2_quantity":3,"eyb_quantity":1,"active":true,"latitude":25.00779,"longitude":121.46995,"updated_at":"2026-05-02T14:38:04+08:00"}},{"type":"Feature","geometry":{"type":"Point","coordinates":[121.45882,25.00745]},"properties":{"sno":500218193,"name":"YouBike2.0_府中汽車停車場","name_en":"YouBike2.0_FuZhong Car Park","city":"新北市","city_en":"New Taipei City","area":"板橋區","area_en":"Banqiao Dist","address":"中山路一段1號(後方縣民大道側)","address_en":"No. 1, Sec. 1, ZhongShan Rd. (XianMin Blvd.)","total_quantity":28,"available_bikes":18,"available_spots":10,"yb2_quantity":17,"eyb_quantity":1,"active":true,"latitude":25.00745,"longitude":121.45882,"updated_at":"2026-05-02T14:31:03+08:00"}},{"type":"Feature","geometry":{"type":"Point","coordinates":[121.46417,25.00412]},"properties":{"sno":500218194,"name":"YouBike2.0_後埔國小(實踐路/重慶路155巷口)","name_en":"YouBike2.0_Houpu Elementary School (ShiJian Rd. & Ln. 155, ChongQing Rd. Intersection)","city":"新北市","city_en":"New Taipei City","area":"板橋區","area_en":"Banqiao Dist","address":"實踐路155號(對面)","address_en":"No. 155, ShiJian Rd. (Opposite)","total_quantity":24,"available_bikes":0,"available_spots":24,"yb2_quantity":0,"eyb_quantity":0,"active":true,"latitude":25.00412,"longitude":121.46417,"updated_at":"2026-05-02T14:07:17+08:00"}},{"type":"Feature","geometry":{"type":"Point","coordinates":[121.46623,25.02838]},"properties":{"sno":500218195,"name":"YouBike2.0_江翠國中活動中心地下停車場","name_en":"YouBike2.0_Jiangcui Junior High School Activity Center Car Park","city":"新北市","city_en":"New Taipei City","area":"板橋區","area_en":"Banqiao Dist","address":"光武街123巷口","address_en":"Ln. 123, GuangWu St.","total_quantity":19,"available_bikes":6,"available_spots":13,"yb2_quantity":5,"eyb_quantity":1,"active":true,"latitude":25.02838,"longitude":121.46623,"updated_at":"2026-05-02T14:26:02+08:00"}},{"type":"Feature","geometry":{"type":"Point","coordinates":[121.45799,25.01035]},"properties":{"sno":500218196,"name":"YouBike2.0_板橋國小","name_en":"YouBike2.0_Banqiao Elementary School","city":"新北市","city_en":"New Taipei City","area":"板橋區","area_en":"Banqiao Dist","address":"文化路一段23號(前)","address_en":"No. 23, Sec. 1, WenHua Rd. (Front)","total_quantity":22,"available_bikes":20,"available_spots":2,"yb2_quantity":19,"eyb_quantity":1,"active":true,"latitude":25.01035,"longitude":121.45799,"updated_at":"2026-05-02T14:36:04+08:00"}},{"type":"Feature","geometry":{"type":"Point","coordinates":[121.44925,25.00406]},"properties":{"sno":500218197,"name":"YouBike2.0_大觀路一段75巷","name_en":"YouBike2.0_Ln. 75, Sec. 1, DaGuan Rd.","city":"新北市","city_en":"New Taipei City","area":"板橋區","area_en":"Banqiao Dist","address":"大觀路一段75巷45號(對側)","address_en":"No. 45, Ln. 75, Sec. 1, DaGuan Rd. (Opposite)","total_quantity":16,"available_bikes":11,"available_spots":5,"yb2_quantity":9,"eyb_quantity":2,"active":true,"latitude":25.00406,"longitude":121.44925,"updated_at":"2026-05-02T14:39:02+08:00"}},{"type":"Feature","geometry":{"type":"Point","coordinates":[121.48186,25.03025]},"properties":{"sno":500218198,"name":"YouBike2.0_田單北街/懷德街201巷(一川社區)","name_en":"YouBike2.0_TianDan N. St. & Ln. 201, Huaide St.","city":"新北市","city_en":"New Taipei City","area":"板橋區","area_en":"Banqiao Dist","address":"田單北街61號(斜對面)","address_en":"No. 61, TianDan N. St. (Opposite)","total_quantity":40,"available_bikes":1,"available_spots":39,"yb2_quantity":1,"eyb_quantity":0,"active":true,"latitude":25.03025,"longitude":121.48186,"updated_at":"2026-05-02T13:12:16+08:00"}},{"type":"Feature","geometry":{"type":"Point","coordinates":[121.4621,25.01269]},"properties":{"sno":500218199,"name":"YouBike2.0_板橋公車站","name_en":"YouBike2.0_Banqiao Bus Sta.","city":"新北市","city_en":"New Taipei City","area":"板橋區","area_en":"Banqiao Dist","address":"縣民大道二段3號(東北側)","address_en":"No.3, Sec.2, Xianmin Blvd. (Northeast)","total_quantity":60,"available_bikes":33,"available_spots":27,"yb2_quantity":29,"eyb_quantity":4,"active":true,"latitude":25.01269,"longitude":121.4621,"updated_at":"2026-05-02T14:35:03+08:00"}},{"type":"Feature","geometry":{"type":"Point","coordinates":[121.47166,25.01862]},"properties":{"sno":500218200,"name":"YouBike2.0_民生縣民大道口(東南側)","name_en":"YouBike2.0_MinSheng Rd. & XianMin Blvd. Intersection","city":"新北市","city_en":"New Taipei City","area":"板橋區","area_en":"Banqiao Dist","address":"民生路二段/永豐街55巷口","address_en":"Sec. 2, MinSheng Rd. & Ln. 55, YongFeng St.","total_quantity":22,"available_bikes":4,"available_spots":18,"yb2_quantity":4,"eyb_quantity":0,"active":true,"latitude":25.01862,"longitude":121.47166,"updated_at":"2026-05-02T14:39:02+08:00"}},{"type":"Feature","geometry":{"type":"Point","coordinates":[121.46996,25.02151]},"properties":{"sno":500218201,"name":"YouBike2.0_民生路二段226巷8弄","name_en":"YouBike2.0_Aly. 8, Ln. 226, Sec. 2, MinSheng Rd.","city":"新北市","city_en":"New Taipei City","area":"板橋區","area_en":"Banqiao Dist","address":"民生路二段226巷8弄10號(旁)","address_en":"No. 10, Aly. 8, Ln. 226, Sec. 2, MinSheng Rd. (Side)","total_quantity":21,"available_bikes":6,"available_spots":15,"yb2_quantity":6,"eyb_quantity":0,"active":true,"latitude":25.02151,"longitude":121.46996,"updated_at":"2026-05-02T13:53:03+08:00"}},{"type":"Feature","geometry":{"type":"Point","coordinates":[121.45258,24.99821]},"properties":{"sno":500218202,"name":"YouBike2.0_捷運亞東醫院站(3號出口)","name_en":"YouBike2.0_MRT Far Eastern Hospital Sta.(Exit.3)","city":"新北市","city_en":"New Taipei City","area":"板橋區","area_en":"Banqiao Dist","address":"南雅南路二段21號前人行道","address_en":"No. 21, Sec. 2, NanYa S. Rd. (Front)","total_quantity":56,"available_bikes":44,"available_spots":12,"yb2_quantity":39,"eyb_quantity":5,"active":true,"latitude":24.99821,"longitude":121.45258,"updated_at":"2026-05-02T14:27:03+08:00"}},{"type":"Feature","geometry":{"type":"Point","coordinates":[121.48399,25.01902]},"properties":{"sno":500218203,"name":"YouBike2.0_光復街/中山路二段412巷口","name_en":"YouBike2.0_GuangFu St. & Ln. 412, Sec. 2, ZhongShan Rd. Intersection","city":"新北市","city_en":"New Taipei City","area":"板橋區","area_en":"Banqiao Dist","address":"光復街101號(南側)","address_en":"No. 101, GuangFu St. (South)","total_quantity":15,"available_bikes":0,"available_spots":15,"yb2_quantity":0,"eyb_quantity":0,"active":true,"latitude":25.01902,"longitude":121.48399,"updated_at":"2026-05-02T13:59:17+08:00"}},{"type":"Feature","geometry":{"type":"Point","coordinates":[121.48005,25.03223]},"properties":{"sno":500218204,"name":"YouBike2.0_民治街81巷","name_en":"YouBike2.0_Ln. 81, MinZhi St.","city":"新北市","city_en":"New Taipei City","area":"板橋區","area_en":"Banqiao Dist","address":"民治街81巷7號(南側)","address_en":"No. 7, Ln. 81, MinZhi St. (South)","total_quantity":16,"available_bikes":0,"available_spots":16,"yb2_quantity":0,"eyb_quantity":0,"active":true,"latitude":25.03223,"longitude":121.48005,"updated_at":"2026-05-02T14:09:17+08:00"}},{"type":"Feature","geometry":{"type":"Point","coordinates":[121.47621,25.02833]},"properties":{"sno":500218205,"name":"YouBike2.0_松柏街50巷90弄口","name_en":"YouBike2.0_Aly. 90, Ln. 50, SongBo St. Intersection","city":"新北市","city_en":"New Taipei City","area":"板橋區","area_en":"Banqiao Dist","address":"雙十路二段46巷21號(對側)","address_en":"No. 21, Ln. 46, Sec. 2, ShuangShi Rd. (Opposite)","total_quantity":12,"available_bikes":1,"available_spots":11,"yb2_quantity":0,"eyb_quantity":1,"active":true,"latitude":25.02833,"longitude":121.47621,"updated_at":"2026-05-02T14:39:02+08:00"}},{"type":"Feature","geometry":{"type":"Point","coordinates":[121.48402,25.02263]},"properties":{"sno":500218206,"name":"YouBike2.0_中山路二段565巷","name_en":"YouBike2.0_Ln. 565, Sec. 2, ZhongShan Rd.","city":"新北市","city_en":"New Taipei City","area":"板橋區","area_en":"Banqiao Dist","address":"中山路二段565巷29號(對面)","address_en":"No. 29, Ln. 565, Sec. 2, ZhongShan Rd. (Opposite)","total_quantity":15,"available_bikes":6,"available_spots":8,"yb2_quantity":6,"eyb_quantity":0,"active":true,"latitude":25.02263,"longitude":121.48402,"updated_at":"2026-05-02T14:39:02+08:00"}},{"type":"Feature","geometry":{"type":"Point","coordinates":[121.46271,25.02025]},"properties":{"sno":500218209,"name":"YouBike2.0_致理科技大學","name_en":"YouBike2.0_Chihlee University of Technology","city":"新北市","city_en":"New Taipei City","area":"板橋區","area_en":"Banqiao Dist","address":"漢生西路115號(東側)","address_en":"No. 115, HanSheng W. Rd. (East)","total_quantity":31,"available_bikes":8,"available_spots":23,"yb2_quantity":7,"eyb_quantity":1,"active":true,"latitude":25.02025,"longitude":121.46271,"updated_at":"2026-05-02T14:37:02+08:00"}},{"type":"Feature","geometry":{"type":"Point","coordinates":[121.47338,25.02734]},"properties":{"sno":500218210,"name":"YouBike2.0_莊敬路25巷口","name_en":"YouBike2.0_Ln. 25, ZhuangJing Rd. Intersection","city":"新北市","city_en":"New Taipei City","area":"板橋區","area_en":"Banqiao Dist","address":"莊敬路25巷(南側路口)","address_en":"Ln. 25, ZhuangJing Rd. Intersection (South)","total_quantity":23,"available_bikes":7,"available_spots":16,"yb2_quantity":5,"eyb_quantity":2,"active":true,"latitude":25.02734,"longitude":121.47338,"updated_at":"2026-05-02T14:39:02+08:00"}},{"type":"Feature","geometry":{"type":"Point","coordinates":[121.47291,25.03046]},"properties":{"sno":500218211,"name":"YouBike2.0_捷運江子翠站(5號出口)","name_en":"YouBike2.0_MRT Jiangzicui Sta.(Exit 5)","city":"新北市","city_en":"New Taipei City","area":"板橋區","area_en":"Banqiao Dist","address":"文化路二段340號","address_en":"No. 340, Sec. 2, WenHua Rd.","total_quantity":31,"available_bikes":23,"available_spots":8,"yb2_quantity":21,"eyb_quantity":2,"active":true,"latitude":25.03046,"longitude":121.47291,"updated_at":"2026-05-02T14:39:02+08:00"}},{"type":"Feature","geometry":{"type":"Point","coordinates":[121.44602,24.99536]},"properties":{"sno":500218212,"name":"YouBike2.0_浮洲合宜住宅(合宜一合宜路口)","name_en":"YouBike2.0_Fuzhou Appropriate House (HeYi 1st Rd. & HeYi Rd.)","city":"新北市","city_en":"New Taipei City","area":"板橋區","area_en":"Banqiao Dist","address":"合宜一路/合宜路(東側及西南側)","address_en":"HeYi 1st Rd. & HeYi Rd. (East & Southwest)","total_quantity":22,"available_bikes":1,"available_spots":21,"yb2_quantity":1,"eyb_quantity":0,"active":true,"latitude":24.99536,"longitude":121.44602,"updated_at":"2026-05-02T14:09:04+08:00"}},{"type":"Feature","geometry":{"type":"Point","coordinates":[121.46216,24.99537]},"properties":{"sno":500218213,"name":"YouBike2.0_重慶國小(和平路101巷)","name_en":"YouBike2.0_Chongqing Elementary School (Ln. 101, HePing Rd.)","city":"新北市","city_en":"New Taipei City","area":"板橋區","area_en":"Banqiao Dist","address":"和平路101巷23號(對側)","address_en":"No. 23, Ln. 101, HePing Rd. (Opposite)","total_quantity":21,"available_bikes":3,"available_spots":17,"yb2_quantity":3,"eyb_quantity":0,"active":true,"latitude":24.99537,"longitude":121.46216,"updated_at":"2026-05-02T14:20:04+08:00"}},{"type":"Feature","geometry":{"type":"Point","coordinates":[121.48102,25.02051]},"properties":{"sno":500218215,"name":"YouBike2.0_中山路二段443巷口","name_en":"YouBike2.0_Ln. 443, Sec. 2, ZhongShan Rd. Intersection","city":"新北市","city_en":"New Taipei City","area":"板橋區","area_en":"Banqiao Dist","address":"中山路二段443巷12號(對側)","address_en":"No. 12, Ln. 443, Sec. 2, ZhongShan Rd. (Opposite)","total_quantity":23,"available_bikes":1,"available_spots":22,"yb2_quantity":1,"eyb_quantity":0,"active":true,"latitude":25.02051,"longitude":121.48102,"updated_at":"2026-05-02T14:37:17+08:00"}},{"type":"Feature","geometry":{"type":"Point","coordinates":[121.46868,25.02247]},"properties":{"sno":500218216,"name":"YouBike2.0_捷運新埔站(3號出口)","name_en":"YouBike2.0_MRT Xinpu Sta.(Exit.3)","city":"新北市","city_en":"New Taipei City","area":"板橋區","area_en":"Banqiao Dist","address":"民生路二段232號","address_en":"No. 232, Sec. 2, MinSheng Rd.","total_quantity":20,"available_bikes":14,"available_spots":6,"yb2_quantity":14,"eyb_quantity":0,"active":true,"latitude":25.02247,"longitude":121.46868,"updated_at":"2026-05-02T14:39:02+08:00"}},{"type":"Feature","geometry":{"type":"Point","coordinates":[121.45318,24.99837]},"properties":{"sno":500218217,"name":"YouBike2.0_亞東醫院","name_en":"YouBike2.0_Far Eastern Memorial Hospital","city":"新北市","city_en":"New Taipei City","area":"板橋區","area_en":"Banqiao Dist","address":"南雅南路二段21號(北側)","address_en":"No. 21, Sec. 2, NanYa S. Rd. (North)","total_quantity":61,"available_bikes":59,"available_spots":2,"yb2_quantity":59,"eyb_quantity":0,"active":true,"latitude":24.99837,"longitude":121.45318,"updated_at":"2026-05-02T14:35:03+08:00"}},{"type":"Feature","geometry":{"type":"Point","coordinates":[121.45643,24.99952]},"properties":{"sno":500218218,"name":"YouBike2.0_生態北公園","name_en":"YouBike2.0_Tpark (South of the Central Park)","city":"新北市","city_en":"New Taipei City","area":"板橋區","area_en":"Banqiao Dist","address":"遠東路8號(西側)","address_en":"No. 8, YuanDong Rd.","total_quantity":18,"available_bikes":16,"available_spots":2,"yb2_quantity":15,"eyb_quantity":1,"active":true,"latitude":24.99952,"longitude":121.45643,"updated_at":"2026-05-02T14:39:02+08:00"}},{"type":"Feature","geometry":{"type":"Point","coordinates":[121.45504,24.99602]},"properties":{"sno":500218219,"name":"YouBike2.0_生態南公園","name_en":"YouBike2.0_Tpark (North of the Central Park)","city":"新北市","city_en":"New Taipei City","area":"板橋區","area_en":"Banqiao Dist","address":"高爾富路/四川路(北側)","address_en":"GaoErfu Rd. & Sec. 2, SiChuan Rd. (North)","total_quantity":18,"available_bikes":3,"available_spots":15,"yb2_quantity":2,"eyb_quantity":1,"active":true,"latitude":24.99602,"longitude":121.45504,"updated_at":"2026-05-02T14:28:04+08:00"}},{"type":"Feature","geometry":{"type":"Point","coordinates":[121.44863,25.00382]},"properties":{"sno":500218220,"name":"YouBike2.0_大觀路二段1巷","name_en":"YouBike2.0_Ln. 1, Sec. 2, DaGuan Rd.","city":"新北市","city_en":"New Taipei City","area":"板橋區","area_en":"Banqiao Dist","address":"大觀路二段1巷8號(對側)","address_en":"No. 8, Ln. 1, Sec. 2, DaGuan Rd. (Opposite)","total_quantity":24,"available_bikes":3,"available_spots":21,"yb2_quantity":3,"eyb_quantity":0,"active":true,"latitude":25.00382,"longitude":121.44863,"updated_at":"2026-05-02T14:11:03+08:00"}},{"type":"Feature","geometry":{"type":"Point","coordinates":[121.45268,25.0224]},"properties":{"sno":500218221,"name":"YouBike2.0_藝文一永翠路口","name_en":"YouBike2.0_YiWen 1st St. & YongCui Rd. Intersection","city":"新北市","city_en":"New Taipei City","area":"板橋區","area_en":"Banqiao Dist","address":"藝文一街/永翠路口(東北側)","address_en":"YiWen 1st St. & YongCui Rd. (Northeast)","total_quantity":54,"available_bikes":4,"available_spots":50,"yb2_quantity":4,"eyb_quantity":0,"active":true,"latitude":25.0224,"longitude":121.45268,"updated_at":"2026-05-02T14:06:03+08:00"}},{"type":"Feature","geometry":{"type":"Point","coordinates":[121.45325,25.00392]},"properties":{"sno":500218222,"name":"YouBike2.0_縣民板城路口","name_en":"YouBike2.0_XianMin Blvd. & BanCheng Rd. Intersection","city":"新北市","city_en":"New Taipei City","area":"板橋區","area_en":"Banqiao Dist","address":"縣民大道一段1號","address_en":"No. 1, Sec. 1, XianMin Blvd.","total_quantity":40,"available_bikes":8,"available_spots":32,"yb2_quantity":8,"eyb_quantity":0,"active":true,"latitude":25.00392,"longitude":121.45325,"updated_at":"2026-05-02T14:37:02+08:00"}},{"type":"Feature","geometry":{"type":"Point","coordinates":[121.4597,25.01975]},"properties":{"sno":500218224,"name":"YouBike2.0_港德攤集區(中正路236巷)","name_en":"YouBike2.0_Ln. 236, ZhongZheng Rd.","city":"新北市","city_en":"New Taipei City","area":"板橋區","area_en":"Banqiao Dist","address":"中正路236巷120號","address_en":"No. 120, Ln. 236, ZhongZheng Rd.","total_quantity":20,"available_bikes":2,"available_spots":17,"yb2_quantity":2,"eyb_quantity":0,"active":true,"latitude":25.01975,"longitude":121.4597,"updated_at":"2026-05-02T14:35:03+08:00"}},{"type":"Feature","geometry":{"type":"Point","coordinates":[121.44676,25.0189]},"properties":{"sno":500218225,"name":"YouBike2.0_華中公園","name_en":"YouBike2.0_Huazhong Park","city":"新北市","city_en":"New Taipei City","area":"板橋區","area_en":"Banqiao Dist","address":"僑中一街124巷62-21號北側","address_en":"No. 62-21, Ln. 124, QiaoZhong 1st St. (North)","total_quantity":15,"available_bikes":4,"available_spots":10,"yb2_quantity":4,"eyb_quantity":0,"active":true,"latitude":25.0189,"longitude":121.44676,"updated_at":"2026-05-02T14:31:03+08:00"}},{"type":"Feature","geometry":{"type":"Point","coordinates":[121.47038,25.01182]},"properties":{"sno":500218227,"name":"YouBike2.0_板橋戶政事務所海山辦事處","name_en":"YouBike2.0_Haisan Office of Banqiao District Household Begistration Office","city":"新北市","city_en":"New Taipei City","area":"板橋區","area_en":"Banqiao Dist","address":"漢生東路193巷7號(對側)","address_en":"No. 7, Ln. 193, HanSheng E. Rd. (Opposite)","total_quantity":50,"available_bikes":2,"available_spots":48,"yb2_quantity":1,"eyb_quantity":1,"active":true,"latitude":25.01182,"longitude":121.47038,"updated_at":"2026-05-02T14:31:03+08:00"}},{"type":"Feature","geometry":{"type":"Point","coordinates":[121.45825,24.9953]},"properties":{"sno":500218228,"name":"YouBike2.0_中華電信板橋雲端資料中心","name_en":"YouBike2.0_CHT Taipei IDC","city":"新北市","city_en":"New Taipei City","area":"板橋區","area_en":"Banqiao Dist","address":"國慶路8號","address_en":"No. 8, GuoQing Rd.","total_quantity":45,"available_bikes":6,"available_spots":39,"yb2_quantity":6,"eyb_quantity":0,"active":true,"latitude":24.9953,"longitude":121.45825,"updated_at":"2026-05-02T14:33:03+08:00"}},{"type":"Feature","geometry":{"type":"Point","coordinates":[121.43498,25.062]},"properties":{"sno":500220001,"name":"YouBike2.0_楓樹腳公園","name_en":"YouBike2.0_Fengshujiao Park","city":"新北市","city_en":"New Taipei City","area":"泰山區","area_en":"Taishan Dist","address":"楓江路26巷26號前人行道","address_en":"No.26, Ln. 26, Fengjiang Rd.","total_quantity":20,"available_bikes":10,"available_spots":10,"yb2_quantity":10,"eyb_quantity":0,"active":true,"latitude":25.062,"longitude":121.43498,"updated_at":"2026-05-02T14:36:04+08:00"}},{"type":"Feature","geometry":{"type":"Point","coordinates":[121.43427,25.05582]},"properties":{"sno":500220002,"name":"YouBike2.0_新五泰國民運動中心","name_en":"YouBike2.0_Xinwutai Civil Sports Center","city":"新北市","city_en":"New Taipei City","area":"泰山區","area_en":"Taishan Dist","address":"全興路214號對面","address_en":"No. 214, Quanxing Rd.(Opposite)","total_quantity":28,"available_bikes":2,"available_spots":26,"yb2_quantity":2,"eyb_quantity":0,"active":true,"latitude":25.05582,"longitude":121.43427,"updated_at":"2026-05-02T14:35:03+08:00"}},{"type":"Feature","geometry":{"type":"Point","coordinates":[121.43167,25.05176]},"properties":{"sno":500220003,"name":"YouBike2.0_義學國小","name_en":"YouBike2.0_Yixue Elementary School","city":"新北市","city_en":"New Taipei City","area":"泰山區","area_en":"Taishan Dist","address":"民生路33號對面人行道","address_en":"No.33, Minsheng Rd. (opposite)","total_quantity":25,"available_bikes":7,"available_spots":18,"yb2_quantity":7,"eyb_quantity":0,"active":true,"latitude":25.05176,"longitude":121.43167,"updated_at":"2026-05-02T14:32:02+08:00"}},{"type":"Feature","geometry":{"type":"Point","coordinates":[121.43119,25.06252]},"properties":{"sno":500220004,"name":"YouBike2.0_泰山國小","name_en":"YouBike2.0_Taishan Elementary School","city":"新北市","city_en":"New Taipei City","area":"泰山區","area_en":"Taishan Dist","address":"泰林路2段257號旁人行道","address_en":"No.257, Sec. 2, Tailin Rd.","total_quantity":20,"available_bikes":3,"available_spots":17,"yb2_quantity":3,"eyb_quantity":0,"active":true,"latitude":25.06252,"longitude":121.43119,"updated_at":"2026-05-02T14:30:03+08:00"}},{"type":"Feature","geometry":{"type":"Point","coordinates":[121.432,25.0552]},"properties":{"sno":500220005,"name":"YouBike2.0_同興公園","name_en":"YouBike2.0_Tongxing Park","city":"新北市","city_en":"New Taipei City","area":"泰山區","area_en":"Taishan Dist","address":"仁義路15號對面","address_en":"No.15, Renyi Rd. (opposite)","total_quantity":26,"available_bikes":3,"available_spots":23,"yb2_quantity":3,"eyb_quantity":0,"active":true,"latitude":25.0552,"longitude":121.432,"updated_at":"2026-05-02T14:37:02+08:00"}},{"type":"Feature","geometry":{"type":"Point","coordinates":[121.422,25.035]},"properties":{"sno":500220006,"name":"YouBike2.0_貴和市民活動中心","name_en":"YouBike2.0_Guihe Civil Activity Center","city":"新北市","city_en":"New Taipei City","area":"泰山區","area_en":"Taishan Dist","address":"明志路三段353號旁公園","address_en":"No.353, Sec. 3, Mingzhi Rd.","total_quantity":20,"available_bikes":5,"available_spots":15,"yb2_quantity":4,"eyb_quantity":1,"active":true,"latitude":25.035,"longitude":121.422,"updated_at":"2026-05-02T14:39:02+08:00"}},{"type":"Feature","geometry":{"type":"Point","coordinates":[121.44,25.0531]},"properties":{"sno":500220007,"name":"YouBike2.0_捷運泰山站","name_en":"YouBike2.0_MRT Taishan Sta.","city":"新北市","city_en":"New Taipei City","area":"泰山區","area_en":"Taishan Dist","address":"新北大道四段389號(捷運泰山站內廣場)","address_en":"No.389, Sec. 4, New Taipei Blvd., Taishan Dist.","total_quantity":37,"available_bikes":17,"available_spots":20,"yb2_quantity":17,"eyb_quantity":0,"active":true,"latitude":25.0531,"longitude":121.44,"updated_at":"2026-05-02T14:11:03+08:00"}},{"type":"Feature","geometry":{"type":"Point","coordinates":[121.426,25.0641]},"properties":{"sno":500220008,"name":"YouBike2.0_台北花園廣場社區","name_en":"YouBike2.0_Taipei Garden Community","city":"新北市","city_en":"New Taipei City","area":"泰山區","area_en":"Taishan Dist","address":"泰林路二段454號(旁)","address_en":"No. 454, Sec. 2, Tailin Rd., Taishan Dist.","total_quantity":20,"available_bikes":12,"available_spots":8,"yb2_quantity":12,"eyb_quantity":0,"active":true,"latitude":25.0641,"longitude":121.426,"updated_at":"2026-05-02T14:39:02+08:00"}},{"type":"Feature","geometry":{"type":"Point","coordinates":[121.42886,25.058]},"properties":{"sno":500220009,"name":"YouBike2.0_泰山高中","name_en":"YouBike2.0_Taishan Senior High School","city":"新北市","city_en":"New Taipei City","area":"泰山區","area_en":"Taishan Dist","address":"辭修路32號(對面)","address_en":"No. 32, Cixiu Rd.(Front)","total_quantity":20,"available_bikes":1,"available_spots":19,"yb2_quantity":0,"eyb_quantity":1,"active":true,"latitude":25.058,"longitude":121.42886,"updated_at":"2026-05-02T14:05:04+08:00"}},{"type":"Feature","geometry":{"type":"Point","coordinates":[121.42767,25.05048]},"properties":{"sno":500220010,"name":"YouBike2.0_義仁市民活動中心","name_en":"YouBike2.0_Yiren civil activity center","city":"新北市","city_en":"New Taipei City","area":"泰山區","area_en":"Taishan Dist","address":"明志路二段177號","address_en":"No.177, Sec. 2, Mingzhi Rd.","total_quantity":20,"available_bikes":5,"available_spots":15,"yb2_quantity":5,"eyb_quantity":0,"active":true,"latitude":25.05048,"longitude":121.42767,"updated_at":"2026-05-02T14:39:02+08:00"}},{"type":"Feature","geometry":{"type":"Point","coordinates":[121.42222,25.03319]},"properties":{"sno":500220011,"name":"YouBike2.0_捷運泰山貴和站","name_en":"YouBike2.0_MRT Taishan Guihe Sta.","city":"新北市","city_en":"New Taipei City","area":"泰山區","area_en":"Taishan Dist","address":"新北大道六段462號(對面)","address_en":"No. 84, Sec. 6, New Taipei Blvd.(Opposite)","total_quantity":45,"available_bikes":16,"available_spots":29,"yb2_quantity":15,"eyb_quantity":1,"active":true,"latitude":25.03319,"longitude":121.42222,"updated_at":"2026-05-02T14:38:04+08:00"}},{"type":"Feature","geometry":{"type":"Point","coordinates":[121.42255,25.04043]},"properties":{"sno":500220012,"name":"YouBike2.0_明志科技大學","name_en":"YouBike2.0_Ming Chi University Of Technology","city":"新北市","city_en":"New Taipei City","area":"泰山區","area_en":"Taishan Dist","address":"工專路84號(對面)","address_en":"No.84, Gongzhuan Rd.(Opposite)","total_quantity":45,"available_bikes":19,"available_spots":25,"yb2_quantity":19,"eyb_quantity":0,"active":true,"latitude":25.04043,"longitude":121.42255,"updated_at":"2026-05-02T14:09:03+08:00"}},{"type":"Feature","geometry":{"type":"Point","coordinates":[121.42627,25.04573]},"properties":{"sno":500220013,"name":"YouBike2.0_明志國小","name_en":"YouBike2.0_Mingzhi Elementary School","city":"新北市","city_en":"New Taipei City","area":"泰山區","area_en":"Taishan Dist","address":"明志路二段340號(對面)","address_en":"No.340, Sec. 2, Mingzhi Rd. (opposite)","total_quantity":40,"available_bikes":18,"available_spots":22,"yb2_quantity":18,"eyb_quantity":0,"active":true,"latitude":25.04573,"longitude":121.42627,"updated_at":"2026-05-02T14:39:02+08:00"}},{"type":"Feature","geometry":{"type":"Point","coordinates":[121.43938,25.04633]},"properties":{"sno":500220014,"name":"YouBike2.0_莊泰坡雅路口(沐光社區)","name_en":"YouBike2.0_Zhuangtai Piya Rd. Intersection","city":"新北市","city_en":"New Taipei City","area":"泰山區","area_en":"Taishan Dist","address":"信華五街旁","address_en":"Huaxin 5th St.","total_quantity":40,"available_bikes":10,"available_spots":30,"yb2_quantity":10,"eyb_quantity":0,"active":true,"latitude":25.04633,"longitude":121.43938,"updated_at":"2026-05-02T14:33:03+08:00"}},{"type":"Feature","geometry":{"type":"Point","coordinates":[121.43909,25.05313]},"properties":{"sno":500220015,"name":"YouBike2.0_捷運泰山站(4號出口)","name_en":"YouBike2.0_MRT Taishan Sta.(Exit 4)","city":"新北市","city_en":"New Taipei City","area":"泰山區","area_en":"Taishan Dist","address":"新北大道四段與泰林路二段口(東北側)","address_en":"Sec. 4, New Taipei Blvd. & Sec. 2, Tailin Rd. Intersection(Northeast)","total_quantity":26,"available_bikes":13,"available_spots":10,"yb2_quantity":13,"eyb_quantity":0,"active":true,"latitude":25.05313,"longitude":121.43909,"updated_at":"2026-05-02T14:29:02+08:00"}},{"type":"Feature","geometry":{"type":"Point","coordinates":[121.42108,25.03124]},"properties":{"sno":500220016,"name":"YouBike2.0_明志貴鳳街口","name_en":"YouBike2.0_Mingzhi Guifeng St. Intersection","city":"新北市","city_en":"New Taipei City","area":"泰山區","area_en":"Taishan Dist","address":"明志路三段510號(對面)","address_en":"No. 510, Sec. 3, Mingzhi Rd.(Opposite)","total_quantity":17,"available_bikes":3,"available_spots":14,"yb2_quantity":3,"eyb_quantity":0,"active":true,"latitude":25.03124,"longitude":121.42108,"updated_at":"2026-05-02T14:34:03+08:00"}},{"type":"Feature","geometry":{"type":"Point","coordinates":[121.43169,25.06712]},"properties":{"sno":500220017,"name":"YouBike2.0_台貿三村停車場","name_en":"YouBike2.0_Taimao 3th Village Parking Lot","city":"新北市","city_en":"New Taipei City","area":"泰山區","area_en":"Taishan Dist","address":"半山雅2號(對面公園)","address_en":"No. 2, Banshanya. (Opposite)","total_quantity":15,"available_bikes":7,"available_spots":7,"yb2_quantity":7,"eyb_quantity":0,"active":true,"latitude":25.06712,"longitude":121.43169,"updated_at":"2026-05-02T14:29:02+08:00"}},{"type":"Feature","geometry":{"type":"Point","coordinates":[121.42904,25.06515]},"properties":{"sno":500220018,"name":"YouBike2.0_山腳停車場","name_en":"YouBike2.0_Shanjiao Parking Lot","city":"新北市","city_en":"New Taipei City","area":"泰山區","area_en":"Taishan Dist","address":"憲訓路/美寧街27巷(西側)","address_en":"Xianxun Rd. & Ln. 27, Meining St. (West)","total_quantity":15,"available_bikes":3,"available_spots":12,"yb2_quantity":3,"eyb_quantity":0,"active":true,"latitude":25.06515,"longitude":121.42904,"updated_at":"2026-05-02T14:31:03+08:00"}},{"type":"Feature","geometry":{"type":"Point","coordinates":[121.42591,25.04137]},"properties":{"sno":500220019,"name":"YouBike2.0_貴子路36巷3弄口","name_en":"YouBike2.0_Aly. 3, Ln. 36, Guizi Rd. Intersection","city":"新北市","city_en":"New Taipei City","area":"泰山區","area_en":"Taishan Dist","address":"貴子路36巷3弄口","address_en":"Aly. 3, Ln. 36, Guizi Rd. Intersection","total_quantity":12,"available_bikes":1,"available_spots":11,"yb2_quantity":1,"eyb_quantity":0,"active":true,"latitude":25.04137,"longitude":121.42591,"updated_at":"2026-05-02T14:36:04+08:00"}},{"type":"Feature","geometry":{"type":"Point","coordinates":[121.42845,25.04512]},"properties":{"sno":500220020,"name":"YouBike2.0_文中一平面停車場","name_en":"YouBike2.0_Wenzhong 1st Parking Lot","city":"新北市","city_en":"New Taipei City","area":"泰山區","area_en":"Taishan Dist","address":"新生路35-2號(旁)","address_en":"No. 35-2, Xinsheng Rd. (Side)","total_quantity":20,"available_bikes":5,"available_spots":15,"yb2_quantity":5,"eyb_quantity":0,"active":true,"latitude":25.04512,"longitude":121.42845,"updated_at":"2026-05-02T12:46:02+08:00"}},{"type":"Feature","geometry":{"type":"Point","coordinates":[121.43911,25.05025]},"properties":{"sno":500220021,"name":"YouBike2.0_莊泰義東街口(新潤A5社區)","name_en":"YouBike2.0_Zhuangtai Rd. & Yidong St. Intersection","city":"新北市","city_en":"New Taipei City","area":"泰山區","area_en":"Taishan Dist","address":"莊泰路/義東街口(西北側)","address_en":"Zhuangtai Rd. & Yidong St. (Northwest)","total_quantity":40,"available_bikes":17,"available_spots":23,"yb2_quantity":17,"eyb_quantity":0,"active":true,"latitude":25.05025,"longitude":121.43911,"updated_at":"2026-05-02T13:50:04+08:00"}},{"type":"Feature","geometry":{"type":"Point","coordinates":[121.43981,25.04303]},"properties":{"sno":500220022,"name":"YouBike2.0_莊田信華三街口(潤見築社區)","name_en":"YouBike2.0_Zhuangtian Rd. & Xinhua 3rd St. Intersection","city":"新北市","city_en":"New Taipei City","area":"泰山區","area_en":"Taishan Dist","address":"信華三街61號(南側)","address_en":"No. 61, Xinhua 3rd St. (South)","total_quantity":40,"available_bikes":6,"available_spots":34,"yb2_quantity":6,"eyb_quantity":0,"active":true,"latitude":25.04303,"longitude":121.43981,"updated_at":"2026-05-02T14:23:03+08:00"}},{"type":"Feature","geometry":{"type":"Point","coordinates":[121.43671,25.04934]},"properties":{"sno":500220023,"name":"YouBike2.0_新北大道幸福路口(大道鎏域社區)","name_en":"YouBike2.0_New Taipei Blvd. & XingFu Rd. Intersection","city":"新北市","city_en":"New Taipei City","area":"泰山區","area_en":"Taishan Dist","address":"新北大道五段/幸福路口","address_en":"Sec. 5, New Taipei Blvd. & XingFu Rd. Intersection","total_quantity":40,"available_bikes":5,"available_spots":35,"yb2_quantity":5,"eyb_quantity":0,"active":true,"latitude":25.04934,"longitude":121.43671,"updated_at":"2026-05-02T12:00:04+08:00"}},{"type":"Feature","geometry":{"type":"Point","coordinates":[121.42464,25.03829]},"properties":{"sno":500220024,"name":"YouBike2.0_台麗街13巷","name_en":"YouBike2.0_Ln. 13, TaiLi St.","city":"新北市","city_en":"New Taipei City","area":"泰山區","area_en":"Taishan Dist","address":"台麗街13巷3號(對側)","address_en":"No. 3, Ln. 13, TaiLi St. (Opposite)","total_quantity":22,"available_bikes":9,"available_spots":13,"yb2_quantity":9,"eyb_quantity":0,"active":true,"latitude":25.03829,"longitude":121.42464,"updated_at":"2026-05-02T14:30:03+08:00"}},{"type":"Feature","geometry":{"type":"Point","coordinates":[121.42766,25.05513]},"properties":{"sno":500220025,"name":"YouBike2.0_泰山體育館","name_en":"YouBike2.0_Taishan Gymnasium","city":"新北市","city_en":"New Taipei City","area":"泰山區","area_en":"Taishan Dist","address":"公園路54號","address_en":"No. 54, GongYuan Rd.","total_quantity":15,"available_bikes":2,"available_spots":13,"yb2_quantity":2,"eyb_quantity":0,"active":true,"latitude":25.05513,"longitude":121.42766,"updated_at":"2026-05-02T14:09:03+08:00"}},{"type":"Feature","geometry":{"type":"Point","coordinates":[121.55168,24.86493]},"properties":{"sno":500221001,"name":"YouBike2.0_烏來老街","name_en":"YouBike2.0_WuLai Old Street","city":"新北市","city_en":"New Taipei City","area":"烏來區","area_en":"Wulai Dist","address":"烏來街45-1號(西側)","address_en":"No. 45-1, WuLai St. (West)","total_quantity":28,"available_bikes":7,"available_spots":21,"yb2_quantity":7,"eyb_quantity":0,"active":true,"latitude":24.86493,"longitude":121.55168,"updated_at":"2026-05-02T09:21:03+08:00"}},{"type":"Feature","geometry":{"type":"Point","coordinates":[121.55139,24.86652]},"properties":{"sno":500221002,"name":"YouBike2.0_烏來公車總站","name_en":"YouBike2.0_Wulai Bus Station","city":"新北市","city_en":"New Taipei City","area":"烏來區","area_en":"Wulai Dist","address":"烏來街47號(北側)","address_en":"No. 47, WuLai St. (North)","total_quantity":15,"available_bikes":7,"available_spots":8,"yb2_quantity":7,"eyb_quantity":0,"active":true,"latitude":24.86652,"longitude":121.55139,"updated_at":"2026-05-02T13:13:03+08:00"}},{"type":"Feature","geometry":{"type":"Point","coordinates":[121.92559,25.05349]},"properties":{"sno":500222001,"name":"YouBike2.0_澳底公園","name_en":"YouBike2.0_AoDi Park","city":"新北市","city_en":"New Taipei City","area":"貢寮區","area_en":"Gongliao Dist","address":"仁愛路/仁愛路62巷(北側)","address_en":"Ln. 62, Ren'ai Rd. Intersection (North)","total_quantity":20,"available_bikes":6,"available_spots":14,"yb2_quantity":5,"eyb_quantity":1,"active":true,"latitude":25.05349,"longitude":121.92559,"updated_at":"2026-05-02T14:32:02+08:00"}},{"type":"Feature","geometry":{"type":"Point","coordinates":[121.93129,25.02706]},"properties":{"sno":500222002,"name":"YouBike2.0_龍門運動公園","name_en":"YouBike2.0_LongMen Sports Park","city":"新北市","city_en":"New Taipei City","area":"貢寮區","area_en":"Gongliao Dist","address":"龍門街74-1號(後方停車場)","address_en":"No. 74-1, LongMen St.","total_quantity":20,"available_bikes":8,"available_spots":12,"yb2_quantity":6,"eyb_quantity":2,"active":true,"latitude":25.02706,"longitude":121.93129,"updated_at":"2026-05-02T14:32:02+08:00"}},{"type":"Feature","geometry":{"type":"Point","coordinates":[121.90614,25.02088]},"properties":{"sno":500222003,"name":"YouBike2.0_貢寮區公所","name_en":"YouBike2.0_Gongliao District Office","city":"新北市","city_en":"New Taipei City","area":"貢寮區","area_en":"Gongliao Dist","address":"長泰路20號","address_en":"No. 20, ChangTai Rd.","total_quantity":20,"available_bikes":5,"available_spots":15,"yb2_quantity":0,"eyb_quantity":5,"active":true,"latitude":25.02088,"longitude":121.90614,"updated_at":"2026-05-02T14:35:03+08:00"}},{"type":"Feature","geometry":{"type":"Point","coordinates":[121.43945,25.18928]},"properties":{"sno":500223001,"name":"YouBike2.0_濱海路一段111巷口(西側)","name_en":"YouBike2.0_Ln. 111, Sec. 1, BinHai Rd. (West)","city":"新北市","city_en":"New Taipei City","area":"淡水區","area_en":"Tamsui Dist","address":"濱海路一段133號(前)","address_en":"Ln. 111, Sec. 1, BinHai Rd. (West)","total_quantity":29,"available_bikes":5,"available_spots":24,"yb2_quantity":4,"eyb_quantity":1,"active":true,"latitude":25.18928,"longitude":121.43945,"updated_at":"2026-05-02T14:35:03+08:00"}},{"type":"Feature","geometry":{"type":"Point","coordinates":[121.43106,25.19039]},"properties":{"sno":500223002,"name":"YouBike2.0_輕軌濱海沙崙站","name_en":"YouBike2.0_LRT Binhai Shalun Sta.","city":"新北市","city_en":"New Taipei City","area":"淡水區","area_en":"Tamsui Dist","address":"沙崙路一段/濱海路二段(東南側人行道)","address_en":"Sec. 1, Shalun Rd./Sec. 2, Binhai Rd. (Southeast)","total_quantity":35,"available_bikes":14,"available_spots":21,"yb2_quantity":13,"eyb_quantity":1,"active":true,"latitude":25.19039,"longitude":121.43106,"updated_at":"2026-05-02T14:37:02+08:00"}},{"type":"Feature","geometry":{"type":"Point","coordinates":[121.42793,25.19524]},"properties":{"sno":500223003,"name":"YouBike2.0_新市二路二段","name_en":"YouBike2.0_Sec. 2, Xinshi 2nd Rd.","city":"新北市","city_en":"New Taipei City","area":"淡水區","area_en":"Tamsui Dist","address":"新市二路二段98號(前)","address_en":"No.98, Sec. 2, Xinshi 2nd Rd.","total_quantity":26,"available_bikes":5,"available_spots":21,"yb2_quantity":1,"eyb_quantity":4,"active":true,"latitude":25.19524,"longitude":121.42793,"updated_at":"2026-05-02T14:30:03+08:00"}},{"type":"Feature","geometry":{"type":"Point","coordinates":[121.43286,25.19623]},"properties":{"sno":500223004,"name":"YouBike2.0_輕軌淡海新市鎮站","name_en":"YouBike2.0_LRT Danhai New Town Sta.","city":"新北市","city_en":"New Taipei City","area":"淡水區","area_en":"Tamsui Dist","address":"沙崙路二段/新市三路二段口(東北側人行道)","address_en":"Sec. 2, Shalun Rd./Sec. 2, Xinshi 3rd Rd. (Northeast)","total_quantity":25,"available_bikes":4,"available_spots":21,"yb2_quantity":4,"eyb_quantity":0,"active":true,"latitude":25.19623,"longitude":121.43286,"updated_at":"2026-05-02T14:38:04+08:00"}},{"type":"Feature","geometry":{"type":"Point","coordinates":[121.43878,25.19783]},"properties":{"sno":500223005,"name":"YouBike2.0_新市五義山路口","name_en":"YouBike2.0_Xinshi 5th Rd. & Yishan Rd. Intersection","city":"新北市","city_en":"New Taipei City","area":"淡水區","area_en":"Tamsui Dist","address":"新市五路三段312號北側","address_en":"No. 312, Sec. 3, Xinshi 5th Rd. (North)","total_quantity":60,"available_bikes":11,"available_spots":48,"yb2_quantity":1,"eyb_quantity":10,"active":true,"latitude":25.19783,"longitude":121.43878,"updated_at":"2026-05-02T14:28:04+08:00"}},{"type":"Feature","geometry":{"type":"Point","coordinates":[121.43736,25.18623]},"properties":{"sno":500223006,"name":"YouBike2.0_義山新市一路口","name_en":"YouBike2.0_Yishan & Sec. 1, Xinshi 1st Intersection","city":"新北市","city_en":"New Taipei City","area":"淡水區","area_en":"Tamsui Dist","address":"新市一路一段371號(義山路側)","address_en":"No. 371, Sec. 1, Xinshi 1st Rd.","total_quantity":25,"available_bikes":6,"available_spots":19,"yb2_quantity":6,"eyb_quantity":0,"active":true,"latitude":25.18623,"longitude":121.43736,"updated_at":"2026-05-02T14:33:03+08:00"}},{"type":"Feature","geometry":{"type":"Point","coordinates":[121.42746,25.1912]},"properties":{"sno":500223007,"name":"YouBike2.0_臺北海洋科技大學","name_en":"YouBike2.0_Taipei University of Marine Technology","city":"新北市","city_en":"New Taipei City","area":"淡水區","area_en":"Tamsui Dist","address":"濱海路三段138號(前)","address_en":"No.138, Sec. 3, Binhai Rd.","total_quantity":34,"available_bikes":8,"available_spots":26,"yb2_quantity":8,"eyb_quantity":0,"active":true,"latitude":25.1912,"longitude":121.42746,"updated_at":"2026-05-02T14:30:03+08:00"}},{"type":"Feature","geometry":{"type":"Point","coordinates":[121.4634,25.13823]},"properties":{"sno":500223008,"name":"YouBike2.0_竹圍公園","name_en":"YouBike2.0_Chuwei Park","city":"新北市","city_en":"New Taipei City","area":"淡水區","area_en":"Tamsui Dist","address":"民生路108號(旁公園通道)","address_en":"No.108, Minsheng Rd.","total_quantity":26,"available_bikes":0,"available_spots":26,"yb2_quantity":0,"eyb_quantity":0,"active":true,"latitude":25.13823,"longitude":121.4634,"updated_at":"2026-05-02T14:00:19+08:00"}},{"type":"Feature","geometry":{"type":"Point","coordinates":[121.46023,25.13717]},"properties":{"sno":500223009,"name":"YouBike2.0_捷運竹圍站","name_en":"YouBike2.0_MRT Zhuwei Sta.","city":"新北市","city_en":"New Taipei City","area":"淡水區","area_en":"Tamsui Dist","address":"民族路1-1號(前)","address_en":"No. 1-1, Minzu Rd.","total_quantity":54,"available_bikes":35,"available_spots":19,"yb2_quantity":34,"eyb_quantity":1,"active":true,"latitude":25.13717,"longitude":121.46023,"updated_at":"2026-05-02T14:39:02+08:00"}},{"type":"Feature","geometry":{"type":"Point","coordinates":[121.45912,25.15358]},"properties":{"sno":500223010,"name":"YouBike2.0_捷運紅樹林站","name_en":"YouBike2.0_MRT Hongshulin Sta.","city":"新北市","city_en":"New Taipei City","area":"淡水區","area_en":"Tamsui Dist","address":"中正東路2段68號(南側停車場出口)","address_en":"No.68, Sec. 2, Zhongzheng E Rd. (South) (Parking lot Exit)","total_quantity":44,"available_bikes":0,"available_spots":44,"yb2_quantity":0,"eyb_quantity":0,"active":true,"latitude":25.15358,"longitude":121.45912,"updated_at":"2026-05-02T14:25:17+08:00"}},{"type":"Feature","geometry":{"type":"Point","coordinates":[121.45069,25.16504]},"properties":{"sno":500223011,"name":"YouBike2.0_竿蓁市民活動中心","name_en":"YouBike2.0_Ganzhen Civil Activity Center","city":"新北市","city_en":"New Taipei City","area":"淡水區","area_en":"Tamsui Dist","address":"中正東路一段3巷6號(對面)","address_en":"No.6, Ln. 3, Sec. 1, Zhongzheng E. Rd.(oppsite)","total_quantity":25,"available_bikes":2,"available_spots":23,"yb2_quantity":2,"eyb_quantity":0,"active":true,"latitude":25.16504,"longitude":121.45069,"updated_at":"2026-05-02T14:27:03+08:00"}},{"type":"Feature","geometry":{"type":"Point","coordinates":[121.44418,25.16883]},"properties":{"sno":500223012,"name":"YouBike2.0_捷運淡水站","name_en":"YouBike2.0_MRT Tamsui Station","city":"新北市","city_en":"New Taipei City","area":"淡水區","area_en":"Tamsui Dist","address":"公明街73巷6號(前淡水老街廣場)","address_en":"No.6, Ln. 73, Gongming St.","total_quantity":98,"available_bikes":22,"available_spots":75,"yb2_quantity":16,"eyb_quantity":6,"active":true,"latitude":25.16883,"longitude":121.44418,"updated_at":"2026-05-02T14:39:02+08:00"}},{"type":"Feature","geometry":{"type":"Point","coordinates":[121.43881,25.17249]},"properties":{"sno":500223013,"name":"YouBike2.0_文化機車立體停車場","name_en":"YouBike2.0_Wenhua Parking Lot","city":"新北市","city_en":"New Taipei City","area":"淡水區","area_en":"Tamsui Dist","address":"文化路57號(立體停車場地下一樓)","address_en":"No.57, Wenhua Rd.","total_quantity":34,"available_bikes":0,"available_spots":34,"yb2_quantity":0,"eyb_quantity":0,"active":true,"latitude":25.17249,"longitude":121.43881,"updated_at":"2026-05-02T14:34:17+08:00"}},{"type":"Feature","geometry":{"type":"Point","coordinates":[121.42212,25.18201]},"properties":{"sno":500223014,"name":"YouBike2.0_大庄一號公園","name_en":"YouBike2.0_Dachuang Park No.1","city":"新北市","city_en":"New Taipei City","area":"淡水區","area_en":"Tamsui Dist","address":"沙崙路97號(前)","address_en":"No.97, Sec. 1, Shalun Rd.","total_quantity":35,"available_bikes":13,"available_spots":22,"yb2_quantity":13,"eyb_quantity":0,"active":true,"latitude":25.18201,"longitude":121.42212,"updated_at":"2026-05-02T14:39:02+08:00"}},{"type":"Feature","geometry":{"type":"Point","coordinates":[121.43109,25.18796]},"properties":{"sno":500223015,"name":"YouBike2.0_新市一路一段99巷口","name_en":"YouBike2.0_Ln. 99, Sec. 1, Xinshi 1st Rd.","city":"新北市","city_en":"New Taipei City","area":"淡水區","area_en":"Tamsui Dist","address":"新市一路一段99巷21號(旁)","address_en":"No.21, Ln. 99, Sec. 1, Xinshi 1st Rd.","total_quantity":38,"available_bikes":8,"available_spots":29,"yb2_quantity":7,"eyb_quantity":1,"active":true,"latitude":25.18796,"longitude":121.43109,"updated_at":"2026-05-02T14:38:04+08:00"}},{"type":"Feature","geometry":{"type":"Point","coordinates":[121.41696,25.18741]},"properties":{"sno":500223016,"name":"YouBike2.0_輕軌沙崙站","name_en":"YouBike2.0_LRT Shalun Station","city":"新北市","city_en":"New Taipei City","area":"淡水區","area_en":"Tamsui Dist","address":"觀海路/淡海路口(北側)","address_en":"Guanhai Rd. / Danhai Rd. Intersection","total_quantity":36,"available_bikes":21,"available_spots":15,"yb2_quantity":19,"eyb_quantity":2,"active":true,"latitude":25.18741,"longitude":121.41696,"updated_at":"2026-05-02T14:39:02+08:00"}},{"type":"Feature","geometry":{"type":"Point","coordinates":[121.41911,25.18209]},"properties":{"sno":500223017,"name":"YouBike2.0_輕軌漁人碼頭站","name_en":"YouBike2.0_LRT Fisherman's Wharf Station","city":"新北市","city_en":"New Taipei City","area":"淡水區","area_en":"Tamsui Dist","address":"中正路二段/中正路二段51巷口(輕軌站旁)","address_en":"Sec. 2, Zhongzheng Rd. / Ln. 51, Sec. 2, Zhongzheng Rd. Intersection","total_quantity":80,"available_bikes":4,"available_spots":75,"yb2_quantity":4,"eyb_quantity":0,"active":true,"latitude":25.18209,"longitude":121.41911,"updated_at":"2026-05-02T14:39:02+08:00"}},{"type":"Feature","geometry":{"type":"Point","coordinates":[121.45613,25.17653]},"properties":{"sno":500223018,"name":"YouBike2.0_輕軌淡江大學站","name_en":"YouBike2.0_LRT Tamkang University Station","city":"新北市","city_en":"New Taipei City","area":"淡水區","area_en":"Tamsui Dist","address":"淡金路二段399號(前人行道)","address_en":"No.399, Sec. 2, Danjin Rd.","total_quantity":40,"available_bikes":9,"available_spots":31,"yb2_quantity":4,"eyb_quantity":5,"active":true,"latitude":25.17653,"longitude":121.45613,"updated_at":"2026-05-02T14:39:02+08:00"}},{"type":"Feature","geometry":{"type":"Point","coordinates":[121.45245,25.1808]},"properties":{"sno":500223019,"name":"YouBike2.0_輕軌淡金北新站","name_en":"YouBike2.0_LRT Danjin Beixin Station","city":"新北市","city_en":"New Taipei City","area":"淡水區","area_en":"Tamsui Dist","address":"淡金路一段/北新路口(輕軌站出口旁)","address_en":"Sec. 1, Danjin Rd. / Beixin Rd. Intersection","total_quantity":45,"available_bikes":1,"available_spots":44,"yb2_quantity":1,"eyb_quantity":0,"active":true,"latitude":25.1808,"longitude":121.45245,"updated_at":"2026-05-02T14:33:03+08:00"}},{"type":"Feature","geometry":{"type":"Point","coordinates":[121.44837,25.18345]},"properties":{"sno":500223020,"name":"YouBike2.0_輕軌新市一路站","name_en":"YouBike2.0_LRT Xinshi 1st Rd. Station","city":"新北市","city_en":"New Taipei City","area":"淡水區","area_en":"Tamsui Dist","address":"淡金路二段/新市一路口(輕軌站出口旁)","address_en":"Sec. 2, Danjin Rd. / Xinshi 1st Rd. Intersection","total_quantity":25,"available_bikes":0,"available_spots":24,"yb2_quantity":0,"eyb_quantity":0,"active":true,"latitude":25.18345,"longitude":121.44837,"updated_at":"2026-05-02T14:21:58+08:00"}},{"type":"Feature","geometry":{"type":"Point","coordinates":[121.44474,25.18035]},"properties":{"sno":500223021,"name":"YouBike2.0_中山北新春街口","name_en":"YouBike2.0_Zhongshan North & Xinchun Intersection","city":"新北市","city_en":"New Taipei City","area":"淡水區","area_en":"Tamsui Dist","address":"中山北路一段/新春街口(公園籃球場前)","address_en":"Sec. 1, Zhongshan N. Rd. / Xinchun St. Intersection","total_quantity":49,"available_bikes":23,"available_spots":26,"yb2_quantity":22,"eyb_quantity":1,"active":true,"latitude":25.18035,"longitude":121.44474,"updated_at":"2026-05-02T14:38:04+08:00"}},{"type":"Feature","geometry":{"type":"Point","coordinates":[121.44185,25.19254]},"properties":{"sno":500223022,"name":"YouBike2.0_新市二路四段","name_en":"YouBike2.0_Sec. 4, Xinshi 2nd Rd.","city":"新北市","city_en":"New Taipei City","area":"淡水區","area_en":"Tamsui Dist","address":"新市二路四段58號(前)","address_en":"No.58, Sec. 4, Xinshi 2nd Rd.","total_quantity":25,"available_bikes":3,"available_spots":22,"yb2_quantity":0,"eyb_quantity":3,"active":true,"latitude":25.19254,"longitude":121.44185,"updated_at":"2026-05-02T14:13:03+08:00"}},{"type":"Feature","geometry":{"type":"Point","coordinates":[121.44435,25.18916]},"properties":{"sno":500223023,"name":"YouBike2.0_輕軌淡水行政中心站","name_en":"YouBike2.0_LRT Tamsui District Center","city":"新北市","city_en":"New Taipei City","area":"淡水區","area_en":"Tamsui Dist","address":"濱海路一段/中山北路三段口(東北側人行道)","address_en":"Sec. 1, Binhai Rd. / Sec. 3, Zhongshan N. Rd. Intersection","total_quantity":48,"available_bikes":7,"available_spots":41,"yb2_quantity":1,"eyb_quantity":6,"active":true,"latitude":25.18916,"longitude":121.44435,"updated_at":"2026-05-02T14:38:04+08:00"}},{"type":"Feature","geometry":{"type":"Point","coordinates":[121.42891,25.19985]},"properties":{"sno":500223024,"name":"YouBike2.0_淡水公23公園","name_en":"YouBike2.0_Tamsui Public Park (No.23)","city":"新北市","city_en":"New Taipei City","area":"淡水區","area_en":"Tamsui Dist","address":"新市五路二段1號(對面)","address_en":"No. 1, Sec. 2, Xinshi 5th Rd., Tamsui Dist.(opposite)","total_quantity":20,"available_bikes":2,"available_spots":18,"yb2_quantity":1,"eyb_quantity":1,"active":true,"latitude":25.19985,"longitude":121.42891,"updated_at":"2026-05-02T14:38:04+08:00"}},{"type":"Feature","geometry":{"type":"Point","coordinates":[121.44787,25.17851]},"properties":{"sno":500223026,"name":"YouBike2.0_正德國中","name_en":"YouBike2.0_Zhengde Junior High School","city":"新北市","city_en":"New Taipei City","area":"淡水區","area_en":"Tamsui Dist","address":"北新路116號對面人行道(正德國中)","address_en":"No.116, Beixin Rd.(oppsite)","total_quantity":40,"available_bikes":7,"available_spots":31,"yb2_quantity":1,"eyb_quantity":6,"active":true,"latitude":25.17851,"longitude":121.44787,"updated_at":"2026-05-02T14:35:03+08:00"}},{"type":"Feature","geometry":{"type":"Point","coordinates":[121.45236,25.17457]},"properties":{"sno":500223027,"name":"YouBike2.0_淡江大學(水源街)","name_en":"YouBike2.0_Tamkang University (Shuiyuan St.)","city":"新北市","city_en":"New Taipei City","area":"淡水區","area_en":"Tamsui Dist","address":"水源街二段104號(對面)","address_en":"No. 104, Sec. 2, Shuiyuan St., Tamsui Dist.(opposite)","total_quantity":29,"available_bikes":10,"available_spots":19,"yb2_quantity":10,"eyb_quantity":0,"active":true,"latitude":25.17457,"longitude":121.45236,"updated_at":"2026-05-02T14:37:02+08:00"}},{"type":"Feature","geometry":{"type":"Point","coordinates":[121.44326,25.1865]},"properties":{"sno":500223028,"name":"YouBike2.0_淡水國民運動中心","name_en":"YouBike2.0_Tamsui Sports Center","city":"新北市","city_en":"New Taipei City","area":"淡水區","area_en":"Tamsui Dist","address":"中山北路2段381巷2號(旁)","address_en":"No.2, Ln. 381, Sec. 2, Zhongshan N. Rd.","total_quantity":36,"available_bikes":30,"available_spots":6,"yb2_quantity":28,"eyb_quantity":2,"active":true,"latitude":25.1865,"longitude":121.44326,"updated_at":"2026-05-02T14:35:03+08:00"}},{"type":"Feature","geometry":{"type":"Point","coordinates":[121.43502,25.20125]},"properties":{"sno":500223029,"name":"YouBike2.0_輕軌崁頂站","name_en":"YouBike2.0_LRT Kanding Station","city":"新北市","city_en":"New Taipei City","area":"淡水區","area_en":"Tamsui Dist","address":"沙崙路二段/新市六路二段(東南側人行道)","address_en":"Sec. 2, Shalun Rd./Sec. 2, Xinshi 6th Rd., (Southeast)","total_quantity":16,"available_bikes":0,"available_spots":16,"yb2_quantity":0,"eyb_quantity":0,"active":true,"latitude":25.20125,"longitude":121.43502,"updated_at":"2026-05-02T14:22:17+08:00"}},{"type":"Feature","geometry":{"type":"Point","coordinates":[121.44444643199012,25.185184906645382]},"properties":{"sno":500223030,"name":"YouBike2.0_新市國小","name_en":"YouBike2.0_Xinshi Elementary School","city":"新北市","city_en":"New Taipei City","area":"淡水區","area_en":"Tamsui Dist","address":"中山北路二段188巷2號(對面)","address_en":"No.2, Ln. 188, Sec. 2, Zhongshan N. Rd.(oppsite)","total_quantity":29,"available_bikes":8,"available_spots":21,"yb2_quantity":5,"eyb_quantity":3,"active":true,"latitude":25.185184906645382,"longitude":121.44444643199012,"updated_at":"2026-05-02T14:33:03+08:00"}},{"type":"Feature","geometry":{"type":"Point","coordinates":[121.4366,25.19569]},"properties":{"sno":500223031,"name":"YouBike2.0_新市三義山路口","name_en":"YouBike2.0_Xinshi san Yishan Rd. Intersection","city":"新北市","city_en":"New Taipei City","area":"淡水區","area_en":"Tamsui Dist","address":"新市三路二段217號(前)","address_en":"No. 217, Section 2, Xinshisan Rd.(Front)","total_quantity":38,"available_bikes":8,"available_spots":29,"yb2_quantity":4,"eyb_quantity":4,"active":true,"latitude":25.19569,"longitude":121.4366,"updated_at":"2026-05-02T14:35:03+08:00"}},{"type":"Feature","geometry":{"type":"Point","coordinates":[121.41118,25.18387]},"properties":{"sno":500223032,"name":"YouBike2.0_漁人碼頭","name_en":"YouBike2.0_Fisherman's Wharf","city":"新北市","city_en":"New Taipei City","area":"淡水區","area_en":"Tamsui Dist","address":"觀海路199號(旁)","address_en":"No. 199, Guanhai Rd., Tamsui Dist.","total_quantity":55,"available_bikes":2,"available_spots":52,"yb2_quantity":2,"eyb_quantity":0,"active":true,"latitude":25.18387,"longitude":121.41118,"updated_at":"2026-05-02T14:39:02+08:00"}},{"type":"Feature","geometry":{"type":"Point","coordinates":[121.44423,25.17865]},"properties":{"sno":500223033,"name":"YouBike2.0_水碓立體停車場","name_en":"YouBike2.0_shui dui Multistorey Car Park","city":"新北市","city_en":"New Taipei City","area":"淡水區","area_en":"Tamsui Dist","address":"中山北路一段189號(旁)","address_en":"No. 189, Sec. 1, Zhongshan N. Rd.","total_quantity":15,"available_bikes":0,"available_spots":15,"yb2_quantity":0,"eyb_quantity":0,"active":true,"latitude":25.17865,"longitude":121.44423,"updated_at":"2026-05-02T14:25:17+08:00"}},{"type":"Feature","geometry":{"type":"Point","coordinates":[121.42851,25.17594]},"properties":{"sno":500223034,"name":"YouBike2.0_滬尾藝文休閒園區","name_en":"YouBike2.0_Hobe Art Park","city":"新北市","city_en":"New Taipei City","area":"淡水區","area_en":"Tamsui Dist","address":"中正路一段2號(前)","address_en":"No. 2, Sec. 1, Zhongzheng Rd., Tamsui Dist.","total_quantity":28,"available_bikes":12,"available_spots":16,"yb2_quantity":4,"eyb_quantity":8,"active":true,"latitude":25.17594,"longitude":121.42851,"updated_at":"2026-05-02T14:38:04+08:00"}},{"type":"Feature","geometry":{"type":"Point","coordinates":[121.42422,25.17779]},"properties":{"sno":500223035,"name":"YouBike2.0_中正淡海路口","name_en":"YouBike2.0_Zhongzheng Danhai Rd. Intersection","city":"新北市","city_en":"New Taipei City","area":"淡水區","area_en":"Tamsui Dist","address":"中正路一段/淡海路口(西北側)","address_en":"Sec. 1, Zhongzheng Rd. & Danhai Rd. Intersection(Northwest)","total_quantity":15,"available_bikes":13,"available_spots":2,"yb2_quantity":13,"eyb_quantity":0,"active":true,"latitude":25.17779,"longitude":121.42422,"updated_at":"2026-05-02T14:37:02+08:00"}},{"type":"Feature","geometry":{"type":"Point","coordinates":[121.45936,25.16874]},"properties":{"sno":500223036,"name":"YouBike2.0_輕軌淡金鄧公站","name_en":"YouBike2.0_LRT Danjin Denggong Sta.","city":"新北市","city_en":"New Taipei City","area":"淡水區","area_en":"Tamsui Dist","address":"鄧公路266號(前)","address_en":"No. 266, Denggong Rd.","total_quantity":24,"available_bikes":13,"available_spots":11,"yb2_quantity":13,"eyb_quantity":0,"active":true,"latitude":25.16874,"longitude":121.45936,"updated_at":"2026-05-02T13:27:04+08:00"}},{"type":"Feature","geometry":{"type":"Point","coordinates":[121.43177,25.20081]},"properties":{"sno":500223037,"name":"YouBike2.0_崁頂三路","name_en":"YouBike2.0_Kanding 3rd Rd.","city":"新北市","city_en":"New Taipei City","area":"淡水區","area_en":"Tamsui Dist","address":"崁頂三路101-165號(旁)","address_en":"No. 101~165, Kanding 3rd Rd.","total_quantity":15,"available_bikes":5,"available_spots":10,"yb2_quantity":4,"eyb_quantity":1,"active":true,"latitude":25.20081,"longitude":121.43177,"updated_at":"2026-05-02T14:15:02+08:00"}},{"type":"Feature","geometry":{"type":"Point","coordinates":[121.43038,25.19959]},"properties":{"sno":500223038,"name":"YouBike2.0_崁頂林子福德宮","name_en":"YouBike2.0_Kanding Fude Temple","city":"新北市","city_en":"New Taipei City","area":"淡水區","area_en":"Tamsui Dist","address":"新市五路二段51號(前)","address_en":"No. 51, Sec. 2, Xinshi 5th Rd.","total_quantity":15,"available_bikes":4,"available_spots":11,"yb2_quantity":1,"eyb_quantity":3,"active":true,"latitude":25.19959,"longitude":121.43038,"updated_at":"2026-05-02T14:34:03+08:00"}},{"type":"Feature","geometry":{"type":"Point","coordinates":[121.42526,25.19897]},"properties":{"sno":500223039,"name":"YouBike2.0_新市三崁頂五路口","name_en":"YouBike2.0_Xinshi 3rd & Kanding 5th Rd. Intersection","city":"新北市","city_en":"New Taipei City","area":"淡水區","area_en":"Tamsui Dist","address":"新市三路一段82號(前)","address_en":"No. 82, Sec. 1, Xinshi 3rd Rd.","total_quantity":18,"available_bikes":4,"available_spots":14,"yb2_quantity":1,"eyb_quantity":3,"active":true,"latitude":25.19897,"longitude":121.42526,"updated_at":"2026-05-02T14:37:02+08:00"}},{"type":"Feature","geometry":{"type":"Point","coordinates":[121.42507,25.19638]},"properties":{"sno":500223040,"name":"YouBike2.0_新市二後洲路口","name_en":"YouBike2.0_Xinshi 2nd & Houzhou Rd. Intersection","city":"新北市","city_en":"New Taipei City","area":"淡水區","area_en":"Tamsui Dist","address":"新市二路一段108號(前)","address_en":"No. 108, Sec. 1, Xinshi 2nd Rd.","total_quantity":16,"available_bikes":1,"available_spots":15,"yb2_quantity":1,"eyb_quantity":0,"active":true,"latitude":25.19638,"longitude":121.42507,"updated_at":"2026-05-02T14:08:03+08:00"}},{"type":"Feature","geometry":{"type":"Point","coordinates":[121.44675,25.1667]},"properties":{"sno":500223041,"name":"YouBike2.0_捷運淡水站(中正鼻頭街口)","name_en":"YouBike2.0_MRT Tamsui Sta.(Exit 1)","city":"新北市","city_en":"New Taipei City","area":"淡水區","area_en":"Tamsui Dist","address":"中正路/鼻頭街(東側)","address_en":"Zhongzheng Rd. & Bitou St.(East)","total_quantity":14,"available_bikes":11,"available_spots":2,"yb2_quantity":7,"eyb_quantity":4,"active":true,"latitude":25.1667,"longitude":121.44675,"updated_at":"2026-05-02T14:39:02+08:00"}},{"type":"Feature","geometry":{"type":"Point","coordinates":[121.45241,25.16979]},"properties":{"sno":500223042,"name":"YouBike2.0_鄧公路30巷","name_en":"YouBike2.0_Ln. 30, Denggong Rd.","city":"新北市","city_en":"New Taipei City","area":"淡水區","area_en":"Tamsui Dist","address":"鄧公路30巷/鄧公路30巷2弄口(西北側)","address_en":"Ln. 30, Denggong Rd. & Aly. 2, Ln. 30, Denggong Rd. Intersection(Northwest)","total_quantity":15,"available_bikes":12,"available_spots":3,"yb2_quantity":12,"eyb_quantity":0,"active":true,"latitude":25.16979,"longitude":121.45241,"updated_at":"2026-05-02T14:06:03+08:00"}},{"type":"Feature","geometry":{"type":"Point","coordinates":[121.43477,25.19162]},"properties":{"sno":500223043,"name":"YouBike2.0_濱海路二段202巷","name_en":"YouBike2.0_Ln. 202, Sec. 2, Binhai Rd.","city":"新北市","city_en":"New Taipei City","area":"淡水區","area_en":"Tamsui Dist","address":"濱海路二段202巷17號(前)","address_en":"No. 17, Ln. 202, Sec. 2, Binhai Rd.","total_quantity":15,"available_bikes":1,"available_spots":14,"yb2_quantity":0,"eyb_quantity":1,"active":true,"latitude":25.19162,"longitude":121.43477,"updated_at":"2026-05-02T14:37:02+08:00"}},{"type":"Feature","geometry":{"type":"Point","coordinates":[121.43482,25.19343]},"properties":{"sno":500223044,"name":"YouBike2.0_新市二路三段/濱海路二段202巷口","name_en":"YouBike2.0_Sec. 3, Xinshi 2nd Rd/Ln. 202, Sec. 2, Binhai Rd.","city":"新北市","city_en":"New Taipei City","area":"淡水區","area_en":"Tamsui Dist","address":"新市二路三段90號(前)","address_en":"No. 90, Sec. 3, Xinshi 2nd Rd.","total_quantity":15,"available_bikes":2,"available_spots":13,"yb2_quantity":1,"eyb_quantity":1,"active":true,"latitude":25.19343,"longitude":121.43482,"updated_at":"2026-05-02T14:03:02+08:00"}},{"type":"Feature","geometry":{"type":"Point","coordinates":[121.4235,25.1854]},"properties":{"sno":500223045,"name":"YouBike2.0_文中四公園","name_en":"YouBike2.0_Wenzhong 4th Park","city":"新北市","city_en":"New Taipei City","area":"淡水區","area_en":"Tamsui Dist","address":"沙崙路151巷26弄/沙崙路183巷","address_en":"Aly. 26, Ln. 151, Shalun Rd. & Ln. 183, Shalun Rd.","total_quantity":20,"available_bikes":11,"available_spots":9,"yb2_quantity":9,"eyb_quantity":2,"active":true,"latitude":25.1854,"longitude":121.4235,"updated_at":"2026-05-02T14:16:03+08:00"}},{"type":"Feature","geometry":{"type":"Point","coordinates":[121.42059,25.19366]},"properties":{"sno":500223046,"name":"YouBike2.0_水管公園","name_en":"YouBike2.0_Shuiguan Park","city":"新北市","city_en":"New Taipei City","area":"淡水區","area_en":"Tamsui Dist","address":"濱海路三段/崁頂五路(西南側)","address_en":"No. 90, Sec. 3, Xinshi 2nd Rd.","total_quantity":15,"available_bikes":4,"available_spots":11,"yb2_quantity":4,"eyb_quantity":0,"active":true,"latitude":25.19366,"longitude":121.42059,"updated_at":"2026-05-02T14:39:02+08:00"}},{"type":"Feature","geometry":{"type":"Point","coordinates":[121.42311,25.19548]},"properties":{"sno":500223047,"name":"YouBike2.0_淡江教會文教中心","name_en":"YouBike2.0_Danjiang Church Culture & Education Center","city":"新北市","city_en":"New Taipei City","area":"淡水區","area_en":"Tamsui Dist","address":"崁頂五路155號(公車站旁)","address_en":"No. 155, Kanding 5th Rd.","total_quantity":15,"available_bikes":5,"available_spots":10,"yb2_quantity":5,"eyb_quantity":0,"active":true,"latitude":25.19548,"longitude":121.42311,"updated_at":"2026-05-02T14:19:02+08:00"}},{"type":"Feature","geometry":{"type":"Point","coordinates":[121.45607,25.16206]},"properties":{"sno":500223048,"name":"YouBike2.0_輕軌竿蓁林站","name_en":"YouBike2.0_LRT Ganzhenlin Sta.","city":"新北市","city_en":"New Taipei City","area":"淡水區","area_en":"Tamsui Dist","address":"淡金路/淡金路79巷(西北側)","address_en":"Danjin Rd. & Ln. 79, Danjin Rd.(Northwest)","total_quantity":10,"available_bikes":6,"available_spots":4,"yb2_quantity":4,"eyb_quantity":2,"active":true,"latitude":25.16206,"longitude":121.45607,"updated_at":"2026-05-02T14:27:03+08:00"}},{"type":"Feature","geometry":{"type":"Point","coordinates":[121.43187,25.18536]},"properties":{"sno":500223049,"name":"YouBike2.0_新民街一段(台北灣社區)","name_en":"YouBike2.0_Sec. 1, Xinmin St.","city":"新北市","city_en":"New Taipei City","area":"淡水區","area_en":"Tamsui Dist","address":"新民街一段1-101號(對面)","address_en":"No. 1-101, Sec. 1, Xinmin St.(Opposite)","total_quantity":21,"available_bikes":7,"available_spots":14,"yb2_quantity":7,"eyb_quantity":0,"active":true,"latitude":25.18536,"longitude":121.43187,"updated_at":"2026-05-02T14:37:02+08:00"}},{"type":"Feature","geometry":{"type":"Point","coordinates":[121.46346,25.13604]},"properties":{"sno":500223050,"name":"YouBike2.0_民族路33巷","name_en":"YouBike2.0_Ln. 33, Minzu Rd.","city":"新北市","city_en":"New Taipei City","area":"淡水區","area_en":"Tamsui Dist","address":"民族路33巷12號(前)","address_en":"No. 12, Ln. 33, Minzu Rd.","total_quantity":12,"available_bikes":2,"available_spots":10,"yb2_quantity":2,"eyb_quantity":0,"active":true,"latitude":25.13604,"longitude":121.46346,"updated_at":"2026-05-02T14:23:03+08:00"}},{"type":"Feature","geometry":{"type":"Point","coordinates":[121.45311,25.16205]},"properties":{"sno":500223051,"name":"YouBike2.0_中正東路一段81巷","name_en":"YouBike2.0_Ln. 81, Sec. 1, Zhongzheng E. Rd.","city":"新北市","city_en":"New Taipei City","area":"淡水區","area_en":"Tamsui Dist","address":"中正東路一段81巷1號(對面)","address_en":"No. 1, Ln. 81, Sec. 1, Zhongzheng E. Rd.(Opposite)","total_quantity":15,"available_bikes":4,"available_spots":11,"yb2_quantity":3,"eyb_quantity":1,"active":true,"latitude":25.16205,"longitude":121.45311,"updated_at":"2026-05-02T14:38:04+08:00"}},{"type":"Feature","geometry":{"type":"Point","coordinates":[121.44198,25.19157]},"properties":{"sno":500223052,"name":"YouBike2.0_濱海路一段306巷60弄","name_en":"YouBike2.0_Aly. 60, Ln. 306, Sec. 1, Binhai Rd.","city":"新北市","city_en":"New Taipei City","area":"淡水區","area_en":"Tamsui Dist","address":"濱海路一段306巷60弄33號(前)","address_en":"No. 33, Aly. 60, Ln. 306, Sec. 1, Binhai Rd.","total_quantity":14,"available_bikes":1,"available_spots":13,"yb2_quantity":0,"eyb_quantity":1,"active":true,"latitude":25.19157,"longitude":121.44198,"updated_at":"2026-05-02T14:25:03+08:00"}},{"type":"Feature","geometry":{"type":"Point","coordinates":[121.44407,25.18696]},"properties":{"sno":500223053,"name":"YouBike2.0_淡水行政中心","name_en":"YouBike2.0_Danshui Administration Center","city":"新北市","city_en":"New Taipei City","area":"淡水區","area_en":"Tamsui Dist","address":"中山北路二段375號(前)","address_en":"No. 375, Sec. 2, Zhongshan N. Rd.","total_quantity":10,"available_bikes":1,"available_spots":9,"yb2_quantity":0,"eyb_quantity":1,"active":true,"latitude":25.18696,"longitude":121.44407,"updated_at":"2026-05-02T14:04:03+08:00"}},{"type":"Feature","geometry":{"type":"Point","coordinates":[121.44227,25.18509]},"properties":{"sno":500223054,"name":"YouBike2.0_淡水新市鎮兒童公園","name_en":"YouBike2.0_Danshui Children's Park","city":"新北市","city_en":"New Taipei City","area":"淡水區","area_en":"Tamsui Dist","address":"中山北路二段189巷100號(旁)","address_en":"No. 100, Ln. 189, Sec. 2, Zhongshan N. Rd.","total_quantity":15,"available_bikes":8,"available_spots":7,"yb2_quantity":8,"eyb_quantity":0,"active":true,"latitude":25.18509,"longitude":121.44227,"updated_at":"2026-05-02T14:27:03+08:00"}},{"type":"Feature","geometry":{"type":"Point","coordinates":[121.44412,25.18296]},"properties":{"sno":500223055,"name":"YouBike2.0_新市一中山北路口","name_en":"YouBike2.0_Xinshi 1st & Zhongshan N. Rd. Intersection","city":"新北市","city_en":"New Taipei City","area":"淡水區","area_en":"Tamsui Dist","address":"新市一路二段258號(前)","address_en":"No. 258, Sec. 2, Xinshi 1st Rd.","total_quantity":14,"available_bikes":6,"available_spots":8,"yb2_quantity":5,"eyb_quantity":1,"active":true,"latitude":25.18296,"longitude":121.44412,"updated_at":"2026-05-02T14:33:03+08:00"}},{"type":"Feature","geometry":{"type":"Point","coordinates":[121.4579,25.16083]},"properties":{"sno":500223056,"name":"YouBike2.0_淡金路38巷尾","name_en":"YouBike2.0_Ln. 38, Danjin Rd.","city":"新北市","city_en":"New Taipei City","area":"淡水區","area_en":"Tamsui Dist","address":"淡金路38巷98號前","address_en":"No. 98, Ln. 38, Danjin Rd., Tamsui Dist.","total_quantity":10,"available_bikes":6,"available_spots":4,"yb2_quantity":5,"eyb_quantity":1,"active":true,"latitude":25.16083,"longitude":121.4579,"updated_at":"2026-05-02T14:25:03+08:00"}},{"type":"Feature","geometry":{"type":"Point","coordinates":[121.44684,25.16771]},"properties":{"sno":500223057,"name":"YouBike2.0_捷運淡水站(中正東路)","name_en":"YouBike2.0_MRT Tamsui Sta.(Zhongzheng E. Rd.)","city":"新北市","city_en":"New Taipei City","area":"淡水區","area_en":"Tamsui Dist","address":"中正東路二段/學府路(西南側)","address_en":"Sec. 2, Zhongzheng E. Rd. & Xuefu Rd., Tamsui Dist. (west side)","total_quantity":40,"available_bikes":38,"available_spots":2,"yb2_quantity":21,"eyb_quantity":17,"active":true,"latitude":25.16771,"longitude":121.44684,"updated_at":"2026-05-02T14:38:04+08:00"}},{"type":"Feature","geometry":{"type":"Point","coordinates":[121.4407,25.17254]},"properties":{"sno":500223058,"name":"YouBike2.0_衛教公園","name_en":"YouBike2.0_Health Education park","city":"新北市","city_en":"New Taipei City","area":"淡水區","area_en":"Tamsui Dist","address":"中山路158號(旁)","address_en":"No. 158, Zhongshan Rd., Tamsui Dist.","total_quantity":14,"available_bikes":0,"available_spots":14,"yb2_quantity":0,"eyb_quantity":0,"active":true,"latitude":25.17254,"longitude":121.4407,"updated_at":"2026-05-02T14:08:19+08:00"}},{"type":"Feature","geometry":{"type":"Point","coordinates":[121.43273,25.18665]},"properties":{"sno":500223059,"name":"YouBike2.0_新市一路一段256巷口","name_en":"YouBike2.0_Ln. 256, Sec. 1, Xinshi 1st Rd.Intersection","city":"新北市","city_en":"New Taipei City","area":"淡水區","area_en":"Tamsui Dist","address":"新市一路一段180號(對面)","address_en":"No. 180, Sec. 1, Xinshi 1st Rd.(Opposite)","total_quantity":21,"available_bikes":2,"available_spots":19,"yb2_quantity":2,"eyb_quantity":0,"active":true,"latitude":25.18665,"longitude":121.43273,"updated_at":"2026-05-02T14:38:04+08:00"}},{"type":"Feature","geometry":{"type":"Point","coordinates":[121.43567,25.18123]},"properties":{"sno":500223060,"name":"YouBike2.0_新民新春街口","name_en":"YouBike2.0_Xinmin Xinchun St. Intersection","city":"新北市","city_en":"New Taipei City","area":"淡水區","area_en":"Tamsui Dist","address":"新民街/新春街(西北側)","address_en":"Xinmin St. & Xinshun St. Intersection(Northwest)","total_quantity":20,"available_bikes":1,"available_spots":19,"yb2_quantity":0,"eyb_quantity":1,"active":true,"latitude":25.18123,"longitude":121.43567,"updated_at":"2026-05-02T14:26:02+08:00"}},{"type":"Feature","geometry":{"type":"Point","coordinates":[121.42044,25.18459]},"properties":{"sno":500223061,"name":"YouBike2.0_淡海路182巷口","name_en":"YouBike2.0_Ln. 182, Danhai Rd. Intersection","city":"新北市","city_en":"New Taipei City","area":"淡水區","area_en":"Tamsui Dist","address":"淡海路/淡海路182巷(東南側)","address_en":"Danhai Rd. & Ln. 182, Danhai Rd. Intersection(Southeast)","total_quantity":15,"available_bikes":5,"available_spots":10,"yb2_quantity":5,"eyb_quantity":0,"active":true,"latitude":25.18459,"longitude":121.42044,"updated_at":"2026-05-02T14:37:02+08:00"}},{"type":"Feature","geometry":{"type":"Point","coordinates":[121.44155,25.1827]},"properties":{"sno":500223062,"name":"YouBike2.0_新春街125巷(樂活绽社區)","name_en":"YouBike2.0_Ln. 125, Xinchun St.","city":"新北市","city_en":"New Taipei City","area":"淡水區","area_en":"Tamsui Dist","address":"新春街125巷","address_en":"Ln. 125, Xinchun St.","total_quantity":29,"available_bikes":3,"available_spots":26,"yb2_quantity":3,"eyb_quantity":0,"active":true,"latitude":25.1827,"longitude":121.44155,"updated_at":"2026-05-02T14:34:03+08:00"}},{"type":"Feature","geometry":{"type":"Point","coordinates":[121.458868,25.155053]},"properties":{"sno":500223063,"name":"YouBike2.0_輕軌紅樹林站","name_en":"YouBike2.0_LRT Hongshulin Station","city":"新北市","city_en":"New Taipei City","area":"淡水區","area_en":"Tamsui Dist","address":"中正東路二段/八勢一街口(西側公車亭後)","address_en":"Sec. 2, Zhongzheng E. Rd. & Bashi 1st St. (behind bus station)","total_quantity":48,"available_bikes":8,"available_spots":39,"yb2_quantity":7,"eyb_quantity":1,"active":true,"latitude":25.155053,"longitude":121.458868,"updated_at":"2026-05-02T14:39:02+08:00"}},{"type":"Feature","geometry":{"type":"Point","coordinates":[121.43063,25.19691]},"properties":{"sno":500223064,"name":"YouBike2.0_新市三崁頂三路口","name_en":"YouBike2.0_Xinshi 3rd Rd. & Kanding 3rd. Rd. Intersection","city":"新北市","city_en":"New Taipei City","area":"淡水區","area_en":"Tamsui Dist","address":"崁頂三路93號(前)","address_en":"No. 93, Kanding 3rd Rd. (Front)","total_quantity":20,"available_bikes":10,"available_spots":9,"yb2_quantity":6,"eyb_quantity":4,"active":true,"latitude":25.19691,"longitude":121.43063,"updated_at":"2026-05-02T14:32:02+08:00"}},{"type":"Feature","geometry":{"type":"Point","coordinates":[121.43858,25.191]},"properties":{"sno":500223065,"name":"YouBike2.0_濱海路一段306巷9弄","name_en":"YouBike2.0_Aly. 9, Ln. 306, Sec.1 Binhai Rd.","city":"新北市","city_en":"New Taipei City","area":"淡水區","area_en":"Tamsui Dist","address":"義山路一段216號(東北側車彎內)","address_en":"No. 216, Sec. 1, Yishan Rd. (Northeast)","total_quantity":15,"available_bikes":1,"available_spots":14,"yb2_quantity":0,"eyb_quantity":1,"active":true,"latitude":25.191,"longitude":121.43858,"updated_at":"2026-05-02T14:32:16+08:00"}},{"type":"Feature","geometry":{"type":"Point","coordinates":[121.46151,25.14288]},"properties":{"sno":500223066,"name":"YouBike2.0_民權路3巷12弄口","name_en":"YouBike2.0_Aly. 12, Ln. 3, Minquan Rd. Intersection","city":"新北市","city_en":"New Taipei City","area":"淡水區","area_en":"Tamsui Dist","address":"民權路3巷12弄2-30號(對側)","address_en":"No. 2-30, Aly. 12, Ln. 3, Minquan Rd. (Opposite)","total_quantity":21,"available_bikes":14,"available_spots":7,"yb2_quantity":10,"eyb_quantity":4,"active":true,"latitude":25.14288,"longitude":121.46151,"updated_at":"2026-05-02T14:24:04+08:00"}},{"type":"Feature","geometry":{"type":"Point","coordinates":[121.44564,25.19087]},"properties":{"sno":500223067,"name":"YouBike2.0_新市二路四段230巷","name_en":"YouBike2.0_Ln. 230, Sec. 4, Xinshi 2nd Rd.","city":"新北市","city_en":"New Taipei City","area":"淡水區","area_en":"Tamsui Dist","address":"新市二路四段230巷66號","address_en":"No. 66, Ln. 230, Sec. 4, Xinshi 2nd Rd.","total_quantity":22,"available_bikes":7,"available_spots":15,"yb2_quantity":4,"eyb_quantity":3,"active":true,"latitude":25.19087,"longitude":121.44564,"updated_at":"2026-05-02T14:34:03+08:00"}},{"type":"Feature","geometry":{"type":"Point","coordinates":[121.4347,25.19015]},"properties":{"sno":500223068,"name":"YouBike2.0_濱海路二段/濱海路二段202巷","name_en":"YouBike2.0_Ln. 202, Sec. 2, Binhai Rd. Intersection","city":"新北市","city_en":"New Taipei City","area":"淡水區","area_en":"Tamsui Dist","address":"濱海路二段202巷口","address_en":"Ln. 202, Sec. 2, Binhai Rd. Intersection","total_quantity":15,"available_bikes":0,"available_spots":14,"yb2_quantity":0,"eyb_quantity":0,"active":true,"latitude":25.19015,"longitude":121.4347,"updated_at":"2026-05-02T13:06:17+08:00"}},{"type":"Feature","geometry":{"type":"Point","coordinates":[121.43734,25.18961]},"properties":{"sno":500223070,"name":"YouBike2.0_輕軌濱海義山站(西南側)","name_en":"YouBike2.0_LRT BinHai YiShan Sta.(Southwest)","city":"新北市","city_en":"New Taipei City","area":"淡水區","area_en":"Tamsui Dist","address":"濱海路二段/義山路一段(西南側)","address_en":"Sec.2, BinHai Rd. & Sec.1, YiShan Rd. (Southwest)","total_quantity":30,"available_bikes":10,"available_spots":20,"yb2_quantity":6,"eyb_quantity":4,"active":true,"latitude":25.18961,"longitude":121.43734,"updated_at":"2026-05-02T14:39:02+08:00"}},{"type":"Feature","geometry":{"type":"Point","coordinates":[121.4307,25.20285]},"properties":{"sno":500223071,"name":"YouBike2.0_新市六後洲路口","name_en":"YouBike2.0_XinShi 6th Rd. & HouZhou Rd. Intersection","city":"新北市","city_en":"New Taipei City","area":"淡水區","area_en":"Tamsui Dist","address":"新市六路一段6號(前)","address_en":"No. 6, Sec. 1, XinShi 6th Rd. (Front)","total_quantity":15,"available_bikes":5,"available_spots":10,"yb2_quantity":3,"eyb_quantity":2,"active":true,"latitude":25.20285,"longitude":121.4307,"updated_at":"2026-05-02T14:36:04+08:00"}},{"type":"Feature","geometry":{"type":"Point","coordinates":[121.44428,25.16891]},"properties":{"sno":500223072,"name":"YouBike2.0_淡水老街廣場","name_en":"YouBike2.0_Tamsui Old Street Square","city":"新北市","city_en":"New Taipei City","area":"淡水區","area_en":"Tamsui Dist","address":"公明街73巷6號(前淡水老街廣場)","address_en":"No.6, Ln. 73, Gongming St.","total_quantity":28,"available_bikes":5,"available_spots":23,"yb2_quantity":4,"eyb_quantity":1,"active":true,"latitude":25.16891,"longitude":121.44428,"updated_at":"2026-05-02T14:39:02+08:00"}},{"type":"Feature","geometry":{"type":"Point","coordinates":[121.42386,25.18345]},"properties":{"sno":500223073,"name":"YouBike2.0_沙崙路151巷口","name_en":"YouBike2.0_Ln. 151, ShaLun Rd.","city":"新北市","city_en":"New Taipei City","area":"淡水區","area_en":"Tamsui Dist","address":"沙崙路167號","address_en":"No. 167, ShaLun Rd.","total_quantity":26,"available_bikes":20,"available_spots":6,"yb2_quantity":18,"eyb_quantity":2,"active":true,"latitude":25.18345,"longitude":121.42386,"updated_at":"2026-05-02T14:36:04+08:00"}},{"type":"Feature","geometry":{"type":"Point","coordinates":[121.42508,25.18428]},"properties":{"sno":500223074,"name":"YouBike2.0_沙崙路216巷口","name_en":"YouBike2.0_Ln. 216, ShaLun Rd.","city":"新北市","city_en":"New Taipei City","area":"淡水區","area_en":"Tamsui Dist","address":"沙崙路214號","address_en":"No. 214, ShaLun Rd.","total_quantity":20,"available_bikes":1,"available_spots":19,"yb2_quantity":1,"eyb_quantity":0,"active":true,"latitude":25.18428,"longitude":121.42508,"updated_at":"2026-05-02T14:39:02+08:00"}},{"type":"Feature","geometry":{"type":"Point","coordinates":[121.43596,25.18731]},"properties":{"sno":500223076,"name":"YouBike2.0_新市一路一段331巷/義山路一段163巷口(東南側)","name_en":"YouBike2.0_Ln. 331, Sec. 1, XinShi 1st Rd. & Ln. 163, Sec. 1, YiShan Rd.","city":"新北市","city_en":"New Taipei City","area":"淡水區","area_en":"Tamsui Dist","address":"新市一路一段331巷156號(對側)","address_en":"No. 156, Ln. 331, Sec. 1, XinShi 1st Rd. (Opposite)","total_quantity":15,"available_bikes":3,"available_spots":12,"yb2_quantity":3,"eyb_quantity":0,"active":true,"latitude":25.18731,"longitude":121.43596,"updated_at":"2026-05-02T13:28:02+08:00"}},{"type":"Feature","geometry":{"type":"Point","coordinates":[121.45166,25.2275]},"properties":{"sno":500223077,"name":"YouBike2.0_聖約翰科技大學","name_en":"YouBike2.0_St. John's University","city":"新北市","city_en":"New Taipei City","area":"淡水區","area_en":"Tamsui Dist","address":"淡金路四段499號","address_en":"No. 499, Sec. 4, DanJin Rd.","total_quantity":30,"available_bikes":14,"available_spots":15,"yb2_quantity":12,"eyb_quantity":2,"active":true,"latitude":25.2275,"longitude":121.45166,"updated_at":"2026-05-02T14:37:02+08:00"}},{"type":"Feature","geometry":{"type":"Point","coordinates":[121.4296,25.18832]},"properties":{"sno":500223078,"name":"YouBike2.0_沙崙新民街口","name_en":"YouBike2.0_ShaLun Rd. & XinMin St. Intersection","city":"新北市","city_en":"New Taipei City","area":"淡水區","area_en":"Tamsui Dist","address":"沙崙路一段1號(前)","address_en":"No. 1, Sec. 1, ShaLun Rd. (Front)","total_quantity":21,"available_bikes":7,"available_spots":14,"yb2_quantity":5,"eyb_quantity":2,"active":true,"latitude":25.18832,"longitude":121.4296,"updated_at":"2026-05-02T14:37:02+08:00"}},{"type":"Feature","geometry":{"type":"Point","coordinates":[121.42902,25.18921]},"properties":{"sno":500223079,"name":"YouBike2.0_程氏古厝","name_en":"YouBike2.0_Cheng's Old Residence","city":"新北市","city_en":"New Taipei City","area":"淡水區","area_en":"Tamsui Dist","address":"沙崙路121號(旁)","address_en":"No. 121, ShaLun Rd. (Side)","total_quantity":15,"available_bikes":4,"available_spots":11,"yb2_quantity":3,"eyb_quantity":1,"active":true,"latitude":25.18921,"longitude":121.42902,"updated_at":"2026-05-02T14:39:02+08:00"}},{"type":"Feature","geometry":{"type":"Point","coordinates":[121.43834,25.17808]},"properties":{"sno":500223080,"name":"YouBike2.0_新民街120巷","name_en":"YouBike2.0_Ln. 120, XinMin St.","city":"新北市","city_en":"New Taipei City","area":"淡水區","area_en":"Tamsui Dist","address":"新民街120巷23號(對側)","address_en":"No. 23, Ln. 120, XinMin St. (Opposite)","total_quantity":15,"available_bikes":5,"available_spots":10,"yb2_quantity":5,"eyb_quantity":0,"active":true,"latitude":25.17808,"longitude":121.43834,"updated_at":"2026-05-02T14:38:04+08:00"}},{"type":"Feature","geometry":{"type":"Point","coordinates":[121.42972,25.20158]},"properties":{"sno":500223081,"name":"YouBike2.0_崁頂三後洲路一段路口","name_en":"YouBike2.0_KanDing 3rd Rd. & Sec. 1, HouZhou Rd. Intersection","city":"新北市","city_en":"New Taipei City","area":"淡水區","area_en":"Tamsui Dist","address":"崁頂三路/後洲路一段(東側)","address_en":"KanDing 3rd Rd. & Sec. 1, HouZhou Rd. (East)","total_quantity":20,"available_bikes":9,"available_spots":11,"yb2_quantity":9,"eyb_quantity":0,"active":true,"latitude":25.20158,"longitude":121.42972,"updated_at":"2026-05-02T14:14:02+08:00"}},{"type":"Feature","geometry":{"type":"Point","coordinates":[121.4287,25.19772]},"properties":{"sno":500223082,"name":"YouBike2.0_崁頂市民活動中心","name_en":"YouBike2.0_Kanding Activity Center","city":"新北市","city_en":"New Taipei City","area":"淡水區","area_en":"Tamsui Dist","address":"新市三路一段231號(前)","address_en":"No. 231, Sec. 1, XinShi 3rd Rd. (Front)","total_quantity":20,"available_bikes":7,"available_spots":13,"yb2_quantity":6,"eyb_quantity":1,"active":true,"latitude":25.19772,"longitude":121.4287,"updated_at":"2026-05-02T14:38:04+08:00"}},{"type":"Feature","geometry":{"type":"Point","coordinates":[121.42796,25.1883]},"properties":{"sno":500223083,"name":"YouBike2.0_大庄福德宮","name_en":"YouBike2.0_Dazhuang Fude Temple","city":"新北市","city_en":"New Taipei City","area":"淡水區","area_en":"Tamsui Dist","address":"新民街一段127號(對側)","address_en":"No. 127, Sec. 1, XinMin St. (Opposite)","total_quantity":15,"available_bikes":0,"available_spots":15,"yb2_quantity":0,"eyb_quantity":0,"active":true,"latitude":25.1883,"longitude":121.42796,"updated_at":"2026-05-02T13:55:19+08:00"}},{"type":"Feature","geometry":{"type":"Point","coordinates":[121.43586,25.17308]},"properties":{"sno":500223084,"name":"YouBike2.0_淡水中正路停車場","name_en":"YouBike2.0_Tamsui Zhongzheng Road Car Park","city":"新北市","city_en":"New Taipei City","area":"淡水區","area_en":"Tamsui Dist","address":"中正路332號(對側)","address_en":"No. 332, ZhongZheng Rd. (Opposite)","total_quantity":24,"available_bikes":7,"available_spots":17,"yb2_quantity":4,"eyb_quantity":3,"active":true,"latitude":25.17308,"longitude":121.43586,"updated_at":"2026-05-02T14:39:02+08:00"}},{"type":"Feature","geometry":{"type":"Point","coordinates":[121.43419,25.20153]},"properties":{"sno":500223085,"name":"YouBike2.0_輕軌崁頂站(西側)","name_en":"YouBike2.0_LRT Kanding Sta. (West)","city":"新北市","city_en":"New Taipei City","area":"淡水區","area_en":"Tamsui Dist","address":"新市六路二段/沙崙路二段(西側)","address_en":"Sec. 2, XinShi 6th Rd. & Sec. 2, ShaLun Rd. (West)","total_quantity":22,"available_bikes":2,"available_spots":20,"yb2_quantity":1,"eyb_quantity":1,"active":true,"latitude":25.20153,"longitude":121.43419,"updated_at":"2026-05-02T14:38:04+08:00"}},{"type":"Feature","geometry":{"type":"Point","coordinates":[121.45989,25.14638]},"properties":{"sno":500223086,"name":"YouBike2.0_竹圍國小","name_en":"YouBike2.0_Zhuwei Elementary School","city":"新北市","city_en":"New Taipei City","area":"淡水區","area_en":"Tamsui Dist","address":"中正東路二段143巷2弄口","address_en":"Aly. 2, Ln. 143, Sec. 2, ZhongZheng E. Rd. Intersection","total_quantity":28,"available_bikes":1,"available_spots":27,"yb2_quantity":1,"eyb_quantity":0,"active":true,"latitude":25.14638,"longitude":121.45989,"updated_at":"2026-05-02T13:11:02+08:00"}},{"type":"Feature","geometry":{"type":"Point","coordinates":[121.43302,25.19301]},"properties":{"sno":500223088,"name":"YouBike2.0_新市二路三段36巷口","name_en":"YouBike2.0_Ln. 36, Sec. 3, XinShi 2nd Rd. Intersection","city":"新北市","city_en":"New Taipei City","area":"淡水區","area_en":"Tamsui Dist","address":"新市二路三段36巷12號(前)","address_en":"No. 12, Ln. 36, Sec. 3, XinShi 2nd Rd. (Front)","total_quantity":22,"available_bikes":2,"available_spots":20,"yb2_quantity":0,"eyb_quantity":2,"active":true,"latitude":25.19301,"longitude":121.43302,"updated_at":"2026-05-02T14:34:03+08:00"}},{"type":"Feature","geometry":{"type":"Point","coordinates":[121.43942,25.18962]},"properties":{"sno":500223089,"name":"YouBike2.0_濱海路一段370號","name_en":"YouBike2.0_No. 370, Sec. 1, BinHai Rd.","city":"新北市","city_en":"New Taipei City","area":"淡水區","area_en":"Tamsui Dist","address":"濱海路一段370號","address_en":"No. 370, Sec. 1, BinHai Rd.","total_quantity":22,"available_bikes":3,"available_spots":19,"yb2_quantity":2,"eyb_quantity":1,"active":true,"latitude":25.18962,"longitude":121.43942,"updated_at":"2026-05-02T14:16:03+08:00"}},{"type":"Feature","geometry":{"type":"Point","coordinates":[121.63852,25.01096]},"properties":{"sno":500224001,"name":"YouBike2.0_深坑松柏街","name_en":"YouBike2.0_Shenkeng Songbo St.","city":"新北市","city_en":"New Taipei City","area":"深坑區","area_en":"shenkeng Dist","address":"松柏街24號西側","address_en":"No. 24, Songbo St., Shenkeng Dist.(West)","total_quantity":34,"available_bikes":8,"available_spots":26,"yb2_quantity":0,"eyb_quantity":8,"active":true,"latitude":25.01096,"longitude":121.63852,"updated_at":"2026-05-02T14:01:02+08:00"}},{"type":"Feature","geometry":{"type":"Point","coordinates":[121.61631,25.0015]},"properties":{"sno":500224002,"name":"YouBike2.0_深坑區公所(深坑老街)","name_en":"YouBike2.0_Shenkeng District Office(Shenkeng Old Street)","city":"新北市","city_en":"New Taipei City","area":"深坑區","area_en":"shenkeng Dist","address":"文化街45號西側","address_en":"No.45, Wenhua St., Shenkeng Dist(park)","total_quantity":30,"available_bikes":16,"available_spots":14,"yb2_quantity":2,"eyb_quantity":14,"active":true,"latitude":25.0015,"longitude":121.61631,"updated_at":"2026-05-02T14:33:03+08:00"}},{"type":"Feature","geometry":{"type":"Point","coordinates":[121.6025,25.0033]},"properties":{"sno":500224003,"name":"YouBike2.0_東南科技大學","name_en":"YouBike2.0_Tungnan University","city":"新北市","city_en":"New Taipei City","area":"深坑區","area_en":"shenkeng Dist","address":"北深路三段170號南側","address_en":"No.170, Sec. 3, Beishen Rd.(South)","total_quantity":18,"available_bikes":8,"available_spots":10,"yb2_quantity":3,"eyb_quantity":5,"active":true,"latitude":25.0033,"longitude":121.6025,"updated_at":"2026-05-02T14:33:03+08:00"}},{"type":"Feature","geometry":{"type":"Point","coordinates":[121.62101,24.99988]},"properties":{"sno":500224004,"name":"YouBike2.0_深坑雲鄉路","name_en":"YouBike2.0_Shenkeng Yunxiang Rd.","city":"新北市","city_en":"New Taipei City","area":"深坑區","area_en":"shenkeng Dist","address":"雲鄉路1號北側","address_en":"No. 1, Yunxiang Rd.","total_quantity":12,"available_bikes":6,"available_spots":6,"yb2_quantity":5,"eyb_quantity":1,"active":true,"latitude":24.99988,"longitude":121.62101,"updated_at":"2026-05-02T14:23:03+08:00"}},{"type":"Feature","geometry":{"type":"Point","coordinates":[121.61987,25.00241]},"properties":{"sno":500224005,"name":"YouBike2.0_埔新街61巷口","name_en":"YouBike2.0_Ln. 61, Puxin St. Intersection","city":"新北市","city_en":"New Taipei City","area":"深坑區","area_en":"shenkeng Dist","address":"埔新街73號(對側)","address_en":"No. 73, Puxin St. (Opposite)","total_quantity":15,"available_bikes":9,"available_spots":6,"yb2_quantity":7,"eyb_quantity":2,"active":true,"latitude":25.00241,"longitude":121.61987,"updated_at":"2026-05-02T14:11:03+08:00"}},{"type":"Feature","geometry":{"type":"Point","coordinates":[121.61889,25.00167]},"properties":{"sno":500224006,"name":"YouBike2.0_深坑國中","name_en":"YouBike2.0_Shenkeng Junior High School","city":"新北市","city_en":"New Taipei City","area":"深坑區","area_en":"shenkeng Dist","address":"文化街56號(對側)","address_en":"No. 65, Wenhua St. (Opposite)","total_quantity":13,"available_bikes":2,"available_spots":11,"yb2_quantity":1,"eyb_quantity":1,"active":true,"latitude":25.00167,"longitude":121.61889,"updated_at":"2026-05-02T14:19:03+08:00"}},{"type":"Feature","geometry":{"type":"Point","coordinates":[121.69042,25.20428]},"properties":{"sno":500225001,"name":"YouBike2.0_野柳地質公園","name_en":"YouBike2.0_Yehliu Geopark","city":"新北市","city_en":"New Taipei City","area":"萬里區","area_en":"Wanli Dist","address":"港東路161號(對面)","address_en":"No. 161, Gangdong, Wanli Dist.(opposite)","total_quantity":60,"available_bikes":0,"available_spots":60,"yb2_quantity":0,"eyb_quantity":0,"active":true,"latitude":25.20428,"longitude":121.69042,"updated_at":"2026-05-02T14:33:18+08:00"}},{"type":"Feature","geometry":{"type":"Point","coordinates":[121.64711,25.21194]},"properties":{"sno":500225002,"name":"YouBike2.0_大鵬停車場","name_en":"YouBike2.0_Dapeng Parking","city":"新北市","city_en":"New Taipei City","area":"萬里區","area_en":"Wanli Dist","address":"加投路/大鵬街口(東側)","address_en":"Jiatou Rd. & Dapeng St. Intersection(East)","total_quantity":15,"available_bikes":4,"available_spots":11,"yb2_quantity":4,"eyb_quantity":0,"active":true,"latitude":25.21194,"longitude":121.64711,"updated_at":"2026-05-02T14:33:03+08:00"}},{"type":"Feature","geometry":{"type":"Point","coordinates":[121.68907,25.17811]},"properties":{"sno":500225003,"name":"YouBike2.0_萬里區行政中心","name_en":"YouBike2.0_Wanli District Admin. Center","city":"新北市","city_en":"New Taipei City","area":"萬里區","area_en":"Wanli Dist","address":"瑪鋉路123號","address_en":"No. 123, Masu Rd.","total_quantity":13,"available_bikes":0,"available_spots":13,"yb2_quantity":0,"eyb_quantity":0,"active":true,"latitude":25.17811,"longitude":121.68907,"updated_at":"2026-05-02T12:52:17+08:00"}},{"type":"Feature","geometry":{"type":"Point","coordinates":[121.68602,25.1956]},"properties":{"sno":500225004,"name":"YouBike2.0_龜吼停車場","name_en":"YouBike2.0_Guihou Parking Lot","city":"新北市","city_en":"New Taipei City","area":"萬里區","area_en":"Wanli Dist","address":"漁澳路33-2號(對面)","address_en":"No. 33-2, Yu'ao Rd.(Opposite)","total_quantity":11,"available_bikes":9,"available_spots":2,"yb2_quantity":9,"eyb_quantity":0,"active":true,"latitude":25.1956,"longitude":121.68602,"updated_at":"2026-05-02T13:31:03+08:00"}},{"type":"Feature","geometry":{"type":"Point","coordinates":[121.70565,25.17489]},"properties":{"sno":500225005,"name":"YouBike2.0_獅子公園","name_en":"YouBike2.0_Lion Park","city":"新北市","city_en":"New Taipei City","area":"萬里區","area_en":"Wanli Dist","address":"獅子公園","address_en":"Lion Park","total_quantity":20,"available_bikes":8,"available_spots":12,"yb2_quantity":6,"eyb_quantity":2,"active":true,"latitude":25.17489,"longitude":121.70565,"updated_at":"2026-05-02T14:37:02+08:00"}},{"type":"Feature","geometry":{"type":"Point","coordinates":[121.68353,25.18676]},"properties":{"sno":500225006,"name":"YouBike2.0_翡翠灣","name_en":"YouBike2.0_Green Bay","city":"新北市","city_en":"New Taipei City","area":"萬里區","area_en":"Wanli Dist","address":"瑪鋉路/玉田路口(東南側)","address_en":"MaSu Rd. & YuTian. Intersection","total_quantity":38,"available_bikes":0,"available_spots":38,"yb2_quantity":0,"eyb_quantity":0,"active":true,"latitude":25.18676,"longitude":121.68353,"updated_at":"2026-05-02T14:25:17+08:00"}},{"type":"Feature","geometry":{"type":"Point","coordinates":[121.68493,25.19117]},"properties":{"sno":500225007,"name":"YouBike2.0_翡翠灣停車場","name_en":"YouBike2.0_Green Bay Car Park","city":"新北市","city_en":"New Taipei City","area":"萬里區","area_en":"Wanli Dist","address":"石角路33號對面","address_en":"No. 33, ShiJiao (Opposite)","total_quantity":54,"available_bikes":16,"available_spots":38,"yb2_quantity":16,"eyb_quantity":0,"active":true,"latitude":25.19117,"longitude":121.68493,"updated_at":"2026-05-02T14:28:04+08:00"}},{"type":"Feature","geometry":{"type":"Point","coordinates":[121.81857,25.12997]},"properties":{"sno":500226002,"name":"YouBike2.0_深澳漁港","name_en":"YouBike2.0_Shen’ao Fishing Port","city":"新北市","city_en":"New Taipei City","area":"瑞芳區","area_en":"Ruifang Dist","address":"深澳路16-7號","address_en":"No. 16-7, Shen'ao Rd. (front)","total_quantity":30,"available_bikes":11,"available_spots":19,"yb2_quantity":10,"eyb_quantity":1,"active":true,"latitude":25.12997,"longitude":121.81857,"updated_at":"2026-05-02T14:37:02+08:00"}},{"type":"Feature","geometry":{"type":"Point","coordinates":[121.81041,25.10712]},"properties":{"sno":500226003,"name":"YouBike2.0_瑞峰橋","name_en":"YouBike2.0_Ruifeng Bridge","city":"新北市","city_en":"New Taipei City","area":"瑞芳區","area_en":"Ruifang Dist","address":"三爪子坑路115號(對面汽車停車格)","address_en":"No.115, Sanzhuazikeng Rd.(opposite)","total_quantity":44,"available_bikes":15,"available_spots":29,"yb2_quantity":15,"eyb_quantity":0,"active":true,"latitude":25.10712,"longitude":121.81041,"updated_at":"2026-05-02T14:06:03+08:00"}},{"type":"Feature","geometry":{"type":"Point","coordinates":[121.8065,25.10851]},"properties":{"sno":500226005,"name":"YouBike2.0_瑞芳火車站","name_en":"YouBike2.0_Ruifang Train Station","city":"新北市","city_en":"New Taipei City","area":"瑞芳區","area_en":"Ruifang Dist","address":"民生街3號","address_en":"No.14, Railway Ln., Minquan St., Ruifang Dist.","total_quantity":28,"available_bikes":11,"available_spots":17,"yb2_quantity":9,"eyb_quantity":2,"active":true,"latitude":25.10851,"longitude":121.8065,"updated_at":"2026-05-02T14:37:02+08:00"}},{"type":"Feature","geometry":{"type":"Point","coordinates":[121.82177,25.10284]},"properties":{"sno":500226006,"name":"YouBike2.0_瑞芳運動公園","name_en":"YouBike2.0_Ruifang Sports Park","city":"新北市","city_en":"New Taipei City","area":"瑞芳區","area_en":"Ruifang Dist","address":"員山子路23號","address_en":"No. 23, Yuanshanzi Rd.","total_quantity":12,"available_bikes":1,"available_spots":11,"yb2_quantity":0,"eyb_quantity":1,"active":true,"latitude":25.10284,"longitude":121.82177,"updated_at":"2026-05-02T14:39:18+08:00"}},{"type":"Feature","geometry":{"type":"Point","coordinates":[121.82719,25.08647]},"properties":{"sno":500226007,"name":"YouBike2.0_猴硐火車站","name_en":"YouBike2.0_Houtong Railway Station","city":"新北市","city_en":"New Taipei City","area":"瑞芳區","area_en":"Ruifang Dist","address":"柴寮路70號","address_en":"No. 70, Chailiao Rd., Ruifang Dist.","total_quantity":60,"available_bikes":36,"available_spots":24,"yb2_quantity":35,"eyb_quantity":1,"active":true,"latitude":25.08647,"longitude":121.82719,"updated_at":"2026-05-02T14:38:04+08:00"}},{"type":"Feature","geometry":{"type":"Point","coordinates":[121.82316,25.06095]},"properties":{"sno":500226008,"name":"YouBike2.0_三貂嶺隧道(金字橋)","name_en":"YouBike2.0_Sandiaoling tunnel (Jinzi Bridge)","city":"新北市","city_en":"New Taipei City","area":"瑞芳區","area_en":"Ruifang Dist","address":"魚寮路22號南側","address_en":"No. 22, Yuliao Rd(South)","total_quantity":30,"available_bikes":3,"available_spots":27,"yb2_quantity":3,"eyb_quantity":0,"active":true,"latitude":25.06095,"longitude":121.82316,"updated_at":"2026-05-02T14:34:03+08:00"}},{"type":"Feature","geometry":{"type":"Point","coordinates":[121.86443,25.12221]},"properties":{"sno":500226009,"name":"YouBike2.0_水湳洞停車場","name_en":"YouBike2.0_ShueiNanDong Car Park","city":"新北市","city_en":"New Taipei City","area":"瑞芳區","area_en":"Ruifang Dist","address":"明里路/洞頂路(東側)","address_en":"MingLi Rd. & DongDing Rd. (East)","total_quantity":20,"available_bikes":9,"available_spots":11,"yb2_quantity":9,"eyb_quantity":0,"active":true,"latitude":25.12221,"longitude":121.86443,"updated_at":"2026-05-02T14:30:03+08:00"}},{"type":"Feature","geometry":{"type":"Point","coordinates":[121.80548,25.13417]},"properties":{"sno":500226010,"name":"YouBike2.0_深澳鐵道自行車八斗子站","name_en":"YouBike2.0_Badouzi Rail Bike Station","city":"新北市","city_en":"New Taipei City","area":"瑞芳區","area_en":"Ruifang Dist","address":"建基路二段117號(對側)","address_en":"No. 117, Sec. 2, JianJi Rd. (Opposite)","total_quantity":15,"available_bikes":7,"available_spots":8,"yb2_quantity":5,"eyb_quantity":2,"active":true,"latitude":25.13417,"longitude":121.80548,"updated_at":"2026-05-02T14:32:02+08:00"}},{"type":"Feature","geometry":{"type":"Point","coordinates":[121.81884,25.10666]},"properties":{"sno":500226011,"name":"YouBike2.0_瑞芳棒球場","name_en":"YouBike2.0_Ruifang Baseball Court","city":"新北市","city_en":"New Taipei City","area":"瑞芳區","area_en":"Ruifang Dist","address":"明燈路一段201巷105之14號(旁)","address_en":"No. 105-14, Ln. 201, Sec. 1, MingDeng Rd. (Side)","total_quantity":25,"available_bikes":8,"available_spots":17,"yb2_quantity":7,"eyb_quantity":1,"active":true,"latitude":25.10666,"longitude":121.81884,"updated_at":"2026-05-02T14:35:03+08:00"}},{"type":"Feature","geometry":{"type":"Point","coordinates":[121.51753,24.98652]},"properties":{"sno":500227001,"name":"YouBike2.0_天山公園(永安街)","name_en":"YouBike2.0_Tianshan Park (Yong'an St.)","city":"新北市","city_en":"New Taipei City","area":"新店區","area_en":"Xindian Dist","address":"永安街22號(對側)","address_en":"No. 22, Yong'an St.(opposite)","total_quantity":30,"available_bikes":19,"available_spots":11,"yb2_quantity":18,"eyb_quantity":1,"active":true,"latitude":24.98652,"longitude":121.51753,"updated_at":"2026-05-02T14:32:02+08:00"}},{"type":"Feature","geometry":{"type":"Point","coordinates":[121.53198,24.98835]},"properties":{"sno":500227002,"name":"YouBike2.0_國家人權博物館","name_en":"YouBike2.0_National Human Rights Museum","city":"新北市","city_en":"New Taipei City","area":"新店區","area_en":"Xindian Dist","address":"復興路131號(旁)","address_en":"No. 131, Fuxing Rd.","total_quantity":15,"available_bikes":15,"available_spots":0,"yb2_quantity":15,"eyb_quantity":0,"active":true,"latitude":24.98835,"longitude":121.53198,"updated_at":"2026-05-02T14:20:20+08:00"}},{"type":"Feature","geometry":{"type":"Point","coordinates":[121.54687,24.97618]},"properties":{"sno":500227003,"name":"YouBike2.0_中興寶橋路口","name_en":"YouBike2.0_Zhongxing Rd. & Baoqiao Rd. Intersection","city":"新北市","city_en":"New Taipei City","area":"新店區","area_en":"Xindian Dist","address":"中興路三段1號(旁)","address_en":"No. 1, Sec. 3, Zhongxing Rd.","total_quantity":61,"available_bikes":42,"available_spots":18,"yb2_quantity":42,"eyb_quantity":0,"active":true,"latitude":24.97618,"longitude":121.54687,"updated_at":"2026-05-02T14:37:02+08:00"}},{"type":"Feature","geometry":{"type":"Point","coordinates":[121.54443,24.97423]},"properties":{"sno":500227004,"name":"YouBike2.0_北新國小","name_en":"YouBike2.0_Beixin Elementary School","city":"新北市","city_en":"New Taipei City","area":"新店區","area_en":"Xindian Dist","address":"寶橋路8號(前人行道)","address_en":"No. 8, Baoqiao Rd.","total_quantity":49,"available_bikes":2,"available_spots":46,"yb2_quantity":1,"eyb_quantity":1,"active":true,"latitude":24.97423,"longitude":121.54443,"updated_at":"2026-05-02T14:36:04+08:00"}},{"type":"Feature","geometry":{"type":"Point","coordinates":[121.52833,24.983819]},"properties":{"sno":500227005,"name":"YouBike2.0_捷運十四張站","name_en":"YouBike2.0_MRT Shisizhang Sta.","city":"新北市","city_en":"New Taipei City","area":"新店區","area_en":"Xindian Dist","address":"民權路282號(旁)","address_en":"No. 282, Minquan Rd.","total_quantity":95,"available_bikes":19,"available_spots":76,"yb2_quantity":17,"eyb_quantity":2,"active":true,"latitude":24.983819,"longitude":121.52833,"updated_at":"2026-05-02T14:39:02+08:00"}},{"type":"Feature","geometry":{"type":"Point","coordinates":[121.52477,24.97924]},"properties":{"sno":500227006,"name":"YouBike2.0_陽光橋","name_en":"YouBike2.0_Yangguang Bridge","city":"新北市","city_en":"New Taipei City","area":"新店區","area_en":"Xindian Dist","address":"中山路/央北一路口","address_en":"Zhongshan Rd. & Yangbei 1st Rd. Intersection","total_quantity":76,"available_bikes":14,"available_spots":62,"yb2_quantity":6,"eyb_quantity":8,"active":true,"latitude":24.97924,"longitude":121.52477,"updated_at":"2026-05-02T14:37:02+08:00"}},{"type":"Feature","geometry":{"type":"Point","coordinates":[121.53029,24.97152]},"properties":{"sno":500227007,"name":"YouBike2.0_捷運小碧潭站(1號出口)","name_en":"YouBike2.0_MRT Xiaobitan Sta. (Exit 1)","city":"新北市","city_en":"New Taipei City","area":"新店區","area_en":"Xindian Dist","address":"環河路23號(旁捷運站內)","address_en":"No. 23, Huanhe Rd.(MRT inside)","total_quantity":29,"available_bikes":16,"available_spots":13,"yb2_quantity":15,"eyb_quantity":1,"active":true,"latitude":24.97152,"longitude":121.53029,"updated_at":"2026-05-02T14:37:02+08:00"}},{"type":"Feature","geometry":{"type":"Point","coordinates":[121.53421,24.97418]},"properties":{"sno":500227008,"name":"YouBike2.0_新店高中","name_en":"YouBike2.0_Hsin Tien Senior High School","city":"新北市","city_en":"New Taipei City","area":"新店區","area_en":"Xindian Dist","address":"三民路161號(旁)","address_en":"No. 161, Sanmin Rd.","total_quantity":47,"available_bikes":12,"available_spots":35,"yb2_quantity":12,"eyb_quantity":0,"active":true,"latitude":24.97418,"longitude":121.53421,"updated_at":"2026-05-02T14:38:04+08:00"}},{"type":"Feature","geometry":{"type":"Point","coordinates":[121.53646,24.9714]},"properties":{"sno":500227009,"name":"YouBike2.0_中正國小","name_en":"YouBike2.0_Zhongzheng Elementary School","city":"新北市","city_en":"New Taipei City","area":"新店區","area_en":"Xindian Dist","address":"三民路34號(前)","address_en":"No. 34, Sanmin Rd.","total_quantity":36,"available_bikes":8,"available_spots":27,"yb2_quantity":5,"eyb_quantity":3,"active":true,"latitude":24.9714,"longitude":121.53646,"updated_at":"2026-05-02T14:39:02+08:00"}},{"type":"Feature","geometry":{"type":"Point","coordinates":[121.53904,24.97156]},"properties":{"sno":500227010,"name":"YouBike2.0_崇光女中","name_en":"YouBike2.0_Our Lady Of Providence Girl's High School","city":"新北市","city_en":"New Taipei City","area":"新店區","area_en":"Xindian Dist","address":"三民路18號(旁)","address_en":"No. 18, Sanmin Rd.","total_quantity":39,"available_bikes":8,"available_spots":31,"yb2_quantity":4,"eyb_quantity":4,"active":true,"latitude":24.97156,"longitude":121.53904,"updated_at":"2026-05-02T14:35:03+08:00"}},{"type":"Feature","geometry":{"type":"Point","coordinates":[121.5476,24.97368]},"properties":{"sno":500227011,"name":"YouBike2.0_寶橋路78巷","name_en":"YouBike2.0_Ln. 78, Baoqiao Rd.","city":"新北市","city_en":"New Taipei City","area":"新店區","area_en":"Xindian Dist","address":"寶橋路78巷10號(旁高速公路橋下空間)","address_en":"No.10, Ln. 78, Baoqiao Rd.","total_quantity":44,"available_bikes":3,"available_spots":41,"yb2_quantity":3,"eyb_quantity":0,"active":true,"latitude":24.97368,"longitude":121.5476,"updated_at":"2026-05-02T14:36:04+08:00"}},{"type":"Feature","geometry":{"type":"Point","coordinates":[121.55234,24.97955]},"properties":{"sno":500227012,"name":"YouBike2.0_寶橋路235巷口","name_en":"YouBike2.0_Ln. 235, Baoqiao Rd.","city":"新北市","city_en":"New Taipei City","area":"新店區","area_en":"Xindian Dist","address":"寶橋路235巷2號(旁)","address_en":"No. 2, Ln. 235, Baoqiao Rd.","total_quantity":44,"available_bikes":5,"available_spots":39,"yb2_quantity":3,"eyb_quantity":2,"active":true,"latitude":24.97955,"longitude":121.55234,"updated_at":"2026-05-02T14:25:03+08:00"}},{"type":"Feature","geometry":{"type":"Point","coordinates":[121.53791,24.97699]},"properties":{"sno":500227013,"name":"YouBike2.0_小金門友誼公園","name_en":"YouBike2.0_Little Kinmen Park","city":"新北市","city_en":"New Taipei City","area":"新店區","area_en":"Xindian Dist","address":"民族路110號東側","address_en":"Minzu Rd./Jianxing St.","total_quantity":60,"available_bikes":16,"available_spots":44,"yb2_quantity":13,"eyb_quantity":3,"active":true,"latitude":24.97699,"longitude":121.53791,"updated_at":"2026-05-02T14:33:03+08:00"}},{"type":"Feature","geometry":{"type":"Point","coordinates":[121.54311,24.96601]},"properties":{"sno":500227014,"name":"YouBike2.0_五峰國中","name_en":"YouBike2.0_Wufeng Junior High School","city":"新北市","city_en":"New Taipei City","area":"新店區","area_en":"Xindian Dist","address":"行政街20號北側","address_en":"No. 20, Xingzheng St., Xindian Dist.","total_quantity":34,"available_bikes":3,"available_spots":31,"yb2_quantity":1,"eyb_quantity":2,"active":true,"latitude":24.96601,"longitude":121.54311,"updated_at":"2026-05-02T14:34:03+08:00"}},{"type":"Feature","geometry":{"type":"Point","coordinates":[121.53398,24.99116]},"properties":{"sno":500227015,"name":"YouBike2.0_大鵬華城","name_en":"YouBike2.0_Dapeng community","city":"新北市","city_en":"New Taipei City","area":"新店區","area_en":"Xindian Dist","address":"新北市新店區中正路700巷3號","address_en":"No. 3, Lane 700 Chung Cheng Road, Xindian District","total_quantity":31,"available_bikes":4,"available_spots":27,"yb2_quantity":4,"eyb_quantity":0,"active":true,"latitude":24.99116,"longitude":121.53398,"updated_at":"2026-05-02T14:35:03+08:00"}},{"type":"Feature","geometry":{"type":"Point","coordinates":[121.54376,24.98288]},"properties":{"sno":500227016,"name":"YouBike2.0_捷運大坪林站(5號出口)","name_en":"YouBike2.0_MRT DaPingLin Station(Exit.5)","city":"新北市","city_en":"New Taipei City","area":"新店區","area_en":"Xindian Dist","address":"中興路三段224號(對面)","address_en":"No. 224, Sec. 3, Zhongxing Rd.(opposite)","total_quantity":92,"available_bikes":14,"available_spots":78,"yb2_quantity":5,"eyb_quantity":9,"active":true,"latitude":24.98288,"longitude":121.54376,"updated_at":"2026-05-02T14:39:02+08:00"}},{"type":"Feature","geometry":{"type":"Point","coordinates":[121.54278,24.97427]},"properties":{"sno":500227018,"name":"YouBike2.0_忠誠里(北新路2段97巷)","name_en":"YouBike2.0_Zhongcheng Village (Ln. 97, Sec. 2, Beixin Rd)","city":"新北市","city_en":"New Taipei City","area":"新店區","area_en":"Xindian Dist","address":"北新路二段/北新路二段97巷","address_en":"Sec. 2, Beixin Rd./Ln. 97, Sec. 2, Beixin Rd.","total_quantity":40,"available_bikes":5,"available_spots":35,"yb2_quantity":3,"eyb_quantity":2,"active":true,"latitude":24.97427,"longitude":121.54278,"updated_at":"2026-05-02T14:36:04+08:00"}},{"type":"Feature","geometry":{"type":"Point","coordinates":[121.52729,24.97531]},"properties":{"sno":500227019,"name":"YouBike2.0_新店公有中央市場","name_en":"YouBike2.0_Zhongyang Market","city":"新北市","city_en":"New Taipei City","area":"新店區","area_en":"Xindian Dist","address":"中央四街64號對面","address_en":"No.64, Zhongyang 4th St. (opposite)","total_quantity":42,"available_bikes":6,"available_spots":36,"yb2_quantity":2,"eyb_quantity":4,"active":true,"latitude":24.97531,"longitude":121.52729,"updated_at":"2026-05-02T14:38:04+08:00"}},{"type":"Feature","geometry":{"type":"Point","coordinates":[121.53746,24.98318]},"properties":{"sno":500227020,"name":"YouBike2.0_建國民權路口","name_en":"YouBike2.0_Jianguo Minquan Intersection","city":"新北市","city_en":"New Taipei City","area":"新店區","area_en":"Xindian Dist","address":"建國路259號前人行道","address_en":"No.259, Jianguo Rd.","total_quantity":32,"available_bikes":22,"available_spots":10,"yb2_quantity":20,"eyb_quantity":2,"active":true,"latitude":24.98318,"longitude":121.53746,"updated_at":"2026-05-02T14:39:02+08:00"}},{"type":"Feature","geometry":{"type":"Point","coordinates":[121.53866,24.95861]},"properties":{"sno":500227021,"name":"YouBike2.0_捷運新店站","name_en":"YouBike2.0_MRT Xindian Sta.","city":"新北市","city_en":"New Taipei City","area":"新店區","area_en":"Xindian Dist","address":"中興路一段34號前(高架橋下停車場)","address_en":"No.34, Sec. 1, Zhongxing Rd.","total_quantity":55,"available_bikes":1,"available_spots":53,"yb2_quantity":1,"eyb_quantity":0,"active":true,"latitude":24.95861,"longitude":121.53866,"updated_at":"2026-05-02T14:38:04+08:00"}},{"type":"Feature","geometry":{"type":"Point","coordinates":[121.51569,24.97532]},"properties":{"sno":500227022,"name":"YouBike2.0_安和市民活動中心","name_en":"YouBike2.0_Anhe Activity Center","city":"新北市","city_en":"New Taipei City","area":"新店區","area_en":"Xindian Dist","address":"安興路67號對面空地 (高架橋下)","address_en":"No.67, Anxing Rd.(oppsite)","total_quantity":25,"available_bikes":0,"available_spots":25,"yb2_quantity":0,"eyb_quantity":0,"active":true,"latitude":24.97532,"longitude":121.51569,"updated_at":"2026-05-02T12:56:18+08:00"}},{"type":"Feature","geometry":{"type":"Point","coordinates":[121.51885,24.97411]},"properties":{"sno":500227023,"name":"YouBike2.0_安和公園","name_en":"YouBike2.0_Anhe Park","city":"新北市","city_en":"New Taipei City","area":"新店區","area_en":"Xindian Dist","address":"新店區安和路二段163號(東南側空地)","address_en":"No.163, Sec. 2, Anhe Rd., Xindian Dist.","total_quantity":44,"available_bikes":12,"available_spots":31,"yb2_quantity":6,"eyb_quantity":6,"active":true,"latitude":24.97411,"longitude":121.51885,"updated_at":"2026-05-02T14:37:02+08:00"}},{"type":"Feature","geometry":{"type":"Point","coordinates":[121.54751,24.97756]},"properties":{"sno":500227024,"name":"YouBike2.0_綠湖公園","name_en":"YouBike2.0_Green Lake Park","city":"新北市","city_en":"New Taipei City","area":"新店區","area_en":"Xindian Dist","address":"中興路三段6號(旁)","address_en":"No. 6, Sec. 3, Zhongxing Rd., Xindian Dist.","total_quantity":44,"available_bikes":25,"available_spots":19,"yb2_quantity":20,"eyb_quantity":5,"active":true,"latitude":24.97756,"longitude":121.54751,"updated_at":"2026-05-02T14:39:02+08:00"}},{"type":"Feature","geometry":{"type":"Point","coordinates":[121.50999,24.96115]},"properties":{"sno":500227025,"name":"YouBike2.0_安成安德街口","name_en":"YouBike2.0_Ancheng & Ande Intersection","city":"新北市","city_en":"New Taipei City","area":"新店區","area_en":"Xindian Dist","address":"安成街26號至36號對面","address_en":"No.26 ~ No.36, Ancheng St.(oppsite)","total_quantity":29,"available_bikes":7,"available_spots":22,"yb2_quantity":6,"eyb_quantity":1,"active":true,"latitude":24.96115,"longitude":121.50999,"updated_at":"2026-05-02T14:38:04+08:00"}},{"type":"Feature","geometry":{"type":"Point","coordinates":[121.5474,24.95091]},"properties":{"sno":500227026,"name":"YouBike2.0_青潭河濱公園","name_en":"YouBike2.0_Qingtan Riverside Park","city":"新北市","city_en":"New Taipei City","area":"新店區","area_en":"Xindian Dist","address":"新烏路一段11弄11號(對面)","address_en":"No. 11, Aly. 11, Sec. 1, Xinwu Rd., Xindian Dist.(opposite)","total_quantity":20,"available_bikes":6,"available_spots":14,"yb2_quantity":6,"eyb_quantity":0,"active":true,"latitude":24.95091,"longitude":121.5474,"updated_at":"2026-05-02T14:38:04+08:00"}},{"type":"Feature","geometry":{"type":"Point","coordinates":[121.51267,24.96261]},"properties":{"sno":500227027,"name":"YouBike2.0_安康立體停車場","name_en":"YouBike2.0_An Kang Parking Lot","city":"新北市","city_en":"New Taipei City","area":"新店區","area_en":"Xindian Dist","address":"安德街2號(前)","address_en":"No. 2, Ande St., Xindian Dist.","total_quantity":30,"available_bikes":25,"available_spots":5,"yb2_quantity":21,"eyb_quantity":4,"active":true,"latitude":24.96261,"longitude":121.51267,"updated_at":"2026-05-02T14:26:02+08:00"}},{"type":"Feature","geometry":{"type":"Point","coordinates":[121.55947,24.95446]},"properties":{"sno":500227028,"name":"YouBike2.0_中印青潭廠","name_en":"YouBike2.0_CEPP Qingtan Factory","city":"新北市","city_en":"New Taipei City","area":"新店區","area_en":"Xindian Dist","address":"北宜路二段399號(旁)","address_en":"No. 399, Sec. 2, Beiyi Rd., Xindian Dist.","total_quantity":25,"available_bikes":10,"available_spots":15,"yb2_quantity":4,"eyb_quantity":6,"active":true,"latitude":24.95446,"longitude":121.55947,"updated_at":"2026-05-02T14:03:02+08:00"}},{"type":"Feature","geometry":{"type":"Point","coordinates":[121.5336,24.98263]},"properties":{"sno":500227029,"name":"YouBike2.0_中正民權路口","name_en":"YouBike2.0_Zhongzheng & Minquan Intersection","city":"新北市","city_en":"New Taipei City","area":"新店區","area_en":"Xindian Dist","address":"中正路489號(旁)","address_en":"No. 489, Zhongzheng Rd., Xindian Dist.","total_quantity":92,"available_bikes":12,"available_spots":80,"yb2_quantity":11,"eyb_quantity":1,"active":true,"latitude":24.98263,"longitude":121.5336,"updated_at":"2026-05-02T14:39:02+08:00"}},{"type":"Feature","geometry":{"type":"Point","coordinates":[121.54338,24.97042]},"properties":{"sno":500227030,"name":"YouBike2.0_惠國市場","name_en":"YouBike2.0_Huiguo Market","city":"新北市","city_en":"New Taipei City","area":"新店區","area_en":"Xindian Dist","address":"中正路75巷至中正路95巷間","address_en":"Ln. 75 to Ln. 95 , Zhongzheng Rd.","total_quantity":36,"available_bikes":9,"available_spots":27,"yb2_quantity":9,"eyb_quantity":0,"active":true,"latitude":24.97042,"longitude":121.54338,"updated_at":"2026-05-02T14:06:03+08:00"}},{"type":"Feature","geometry":{"type":"Point","coordinates":[121.54617,24.96991]},"properties":{"sno":500227031,"name":"YouBike2.0_中興中正路口","name_en":"YouBike2.0_Zhongxing & Zhongzheng Intersection","city":"新北市","city_en":"New Taipei City","area":"新店區","area_en":"Xindian Dist","address":"中興路二段41號(前)","address_en":"No.41, Sec. 2, Zhongxing Rd., Xindian Dist.","total_quantity":30,"available_bikes":6,"available_spots":24,"yb2_quantity":5,"eyb_quantity":1,"active":true,"latitude":24.96991,"longitude":121.54617,"updated_at":"2026-05-02T14:34:03+08:00"}},{"type":"Feature","geometry":{"type":"Point","coordinates":[121.54205,24.96757]},"properties":{"sno":500227032,"name":"YouBike2.0_新店行政園區","name_en":"YouBike2.0_Xindian Administrative Park","city":"新北市","city_en":"New Taipei City","area":"新店區","area_en":"Xindian Dist","address":"北新路一段88巷1號(對面)","address_en":"No. 1, Ln. 88, Sec. 1, Beixin Rd., Xindian Dist.(opposite)","total_quantity":93,"available_bikes":57,"available_spots":36,"yb2_quantity":53,"eyb_quantity":4,"active":true,"latitude":24.96757,"longitude":121.54205,"updated_at":"2026-05-02T14:39:02+08:00"}},{"type":"Feature","geometry":{"type":"Point","coordinates":[121.54009,24.96316]},"properties":{"sno":500227033,"name":"YouBike2.0_光明街","name_en":"YouBike2.0_Guangming St.","city":"新北市","city_en":"New Taipei City","area":"新店區","area_en":"Xindian Dist","address":"光明街185號(對面)","address_en":"No.185, Guangming St., Xindian Dist.(opposite)","total_quantity":27,"available_bikes":10,"available_spots":17,"yb2_quantity":9,"eyb_quantity":1,"active":true,"latitude":24.96316,"longitude":121.54009,"updated_at":"2026-05-02T14:38:04+08:00"}},{"type":"Feature","geometry":{"type":"Point","coordinates":[121.54101,24.96737]},"properties":{"sno":500227034,"name":"YouBike2.0_捷運新店區公所站(1號出口)","name_en":"YouBike2.0_MRT Xindian District Office Sta.(Exit.1)","city":"新北市","city_en":"New Taipei City","area":"新店區","area_en":"Xindian Dist","address":"中華路3號(對面)","address_en":"No.3, Zhonghua Rd., Xindian Dist.","total_quantity":42,"available_bikes":18,"available_spots":24,"yb2_quantity":16,"eyb_quantity":2,"active":true,"latitude":24.96737,"longitude":121.54101,"updated_at":"2026-05-02T14:38:04+08:00"}},{"type":"Feature","geometry":{"type":"Point","coordinates":[121.5409,24.98214]},"properties":{"sno":500227035,"name":"YouBike2.0_新北市立圖書館新店分館","name_en":"YouBike2.0_New Taipei City Library Xindian Branch","city":"新北市","city_en":"New Taipei City","area":"新店區","area_en":"Xindian Dist","address":"新店區北新路三段105巷2號(路側)","address_en":"No.2, Ln. 105, Sec. 3, Beixin Rd., Xindian Dist.","total_quantity":35,"available_bikes":16,"available_spots":15,"yb2_quantity":15,"eyb_quantity":1,"active":true,"latitude":24.98214,"longitude":121.5409,"updated_at":"2026-05-02T14:37:02+08:00"}},{"type":"Feature","geometry":{"type":"Point","coordinates":[121.54195,24.98694]},"properties":{"sno":500227036,"name":"YouBike2.0_中興寶慶街口","name_en":"YouBike2.0_Zhongxing & Baoqing Intersection","city":"新北市","city_en":"New Taipei City","area":"新店區","area_en":"Xindian Dist","address":"中興路三段/寶慶街","address_en":"Sec. 3, Zhongxing Rd./Baoqing St.","total_quantity":49,"available_bikes":20,"available_spots":29,"yb2_quantity":20,"eyb_quantity":0,"active":true,"latitude":24.98694,"longitude":121.54195,"updated_at":"2026-05-02T14:35:03+08:00"}},{"type":"Feature","geometry":{"type":"Point","coordinates":[121.52751,24.98202]},"properties":{"sno":500227037,"name":"YouBike2.0_民生路156巷","name_en":"YouBike2.0_Ln. 156, Minsheng Rd.","city":"新北市","city_en":"New Taipei City","area":"新店區","area_en":"Xindian Dist","address":"民生路156巷80號(旁)","address_en":"No. 80, Ln. 156, Minsheng Rd. (Side)","total_quantity":31,"available_bikes":1,"available_spots":30,"yb2_quantity":1,"eyb_quantity":0,"active":true,"latitude":24.98202,"longitude":121.52751,"updated_at":"2026-05-02T14:11:22+08:00"}},{"type":"Feature","geometry":{"type":"Point","coordinates":[121.52183,24.98677]},"properties":{"sno":500227038,"name":"YouBike2.0_新和活動中心","name_en":"YouBike2.0_Xinhe Activity Center","city":"新北市","city_en":"New Taipei City","area":"新店區","area_en":"Xindian Dist","address":"新和街109號","address_en":"No. 109, Xinhe St., Xindian Dist.","total_quantity":37,"available_bikes":14,"available_spots":23,"yb2_quantity":13,"eyb_quantity":1,"active":true,"latitude":24.98677,"longitude":121.52183,"updated_at":"2026-05-02T14:12:04+08:00"}},{"type":"Feature","geometry":{"type":"Point","coordinates":[121.51768,24.98498]},"properties":{"sno":500227039,"name":"YouBike2.0_新店新和國小","name_en":"YouBike2.0_Hsin Tien Xinhe Elementary School","city":"新北市","city_en":"New Taipei City","area":"新店區","area_en":"Xindian Dist","address":"安和路三段100號","address_en":"No.100, Sec. 3, Anhe Rd., Xindian Dist.","total_quantity":36,"available_bikes":9,"available_spots":27,"yb2_quantity":9,"eyb_quantity":0,"active":true,"latitude":24.98498,"longitude":121.51768,"updated_at":"2026-05-02T14:09:03+08:00"}},{"type":"Feature","geometry":{"type":"Point","coordinates":[121.51555,24.9794]},"properties":{"sno":500227040,"name":"YouBike2.0_陽光Park社區","name_en":"YouBike2.0_The Young Area Community","city":"新北市","city_en":"New Taipei City","area":"新店區","area_en":"Xindian Dist","address":"安興路121號","address_en":"No. 121, Anxing Rd., Xindian Dist.","total_quantity":21,"available_bikes":4,"available_spots":17,"yb2_quantity":4,"eyb_quantity":0,"active":true,"latitude":24.9794,"longitude":121.51555,"updated_at":"2026-05-02T14:31:03+08:00"}},{"type":"Feature","geometry":{"type":"Point","coordinates":[121.51521,24.96927]},"properties":{"sno":500227041,"name":"YouBike2.0_安康高中","name_en":"YouBike2.0_An Kang High School","city":"新北市","city_en":"New Taipei City","area":"新店區","area_en":"Xindian Dist","address":"安興路25號","address_en":"No. 25, Anxing Rd., Xindian Dist.","total_quantity":75,"available_bikes":9,"available_spots":64,"yb2_quantity":8,"eyb_quantity":1,"active":true,"latitude":24.96927,"longitude":121.51521,"updated_at":"2026-05-02T14:31:03+08:00"}},{"type":"Feature","geometry":{"type":"Point","coordinates":[121.51648,24.96678]},"properties":{"sno":500227042,"name":"YouBike2.0_柴埕市民活動中心","name_en":"YouBike2.0_Chaicheng Civic Activity Center","city":"新北市","city_en":"New Taipei City","area":"新店區","area_en":"Xindian Dist","address":"安民街73號","address_en":"No. 73, Anmin St.","total_quantity":30,"available_bikes":6,"available_spots":24,"yb2_quantity":5,"eyb_quantity":1,"active":true,"latitude":24.96678,"longitude":121.51648,"updated_at":"2026-05-02T14:32:02+08:00"}},{"type":"Feature","geometry":{"type":"Point","coordinates":[121.51446,24.96423]},"properties":{"sno":500227043,"name":"YouBike2.0_安光公園","name_en":"YouBike2.0_Anguang Park","city":"新北市","city_en":"New Taipei City","area":"新店區","area_en":"Xindian Dist","address":"安民街3巷25號北側","address_en":"No. 25, Ln. 3, Anmin St., Xindian Dist.","total_quantity":32,"available_bikes":5,"available_spots":27,"yb2_quantity":1,"eyb_quantity":4,"active":true,"latitude":24.96423,"longitude":121.51446,"updated_at":"2026-05-02T14:31:03+08:00"}},{"type":"Feature","geometry":{"type":"Point","coordinates":[121.51293,24.9595]},"properties":{"sno":500227044,"name":"YouBike2.0_安居公教住宅","name_en":"YouBike2.0_Anju Civil Service Housing","city":"新北市","city_en":"New Taipei City","area":"新店區","area_en":"Xindian Dist","address":"安忠路52號","address_en":"No. 52, Anzhong Rd., Xindian Dist.","total_quantity":24,"available_bikes":4,"available_spots":20,"yb2_quantity":2,"eyb_quantity":2,"active":true,"latitude":24.9595,"longitude":121.51293,"updated_at":"2026-05-02T14:36:04+08:00"}},{"type":"Feature","geometry":{"type":"Point","coordinates":[121.5348,24.95656]},"properties":{"sno":500227045,"name":"YouBike2.0_碧潭西岸","name_en":"YouBike2.0_Bitan West Coast","city":"新北市","city_en":"New Taipei City","area":"新店區","area_en":"Xindian Dist","address":"碧潭路2號","address_en":"No.2, Bitan Rd., Xindian Dist.","total_quantity":37,"available_bikes":4,"available_spots":33,"yb2_quantity":4,"eyb_quantity":0,"active":true,"latitude":24.95656,"longitude":121.5348,"updated_at":"2026-05-02T14:35:03+08:00"}},{"type":"Feature","geometry":{"type":"Point","coordinates":[121.53746,24.9531]},"properties":{"sno":500227046,"name":"YouBike2.0_碧潭渡船頭","name_en":"YouBike2.0_Bitan Ferry","city":"新北市","city_en":"New Taipei City","area":"新店區","area_en":"Xindian Dist","address":"新店路36號西側","address_en":"No.36, Xindian Rd., Xindian Dist.(West)","total_quantity":26,"available_bikes":3,"available_spots":22,"yb2_quantity":0,"eyb_quantity":3,"active":true,"latitude":24.9531,"longitude":121.53746,"updated_at":"2026-05-02T14:36:04+08:00"}},{"type":"Feature","geometry":{"type":"Point","coordinates":[121.53937,24.95521]},"properties":{"sno":500227047,"name":"YouBike2.0_文山國中","name_en":"YouBike2.0_Wenshan Junior High School","city":"新北市","city_en":"New Taipei City","area":"新店區","area_en":"Xindian Dist","address":"北宜路一段107-2號","address_en":"No. 107-2, Sec. 1, Beiyi Rd., Xindian Dist.","total_quantity":25,"available_bikes":8,"available_spots":16,"yb2_quantity":4,"eyb_quantity":4,"active":true,"latitude":24.95521,"longitude":121.53937,"updated_at":"2026-05-02T14:18:03+08:00"}},{"type":"Feature","geometry":{"type":"Point","coordinates":[121.55181,24.9531]},"properties":{"sno":500227048,"name":"YouBike2.0_青潭國小","name_en":"YouBike2.0_Qing-Tan Elementary School","city":"新北市","city_en":"New Taipei City","area":"新店區","area_en":"Xindian Dist","address":"北宜路二段80號","address_en":"No. 80, Sec. 2, Beiyi Rd.","total_quantity":27,"available_bikes":1,"available_spots":26,"yb2_quantity":0,"eyb_quantity":1,"active":true,"latitude":24.9531,"longitude":121.55181,"updated_at":"2026-05-02T14:34:03+08:00"}},{"type":"Feature","geometry":{"type":"Point","coordinates":[121.53842,24.9747]},"properties":{"sno":500227049,"name":"YouBike2.0_中正路284巷","name_en":"YouBike2.0_Ln. 284, Zhongzheng Rd.","city":"新北市","city_en":"New Taipei City","area":"新店區","area_en":"Xindian Dist","address":"中正路284巷4弄3號南側","address_en":"No.3, Aly.4, Ln. 284, Zhongzheng Rd., Xindian Dist.(South)","total_quantity":29,"available_bikes":4,"available_spots":25,"yb2_quantity":4,"eyb_quantity":0,"active":true,"latitude":24.9747,"longitude":121.53842,"updated_at":"2026-05-02T14:37:02+08:00"}},{"type":"Feature","geometry":{"type":"Point","coordinates":[121.52643,24.98263]},"properties":{"sno":500227050,"name":"YouBike2.0_央北社會住宅","name_en":"YouBike2.0_Yangbei Youth Rental House","city":"新北市","city_en":"New Taipei City","area":"新店區","area_en":"Xindian Dist","address":"央北二路十四張口(西南側人行道)","address_en":"Yangbei 2nd Rd. & Shisizhang Rd. Intersection (Southwest)","total_quantity":64,"available_bikes":23,"available_spots":41,"yb2_quantity":23,"eyb_quantity":0,"active":true,"latitude":24.98263,"longitude":121.52643,"updated_at":"2026-05-02T14:39:02+08:00"}},{"type":"Feature","geometry":{"type":"Point","coordinates":[121.5475,24.97136]},"properties":{"sno":500227051,"name":"YouBike2.0_中興路2段100巷口","name_en":"YouBike2.0_Ln. 100, Sec. 2, Zhongxing Rd.","city":"新北市","city_en":"New Taipei City","area":"新店區","area_en":"Xindian Dist","address":"五峰路63巷/中興路二段100巷口(天橋旁)","address_en":"Ln. 63, Wufeng Rd./Ln. 100, Sec. 2, Zhongxing Rd., Xindian Dist.","total_quantity":21,"available_bikes":5,"available_spots":16,"yb2_quantity":4,"eyb_quantity":1,"active":true,"latitude":24.97136,"longitude":121.5475,"updated_at":"2026-05-02T14:38:04+08:00"}},{"type":"Feature","geometry":{"type":"Point","coordinates":[121.537,24.9859]},"properties":{"sno":500227052,"name":"YouBike2.0_台北慈濟醫院","name_en":"YouBike2.0_Taipei Tzu Chi Hospital","city":"新北市","city_en":"New Taipei City","area":"新店區","area_en":"Xindian Dist","address":"建國路289號旁空地","address_en":"No.289, Jianguo Rd.","total_quantity":40,"available_bikes":14,"available_spots":26,"yb2_quantity":13,"eyb_quantity":1,"active":true,"latitude":24.9859,"longitude":121.537,"updated_at":"2026-05-02T14:38:04+08:00"}},{"type":"Feature","geometry":{"type":"Point","coordinates":[121.542767,24.974996]},"properties":{"sno":500227053,"name":"YouBike2.0_捷運七張站(1號出口)","name_en":"YouBike2.0_MRT Qizhang Sta. (Exit 1)","city":"新北市","city_en":"New Taipei City","area":"新店區","area_en":"Xindian Dist","address":"北新路二段/北新路二段121巷","address_en":"Sec. 2, Beixin Rd./Ln. 121, Sec. 2, Beixin Rd.","total_quantity":42,"available_bikes":7,"available_spots":34,"yb2_quantity":3,"eyb_quantity":4,"active":true,"latitude":24.974996,"longitude":121.542767,"updated_at":"2026-05-02T14:39:02+08:00"}},{"type":"Feature","geometry":{"type":"Point","coordinates":[121.541,24.9828]},"properties":{"sno":500227054,"name":"YouBike2.0_捷運大坪林站(1號出口)","name_en":"YouBike2.0_MRT DaPingLin Station(Beixin & MinQuan Intersection)","city":"新北市","city_en":"New Taipei City","area":"新店區","area_en":"Xindian Dist","address":"北新路三段129號(右側人行道)","address_en":"No.129, Sec. 3, Beixin Rd., Xindian Dist.","total_quantity":47,"available_bikes":34,"available_spots":3,"yb2_quantity":28,"eyb_quantity":6,"active":true,"latitude":24.9828,"longitude":121.541,"updated_at":"2026-05-02T14:38:04+08:00"}},{"type":"Feature","geometry":{"type":"Point","coordinates":[121.53103,24.97508]},"properties":{"sno":500227055,"name":"YouBike2.0_新店高中(中央路)","name_en":"YouBike2.0_Hsin Tien Senior High School (Zhongyang Rd.)","city":"新北市","city_en":"New Taipei City","area":"新店區","area_en":"Xindian Dist","address":"中央路97號(對面)","address_en":"No. 97, Zhongyang Rd., Xindian Dist.(opposite)","total_quantity":85,"available_bikes":7,"available_spots":65,"yb2_quantity":5,"eyb_quantity":2,"active":true,"latitude":24.97508,"longitude":121.53103,"updated_at":"2026-05-02T14:39:02+08:00"}},{"type":"Feature","geometry":{"type":"Point","coordinates":[121.52635,24.98285]},"properties":{"sno":500227056,"name":"YouBike2.0_十四張央北二路口(波爾多社區)","name_en":"YouBike2.0_Shisizhang & Yangbei 2nd Intersection","city":"新北市","city_en":"New Taipei City","area":"新店區","area_en":"Xindian Dist","address":"十四張路/央北二路口(西北側人行道)","address_en":"Shisizhang & Yangbei 2nd Intersection","total_quantity":40,"available_bikes":13,"available_spots":27,"yb2_quantity":13,"eyb_quantity":0,"active":true,"latitude":24.98285,"longitude":121.52635,"updated_at":"2026-05-02T14:15:02+08:00"}},{"type":"Feature","geometry":{"type":"Point","coordinates":[121.551,24.9775]},"properties":{"sno":500227057,"name":"YouBike2.0_寶高智慧產業園區","name_en":"YouBike2.0_Baogao Intelligent Industrial Park","city":"新北市","city_en":"New Taipei City","area":"新店區","area_en":"Xindian Dist","address":"寶高路10號(旁)","address_en":"No. 10, Baogao Rd.","total_quantity":35,"available_bikes":14,"available_spots":21,"yb2_quantity":14,"eyb_quantity":0,"active":true,"latitude":24.9775,"longitude":121.551,"updated_at":"2026-05-02T14:33:03+08:00"}},{"type":"Feature","geometry":{"type":"Point","coordinates":[121.53,24.9789]},"properties":{"sno":500227058,"name":"YouBike2.0_順德街(御中央3社區)","name_en":"YouBike2.0_Shunde St.","city":"新北市","city_en":"New Taipei City","area":"新店區","area_en":"Xindian Dist","address":"斯馨路70巷60號(旁)","address_en":"No. 60, Ln. 70, Sixin Rd.","total_quantity":36,"available_bikes":1,"available_spots":35,"yb2_quantity":1,"eyb_quantity":0,"active":true,"latitude":24.9789,"longitude":121.53,"updated_at":"2026-05-02T14:33:18+08:00"}},{"type":"Feature","geometry":{"type":"Point","coordinates":[121.54905,24.97344]},"properties":{"sno":500227059,"name":"YouBike2.0_台灣科技總部","name_en":"YouBike2.0_Taiwan Technology Headquarter","city":"新北市","city_en":"New Taipei City","area":"新店區","area_en":"Xindian Dist","address":"寶興路47號西側","address_en":"No. 47, Baoxing Rd.(West)","total_quantity":11,"available_bikes":0,"available_spots":11,"yb2_quantity":0,"eyb_quantity":0,"active":true,"latitude":24.97344,"longitude":121.54905,"updated_at":"2026-05-02T14:16:17+08:00"}},{"type":"Feature","geometry":{"type":"Point","coordinates":[121.53339,24.97878]},"properties":{"sno":500227060,"name":"YouBike2.0_央北三中央路口(全陽大璽)","name_en":"YouBike2.0_Yangbei 3rd & Zhongyang Rd. Intersection","city":"新北市","city_en":"New Taipei City","area":"新店區","area_en":"Xindian Dist","address":"中央路3號對面(西側)","address_en":"No. 3, Zhongyang Rd.(West)","total_quantity":73,"available_bikes":16,"available_spots":57,"yb2_quantity":15,"eyb_quantity":1,"active":true,"latitude":24.97878,"longitude":121.53339,"updated_at":"2026-05-02T14:39:02+08:00"}},{"type":"Feature","geometry":{"type":"Point","coordinates":[121.53536,24.9431]},"properties":{"sno":500227061,"name":"YouBike2.0_直潭淨水廠(直潭二街)","name_en":"YouBike2.0_Zhitan Purification Plant(Zhitan 2nd St.)","city":"新北市","city_en":"New Taipei City","area":"新店區","area_en":"Xindian Dist","address":"直潭路與直潭二街口","address_en":"Zhitan Rd. & Zhitan 2nd St. Intersection","total_quantity":15,"available_bikes":6,"available_spots":9,"yb2_quantity":4,"eyb_quantity":2,"active":true,"latitude":24.9431,"longitude":121.53536,"updated_at":"2026-05-02T07:00:03+08:00"}},{"type":"Feature","geometry":{"type":"Point","coordinates":[121.53329,24.93893]},"properties":{"sno":500227062,"name":"YouBike2.0_直潭活動中心","name_en":"YouBike2.0_Zhitan Community Center","city":"新北市","city_en":"New Taipei City","area":"新店區","area_en":"Xindian Dist","address":"直潭十街與直潭九街口","address_en":"Zhitan 10th St. & Zhitan 9th St. Intersection","total_quantity":15,"available_bikes":8,"available_spots":7,"yb2_quantity":5,"eyb_quantity":3,"active":true,"latitude":24.93893,"longitude":121.53329,"updated_at":"2026-05-02T06:22:03+08:00"}},{"type":"Feature","geometry":{"type":"Point","coordinates":[121.51604,24.98316]},"properties":{"sno":500227063,"name":"YouBike2.0_永平街23巷","name_en":"YouBike2.0_Ln. 23, Yongping St.","city":"新北市","city_en":"New Taipei City","area":"新店區","area_en":"Xindian Dist","address":"永平街23巷11號(旁)","address_en":"No. 11, Ln. 23, Yongping St.","total_quantity":18,"available_bikes":9,"available_spots":9,"yb2_quantity":6,"eyb_quantity":3,"active":true,"latitude":24.98316,"longitude":121.51604,"updated_at":"2026-05-02T14:39:02+08:00"}},{"type":"Feature","geometry":{"type":"Point","coordinates":[121.52844,24.979]},"properties":{"sno":500227064,"name":"YouBike2.0_十四張歷史公園(南側)","name_en":"YouBike2.0_Shisizhang Park(South)","city":"新北市","city_en":"New Taipei City","area":"新店區","area_en":"Xindian Dist","address":"啟文央北二路口北側","address_en":"Qiwen Yangbei 2nd Rd. Intersection(North)","total_quantity":20,"available_bikes":1,"available_spots":18,"yb2_quantity":1,"eyb_quantity":0,"active":true,"latitude":24.979,"longitude":121.52844,"updated_at":"2026-05-02T14:39:18+08:00"}},{"type":"Feature","geometry":{"type":"Point","coordinates":[121.53587,24.97875]},"properties":{"sno":500227065,"name":"YouBike2.0_大豐公園停車場","name_en":"YouBike2.0_Dafeng Park Parking","city":"新北市","city_en":"New Taipei City","area":"新店區","area_en":"Xindian Dist","address":"二十張路129巷2弄2號(南側)","address_en":"No. 2, Aly. 2, Ln. 129, Ershizhang Rd.(South)","total_quantity":15,"available_bikes":1,"available_spots":14,"yb2_quantity":1,"eyb_quantity":0,"active":true,"latitude":24.97875,"longitude":121.53587,"updated_at":"2026-05-02T14:39:02+08:00"}},{"type":"Feature","geometry":{"type":"Point","coordinates":[121.54351,24.97914]},"properties":{"sno":500227067,"name":"YouBike2.0_寶強文化路口","name_en":"YouBike2.0_Baoqiang Wenhua Rd. Intersection","city":"新北市","city_en":"New Taipei City","area":"新店區","area_en":"Xindian Dist","address":"寶強路23號(前)","address_en":"No. 23, Baoqiang Rd.","total_quantity":11,"available_bikes":3,"available_spots":8,"yb2_quantity":3,"eyb_quantity":0,"active":true,"latitude":24.97914,"longitude":121.54351,"updated_at":"2026-05-02T14:33:03+08:00"}},{"type":"Feature","geometry":{"type":"Point","coordinates":[121.54284,24.97775]},"properties":{"sno":500227068,"name":"YouBike2.0_北新路二段228巷口","name_en":"YouBike2.0_Ln. 228, Sec. 2, Beixin Rd. Intersection","city":"新北市","city_en":"New Taipei City","area":"新店區","area_en":"Xindian Dist","address":"北新路二段228巷1號","address_en":"No. 1, Ln. 228, Sec. 2, Beixin Rd.","total_quantity":12,"available_bikes":2,"available_spots":10,"yb2_quantity":2,"eyb_quantity":0,"active":true,"latitude":24.97775,"longitude":121.54284,"updated_at":"2026-05-02T14:39:02+08:00"}},{"type":"Feature","geometry":{"type":"Point","coordinates":[121.54878,24.98047]},"properties":{"sno":500227070,"name":"YouBike2.0_寶中路97巷口","name_en":"YouBike2.0_Ln. 97, Baozhong Rd. Intersection","city":"新北市","city_en":"New Taipei City","area":"新店區","area_en":"Xindian Dist","address":"寶中路95號(前)","address_en":"No. 95, Baozhong Rd.","total_quantity":13,"available_bikes":1,"available_spots":12,"yb2_quantity":1,"eyb_quantity":0,"active":true,"latitude":24.98047,"longitude":121.54878,"updated_at":"2026-05-02T14:28:04+08:00"}},{"type":"Feature","geometry":{"type":"Point","coordinates":[121.55028,24.97862]},"properties":{"sno":500227071,"name":"YouBike2.0_寶中寶橋路口","name_en":"YouBike2.0_Baozhong Baoqiao Rd. Intersection","city":"新北市","city_en":"New Taipei City","area":"新店區","area_en":"Xindian Dist","address":"寶中路136號(對面)","address_en":"No. 136, Baozhong Rd.","total_quantity":17,"available_bikes":4,"available_spots":13,"yb2_quantity":4,"eyb_quantity":0,"active":true,"latitude":24.97862,"longitude":121.55028,"updated_at":"2026-05-02T14:36:04+08:00"}},{"type":"Feature","geometry":{"type":"Point","coordinates":[121.55102,24.98278]},"properties":{"sno":500227072,"name":"YouBike2.0_寶橋路235巷","name_en":"YouBike2.0_Ln. 235, Baoqiao Rd. Intersection","city":"新北市","city_en":"New Taipei City","area":"新店區","area_en":"Xindian Dist","address":"寶橋路235巷18號(旁)","address_en":"No. 18, Ln. 235, Baoqiao Rd.","total_quantity":32,"available_bikes":18,"available_spots":14,"yb2_quantity":16,"eyb_quantity":2,"active":true,"latitude":24.98278,"longitude":121.55102,"updated_at":"2026-05-02T14:35:03+08:00"}},{"type":"Feature","geometry":{"type":"Point","coordinates":[121.54389,24.97492]},"properties":{"sno":500227073,"name":"YouBike2.0_寶橋路29巷","name_en":"YouBike2.0_Ln. 29, Baoqiao Rd. Intersection","city":"新北市","city_en":"New Taipei City","area":"新店區","area_en":"Xindian Dist","address":"寶橋路29巷18號南側","address_en":"No. 18, Ln. 29, Baoqiao Rd.(South)","total_quantity":10,"available_bikes":4,"available_spots":6,"yb2_quantity":1,"eyb_quantity":3,"active":true,"latitude":24.97492,"longitude":121.54389,"updated_at":"2026-05-02T14:30:03+08:00"}},{"type":"Feature","geometry":{"type":"Point","coordinates":[121.54185,24.96337]},"properties":{"sno":500227074,"name":"YouBike2.0_中興檳榔路口","name_en":"YouBike2.0_Zhongxing Binlang Rd. Intersection","city":"新北市","city_en":"New Taipei City","area":"新店區","area_en":"Xindian Dist","address":"中興路一段/檳榔路(西南側)","address_en":"Sec. 1, Zhongxing Rd. & Binlang Rd.(Southwest)","total_quantity":13,"available_bikes":8,"available_spots":5,"yb2_quantity":7,"eyb_quantity":1,"active":true,"latitude":24.96337,"longitude":121.54185,"updated_at":"2026-05-02T14:39:02+08:00"}},{"type":"Feature","geometry":{"type":"Point","coordinates":[121.54061,24.96561]},"properties":{"sno":500227075,"name":"YouBike2.0_北新新生街口","name_en":"YouBike2.0_Beixin Xinsheng St. Intersection","city":"新北市","city_en":"New Taipei City","area":"新店區","area_en":"Xindian Dist","address":"北新路一段235號(旁)","address_en":"No. 235, Sec. 1, Beixin Rd.","total_quantity":12,"available_bikes":4,"available_spots":8,"yb2_quantity":4,"eyb_quantity":0,"active":true,"latitude":24.96561,"longitude":121.54061,"updated_at":"2026-05-02T14:38:04+08:00"}},{"type":"Feature","geometry":{"type":"Point","coordinates":[121.5445,24.98037]},"properties":{"sno":500227076,"name":"YouBike2.0_中興文化路口(東南側)","name_en":"YouBike2.0_Zhongxing Wenhua Rd. Intersection(Southeast)","city":"新北市","city_en":"New Taipei City","area":"新店區","area_en":"Xindian Dist","address":"中興路三段138號(前)","address_en":"No. 138, Sec. 3, Zhongxing Rd.","total_quantity":19,"available_bikes":6,"available_spots":13,"yb2_quantity":4,"eyb_quantity":2,"active":true,"latitude":24.98037,"longitude":121.5445,"updated_at":"2026-05-02T14:37:02+08:00"}},{"type":"Feature","geometry":{"type":"Point","coordinates":[121.48628,24.95186]},"properties":{"sno":500227077,"name":"YouBike2.0_雙城國小","name_en":"YouBike2.0_Shuangcheng Elementary School","city":"新北市","city_en":"New Taipei City","area":"新店區","area_en":"Xindian Dist","address":"安康路三段322號","address_en":"No. 322, Sec. 3, Ankang Rd.","total_quantity":15,"available_bikes":4,"available_spots":11,"yb2_quantity":3,"eyb_quantity":1,"active":true,"latitude":24.95186,"longitude":121.48628,"updated_at":"2026-05-02T00:59:03+08:00"}},{"type":"Feature","geometry":{"type":"Point","coordinates":[121.49409,24.94888]},"properties":{"sno":500227078,"name":"YouBike2.0_北城生活廣場(富貴街)","name_en":"YouBike2.0_Beicheng Square(Fugui St.)","city":"新北市","city_en":"New Taipei City","area":"新店區","area_en":"Xindian Dist","address":"富貴街11巷2號","address_en":"No. 2, Ln. 11, Fugui St.","total_quantity":11,"available_bikes":4,"available_spots":7,"yb2_quantity":0,"eyb_quantity":4,"active":true,"latitude":24.94888,"longitude":121.49409,"updated_at":"2026-05-02T10:48:04+08:00"}},{"type":"Feature","geometry":{"type":"Point","coordinates":[121.49674,24.94702]},"properties":{"sno":500227079,"name":"YouBike2.0_中華郵政玫瑰城郵局","name_en":"YouBike2.0_No. 112, Ruyi St.(North)","city":"新北市","city_en":"New Taipei City","area":"新店區","area_en":"Xindian Dist","address":"如意街112號北側","address_en":"No. 112, Ruyi St.(North)","total_quantity":16,"available_bikes":3,"available_spots":13,"yb2_quantity":3,"eyb_quantity":0,"active":true,"latitude":24.94702,"longitude":121.49674,"updated_at":"2026-05-02T13:37:04+08:00"}},{"type":"Feature","geometry":{"type":"Point","coordinates":[121.51564,24.96484]},"properties":{"sno":500227080,"name":"YouBike2.0_安民街35巷口","name_en":"YouBike2.0_No. 21, Anmin St.(East)","city":"新北市","city_en":"New Taipei City","area":"新店區","area_en":"Xindian Dist","address":"安民街21號東側","address_en":"No. 21, Anmin St.(East)","total_quantity":13,"available_bikes":4,"available_spots":9,"yb2_quantity":2,"eyb_quantity":2,"active":true,"latitude":24.96484,"longitude":121.51564,"updated_at":"2026-05-02T14:35:03+08:00"}},{"type":"Feature","geometry":{"type":"Point","coordinates":[121.53739,24.91255]},"properties":{"sno":500227081,"name":"YouBike2.0_廣興河濱公園","name_en":"YouBike2.0_Guangxing Park","city":"新北市","city_en":"New Taipei City","area":"新店區","area_en":"Xindian Dist","address":"廣興路101號西側","address_en":"No. 101, Guangxing Rd.(West)","total_quantity":16,"available_bikes":6,"available_spots":9,"yb2_quantity":6,"eyb_quantity":0,"active":true,"latitude":24.91255,"longitude":121.53739,"updated_at":"2026-05-02T14:08:03+08:00"}},{"type":"Feature","geometry":{"type":"Point","coordinates":[121.47917,24.94483]},"properties":{"sno":500227082,"name":"YouBike2.0_中華郵政五城郵局","name_en":"YouBike2.0_No. 5, Jinxiu Rd., Xindian Dist.(west side)","city":"新北市","city_en":"New Taipei City","area":"新店區","area_en":"Xindian Dist","address":"錦秀路5號西側","address_en":"No. 5, Jinxiu Rd., Xindian Dist.(west side)","total_quantity":15,"available_bikes":6,"available_spots":9,"yb2_quantity":2,"eyb_quantity":4,"active":true,"latitude":24.94483,"longitude":121.47917,"updated_at":"2026-05-02T13:41:02+08:00"}},{"type":"Feature","geometry":{"type":"Point","coordinates":[121.54668,24.91988]},"properties":{"sno":500227083,"name":"YouBike2.0_屈尺景觀公園","name_en":"YouBike2.0_Quchi Landscape Park","city":"新北市","city_en":"New Taipei City","area":"新店區","area_en":"Xindian Dist","address":"自強路199號西側","address_en":"Quchi Landscape Park","total_quantity":16,"available_bikes":10,"available_spots":6,"yb2_quantity":7,"eyb_quantity":3,"active":true,"latitude":24.91988,"longitude":121.54668,"updated_at":"2026-05-01T21:02:02+08:00"}},{"type":"Feature","geometry":{"type":"Point","coordinates":[121.55224,24.90303]},"properties":{"sno":500227084,"name":"YouBike2.0_龜山活動中心","name_en":"YouBike2.0_Guishan Civic Activity Center","city":"新北市","city_en":"New Taipei City","area":"新店區","area_en":"Xindian Dist","address":"新烏路三段136號","address_en":"No. 136. Sec. 3, Xinwu Rd.","total_quantity":8,"available_bikes":2,"available_spots":6,"yb2_quantity":1,"eyb_quantity":1,"active":true,"latitude":24.90303,"longitude":121.55224,"updated_at":"2026-05-02T12:24:03+08:00"}},{"type":"Feature","geometry":{"type":"Point","coordinates":[121.49035,24.95176]},"properties":{"sno":500227085,"name":"YouBike2.0_雙城公園(安康路)","name_en":"YouBike2.0_Shuangcheng Park(Ankang Rd.)","city":"新北市","city_en":"New Taipei City","area":"新店區","area_en":"Xindian Dist","address":"安康路三段150號","address_en":"No. 150, Sec. 3, Ankang Rd.","total_quantity":13,"available_bikes":4,"available_spots":9,"yb2_quantity":0,"eyb_quantity":4,"active":true,"latitude":24.95176,"longitude":121.49035,"updated_at":"2026-05-02T12:56:03+08:00"}},{"type":"Feature","geometry":{"type":"Point","coordinates":[121.48985,24.94679]},"properties":{"sno":500227086,"name":"YouBike2.0_輕軌雙城站","name_en":"YouBike2.0_No. 9, Ln. 12, Hecheng St.(South)(An 1st Rd.)","city":"新北市","city_en":"New Taipei City","area":"新店區","area_en":"Xindian Dist","address":"和成街12巷9號南側(安一路)","address_en":"No. 9, Ln. 12, Hecheng St.(South)(An 1st Rd.)","total_quantity":21,"available_bikes":6,"available_spots":15,"yb2_quantity":0,"eyb_quantity":6,"active":true,"latitude":24.94679,"longitude":121.48985,"updated_at":"2026-05-02T12:57:03+08:00"}},{"type":"Feature","geometry":{"type":"Point","coordinates":[121.53538,24.97374]},"properties":{"sno":500227087,"name":"YouBike2.0_安華公園","name_en":"YouBike2.0_Aly. 7, Ln. 329, Pingdeng St. & Ln. 48, Pingdeng St.(Northwest)","city":"新北市","city_en":"New Taipei City","area":"新店區","area_en":"Xindian Dist","address":"平等街329巷7弄/平等街48巷(西北側)","address_en":"Aly. 7, Ln. 329, Pingdeng St. & Ln. 48, Pingdeng St.(Northwest)","total_quantity":22,"available_bikes":3,"available_spots":19,"yb2_quantity":3,"eyb_quantity":0,"active":true,"latitude":24.97374,"longitude":121.53538,"updated_at":"2026-05-02T14:38:04+08:00"}},{"type":"Feature","geometry":{"type":"Point","coordinates":[121.49418,24.95101]},"properties":{"sno":500227088,"name":"YouBike2.0_輕軌玫瑰中國城站","name_en":"YouBike2.0_LRT Xinhe Elementary School Sta.","city":"新北市","city_en":"New Taipei City","area":"新店區","area_en":"Xindian Dist","address":"玫瑰路4-2號","address_en":"No. 4-2, Meigui Rd.","total_quantity":30,"available_bikes":9,"available_spots":21,"yb2_quantity":6,"eyb_quantity":3,"active":true,"latitude":24.95101,"longitude":121.49418,"updated_at":"2026-05-02T13:40:04+08:00"}},{"type":"Feature","geometry":{"type":"Point","coordinates":[121.49816,24.95312]},"properties":{"sno":500227089,"name":"YouBike2.0_輕軌台北小城站(南側)","name_en":"YouBike2.0_LRT Taipei Xiaocheng (South) Sta.","city":"新北市","city_en":"New Taipei City","area":"新店區","area_en":"Xindian Dist","address":"安豐路66號西南側","address_en":"No. 66, Anfeng Rd.(Southwest)","total_quantity":15,"available_bikes":9,"available_spots":6,"yb2_quantity":8,"eyb_quantity":1,"active":true,"latitude":24.95312,"longitude":121.49816,"updated_at":"2026-05-02T14:01:02+08:00"}},{"type":"Feature","geometry":{"type":"Point","coordinates":[121.50368,24.95453]},"properties":{"sno":500227090,"name":"YouBike2.0_輕軌耕莘安康院區站","name_en":"YouBike2.0_LRT Cardinal Tien Hospital Ankang Branch Sta.","city":"新北市","city_en":"New Taipei City","area":"新店區","area_en":"Xindian Dist","address":"安一路二段200-1號","address_en":"No. 200-1, Sec. 2, An 1st Rd.","total_quantity":29,"available_bikes":6,"available_spots":23,"yb2_quantity":6,"eyb_quantity":0,"active":true,"latitude":24.95453,"longitude":121.50368,"updated_at":"2026-05-02T14:10:03+08:00"}},{"type":"Feature","geometry":{"type":"Point","coordinates":[121.50964,24.95474]},"properties":{"sno":500227091,"name":"YouBike2.0_輕軌景文科大站","name_en":"YouBike2.0_LRT Jingwen University of Science and Technology Sta.","city":"新北市","city_en":"New Taipei City","area":"新店區","area_en":"Xindian Dist","address":"安忠路101號","address_en":"No. 101, Anzhong Rd.","total_quantity":27,"available_bikes":10,"available_spots":17,"yb2_quantity":9,"eyb_quantity":1,"active":true,"latitude":24.95474,"longitude":121.50964,"updated_at":"2026-05-02T13:16:02+08:00"}},{"type":"Feature","geometry":{"type":"Point","coordinates":[121.51717,24.96525]},"properties":{"sno":500227092,"name":"YouBike2.0_輕軌安康站","name_en":"YouBike2.0_LRT Ankang Sta.","city":"新北市","city_en":"New Taipei City","area":"新店區","area_en":"Xindian Dist","address":"安和路一段25號","address_en":"No. 25, Sec. 1, An'he Rd.","total_quantity":21,"available_bikes":3,"available_spots":18,"yb2_quantity":3,"eyb_quantity":0,"active":true,"latitude":24.96525,"longitude":121.51717,"updated_at":"2026-05-02T14:24:04+08:00"}},{"type":"Feature","geometry":{"type":"Point","coordinates":[121.51928,24.97193]},"properties":{"sno":500227093,"name":"YouBike2.0_輕軌陽光運動公園站","name_en":"YouBike2.0_LRT Sunshine Sports Park Sta.","city":"新北市","city_en":"New Taipei City","area":"新店區","area_en":"Xindian Dist","address":"安和路二段121號","address_en":"No. 121, Sec. 2, Anhe Rd.","total_quantity":20,"available_bikes":1,"available_spots":18,"yb2_quantity":1,"eyb_quantity":0,"active":true,"latitude":24.97193,"longitude":121.51928,"updated_at":"2026-05-02T14:04:03+08:00"}},{"type":"Feature","geometry":{"type":"Point","coordinates":[121.5183,24.98338]},"properties":{"sno":500227094,"name":"YouBike2.0_輕軌新和國小站","name_en":"YouBike2.0_LRT Xinhe Elementary School Sta.","city":"新北市","city_en":"New Taipei City","area":"新店區","area_en":"Xindian Dist","address":"安和路三段76號","address_en":"No. 76, Sec. 3, Anhe Rd.","total_quantity":23,"available_bikes":1,"available_spots":22,"yb2_quantity":1,"eyb_quantity":0,"active":true,"latitude":24.98338,"longitude":121.5183,"updated_at":"2026-05-02T14:12:20+08:00"}},{"type":"Feature","geometry":{"type":"Point","coordinates":[121.49833,24.95351]},"properties":{"sno":500227095,"name":"YouBike2.0_輕軌台北小城站(北側)","name_en":"YouBike2.0_LRT Taipei Xiaocheng (Nouth) Sta.","city":"新北市","city_en":"New Taipei City","area":"新店區","area_en":"Xindian Dist","address":"安豐路66號西北側","address_en":"No. 66, Anfeng Rd.(Northwest)","total_quantity":14,"available_bikes":9,"available_spots":5,"yb2_quantity":9,"eyb_quantity":0,"active":true,"latitude":24.95351,"longitude":121.49833,"updated_at":"2026-05-02T11:09:04+08:00"}},{"type":"Feature","geometry":{"type":"Point","coordinates":[121.51686,24.97077]},"properties":{"sno":500227096,"name":"YouBike2.0_安民街停車場","name_en":"YouBike2.0_Anmin Street Parking Lot","city":"新北市","city_en":"New Taipei City","area":"新店區","area_en":"Xindian Dist","address":"安民街172號西側","address_en":"No. 172, Anmin St.(West)","total_quantity":16,"available_bikes":7,"available_spots":9,"yb2_quantity":4,"eyb_quantity":3,"active":true,"latitude":24.97077,"longitude":121.51686,"updated_at":"2026-05-02T14:39:02+08:00"}},{"type":"Feature","geometry":{"type":"Point","coordinates":[121.53718,24.97097]},"properties":{"sno":500227097,"name":"YouBike2.0_三民地下停車場","name_en":"YouBike2.0_San in Parking Lot","city":"新北市","city_en":"New Taipei City","area":"新店區","area_en":"Xindian Dist","address":"三民路20-1號","address_en":"No. 20-1, Sanmin Rd.","total_quantity":24,"available_bikes":10,"available_spots":14,"yb2_quantity":7,"eyb_quantity":3,"active":true,"latitude":24.97097,"longitude":121.53718,"updated_at":"2026-05-02T14:39:02+08:00"}},{"type":"Feature","geometry":{"type":"Point","coordinates":[121.51635,24.96623]},"properties":{"sno":500227098,"name":"YouBike2.0_吉安停車場","name_en":"YouBike2.0_Ji An Parking Lot","city":"新北市","city_en":"New Taipei City","area":"新店區","area_en":"Xindian Dist","address":"安民街68號(旁)","address_en":"No. 68, Anmin St.","total_quantity":14,"available_bikes":11,"available_spots":3,"yb2_quantity":10,"eyb_quantity":1,"active":true,"latitude":24.96623,"longitude":121.51635,"updated_at":"2026-05-02T14:21:03+08:00"}},{"type":"Feature","geometry":{"type":"Point","coordinates":[121.52737,24.97752]},"properties":{"sno":500227099,"name":"YouBike2.0_央北新村平面停車場","name_en":"YouBike2.0_Yangbei New Village Parking Lot","city":"新北市","city_en":"New Taipei City","area":"新店區","area_en":"Xindian Dist","address":"央北一路/啟文路(東側)","address_en":"Yangbei 1st Rd. & Qiwen Rd.(East)","total_quantity":49,"available_bikes":10,"available_spots":39,"yb2_quantity":9,"eyb_quantity":1,"active":true,"latitude":24.97752,"longitude":121.52737,"updated_at":"2026-05-02T14:33:03+08:00"}},{"type":"Feature","geometry":{"type":"Point","coordinates":[121.50882,24.96039]},"properties":{"sno":500227100,"name":"YouBike2.0_安德停車場","name_en":"YouBike2.0_An De Parking Lot","city":"新北市","city_en":"New Taipei City","area":"新店區","area_en":"Xindian Dist","address":"安德街/安德街130巷(東側)","address_en":"Ande St. & Ln. 130, Ande St.(East)","total_quantity":12,"available_bikes":9,"available_spots":3,"yb2_quantity":8,"eyb_quantity":1,"active":true,"latitude":24.96039,"longitude":121.50882,"updated_at":"2026-05-02T14:39:02+08:00"}},{"type":"Feature","geometry":{"type":"Point","coordinates":[121.51546,24.97666]},"properties":{"sno":500227103,"name":"YouBike2.0_安興祥和路口","name_en":"YouBike2.0_Anxing & Xianghe Intersection","city":"新北市","city_en":"New Taipei City","area":"新店區","area_en":"Xindian Dist","address":"安興路/祥和路(東南側)","address_en":"Anxing Rd. & Xianghe Rd. Intersection(Southeast)","total_quantity":15,"available_bikes":0,"available_spots":15,"yb2_quantity":0,"eyb_quantity":0,"active":true,"latitude":24.97666,"longitude":121.51546,"updated_at":"2026-05-02T14:21:58+08:00"}},{"type":"Feature","geometry":{"type":"Point","coordinates":[121.54613,24.97956]},"properties":{"sno":500227104,"name":"YouBike2.0_綠湖公園地下停車場","name_en":"YouBike2.0_Liuhu Park Underground Parking Lot","city":"新北市","city_en":"New Taipei City","area":"新店區","area_en":"Xindian Dist","address":"寶中路/品牌路口(東南側)","address_en":"Baozhong Rd. /Pinpai Rd. (Southeast)","total_quantity":27,"available_bikes":27,"available_spots":0,"yb2_quantity":25,"eyb_quantity":2,"active":true,"latitude":24.97956,"longitude":121.54613,"updated_at":"2026-05-02T14:27:03+08:00"}},{"type":"Feature","geometry":{"type":"Point","coordinates":[121.52478,24.9803]},"properties":{"sno":500227105,"name":"YouBike2.0_中山路31巷(波爾多2社區)","name_en":"YouBike2.0_Ln. 31, Zhongshan Rd.","city":"新北市","city_en":"New Taipei City","area":"新店區","area_en":"Xindian Dist","address":"中山路31巷/中山路(北側)","address_en":"Ln. 31, Zhongshan Rd./Zhongshan Rd. (North)","total_quantity":40,"available_bikes":3,"available_spots":37,"yb2_quantity":3,"eyb_quantity":0,"active":true,"latitude":24.9803,"longitude":121.52478,"updated_at":"2026-05-02T14:39:02+08:00"}},{"type":"Feature","geometry":{"type":"Point","coordinates":[121.53455,24.9771]},"properties":{"sno":500227106,"name":"YouBike2.0_中正路399巷口","name_en":"YouBike2.0_Ln.399, Zhongzheng Rd.","city":"新北市","city_en":"New Taipei City","area":"新店區","area_en":"Xindian Dist","address":"中正路389號(前)","address_en":"No.389, Zhongzheng Rd. (front)","total_quantity":22,"available_bikes":1,"available_spots":21,"yb2_quantity":1,"eyb_quantity":0,"active":true,"latitude":24.9771,"longitude":121.53455,"updated_at":"2026-05-02T14:38:04+08:00"}},{"type":"Feature","geometry":{"type":"Point","coordinates":[121.5161,24.98432]},"properties":{"sno":500227107,"name":"YouBike2.0_永平休閒廣場","name_en":"YouBike2.0_Yongpin Leisure Square","city":"新北市","city_en":"New Taipei City","area":"新店區","area_en":"Xindian Dist","address":"永平街53巷2號(前)","address_en":"No. 2, Ln. 53, Yongping St. (Front)","total_quantity":15,"available_bikes":1,"available_spots":14,"yb2_quantity":0,"eyb_quantity":1,"active":true,"latitude":24.98432,"longitude":121.5161,"updated_at":"2026-05-02T14:23:03+08:00"}},{"type":"Feature","geometry":{"type":"Point","coordinates":[121.51776,24.96696]},"properties":{"sno":500227108,"name":"YouBike2.0_安和碧安街口","name_en":"YouBike2.0_Anhe Rd. & Bi'an St. Intersection","city":"新北市","city_en":"New Taipei City","area":"新店區","area_en":"Xindian Dist","address":"安和路一段/碧安街口(東側)","address_en":"Sec.1, Anhe Rd.& Bi'an St. (East)","total_quantity":20,"available_bikes":7,"available_spots":13,"yb2_quantity":3,"eyb_quantity":4,"active":true,"latitude":24.96696,"longitude":121.51776,"updated_at":"2026-05-02T12:47:04+08:00"}},{"type":"Feature","geometry":{"type":"Point","coordinates":[121.52763,24.96171]},"properties":{"sno":500227109,"name":"YouBike2.0_胡璉故居紀念館","name_en":"YouBike2.0_Hu Lien Former Residence Memorial","city":"新北市","city_en":"New Taipei City","area":"新店區","area_en":"Xindian Dist","address":"莒光路12號(前)","address_en":"No. 12, Juguang Rd. (Front)","total_quantity":10,"available_bikes":3,"available_spots":7,"yb2_quantity":3,"eyb_quantity":0,"active":true,"latitude":24.96171,"longitude":121.52763,"updated_at":"2026-05-02T14:12:04+08:00"}},{"type":"Feature","geometry":{"type":"Point","coordinates":[121.52978,24.98055]},"properties":{"sno":500227110,"name":"YouBike2.0_十四張啓文路口","name_en":"YouBike2.0_Shisizhang Rd. & Qiwen Rd. Intersection","city":"新北市","city_en":"New Taipei City","area":"新店區","area_en":"Xindian Dist","address":"十四張路/啓文路口(西南側)","address_en":"Shisizhang Rd. & Qiwen Rd. (Southwest)","total_quantity":15,"available_bikes":1,"available_spots":14,"yb2_quantity":1,"eyb_quantity":0,"active":true,"latitude":24.98055,"longitude":121.52978,"updated_at":"2026-05-02T14:08:03+08:00"}},{"type":"Feature","geometry":{"type":"Point","coordinates":[121.52935,24.97976]},"properties":{"sno":500227111,"name":"YouBike2.0_啟文央北二路口(中央公園社區)","name_en":"YouBike2.0_Qiwen Rd. & Yangbei 2nd Rd. Intersection","city":"新北市","city_en":"New Taipei City","area":"新店區","area_en":"Xindian Dist","address":"啟文路/央北二路(東北側)","address_en":"Qiwen Rd. & Yangbei 2nd Rd. (Northeast)","total_quantity":40,"available_bikes":3,"available_spots":37,"yb2_quantity":3,"eyb_quantity":0,"active":true,"latitude":24.97976,"longitude":121.52935,"updated_at":"2026-05-02T14:38:04+08:00"}},{"type":"Feature","geometry":{"type":"Point","coordinates":[121.51883,24.97029]},"properties":{"sno":500227112,"name":"YouBike2.0_安和路二段117巷口","name_en":"YouBike2.0_Ln. 117, Sec. 2, Anhe Rd. Intersection","city":"新北市","city_en":"New Taipei City","area":"新店區","area_en":"Xindian Dist","address":"安和路二段115號(前)","address_en":"No. 115, Sec. 2, Anhe Rd. (Front)","total_quantity":17,"available_bikes":4,"available_spots":13,"yb2_quantity":4,"eyb_quantity":0,"active":true,"latitude":24.97029,"longitude":121.51883,"updated_at":"2026-05-02T14:13:03+08:00"}},{"type":"Feature","geometry":{"type":"Point","coordinates":[121.52891,24.98343]},"properties":{"sno":500227113,"name":"YouBike2.0_新北捷運環狀線南機廠","name_en":"YouBike2.0_NTM Circular Line South Depot","city":"新北市","city_en":"New Taipei City","area":"新店區","area_en":"Xindian Dist","address":"民權路280號(旁)","address_en":"No. 280, Minquan Rd. (Side)","total_quantity":21,"available_bikes":1,"available_spots":20,"yb2_quantity":1,"eyb_quantity":0,"active":true,"latitude":24.98343,"longitude":121.52891,"updated_at":"2026-05-02T11:45:03+08:00"}},{"type":"Feature","geometry":{"type":"Point","coordinates":[121.54145,24.9767]},"properties":{"sno":500227114,"name":"YouBike2.0_明德路65巷口","name_en":"YouBike2.0_Ln. 65, Mingde Rd. Intersection","city":"新北市","city_en":"New Taipei City","area":"新店區","area_en":"Xindian Dist","address":"明德路65巷口","address_en":"Ln. 65, Mingde Rd. Intersection","total_quantity":15,"available_bikes":0,"available_spots":15,"yb2_quantity":0,"eyb_quantity":0,"active":true,"latitude":24.9767,"longitude":121.54145,"updated_at":"2026-05-02T14:34:17+08:00"}},{"type":"Feature","geometry":{"type":"Point","coordinates":[121.52488,24.9764]},"properties":{"sno":500227115,"name":"YouBike2.0_中央新村(中央三街)","name_en":"YouBike2.0_Zhongyang New Village","city":"新北市","city_en":"New Taipei City","area":"新店區","area_en":"Xindian Dist","address":"中央三路111號(對面)","address_en":"No. 111, Zhongyang 3rd St. (Opposite)","total_quantity":23,"available_bikes":4,"available_spots":19,"yb2_quantity":4,"eyb_quantity":0,"active":true,"latitude":24.9764,"longitude":121.52488,"updated_at":"2026-05-02T14:30:03+08:00"}},{"type":"Feature","geometry":{"type":"Point","coordinates":[121.52138,24.98542]},"properties":{"sno":500227116,"name":"YouBike2.0_新安永安街口","name_en":"YouBike2.0_Yong'an St. (LRT Viaduct)","city":"新北市","city_en":"New Taipei City","area":"新店區","area_en":"Xindian Dist","address":"永安街109巷2號(後方)","address_en":"No. 2, Ln. 109, Yong'an St. (Behind)","total_quantity":20,"available_bikes":0,"available_spots":20,"yb2_quantity":0,"eyb_quantity":0,"active":true,"latitude":24.98542,"longitude":121.52138,"updated_at":"2026-05-02T14:39:18+08:00"}},{"type":"Feature","geometry":{"type":"Point","coordinates":[121.52034,24.98446]},"properties":{"sno":500227117,"name":"YouBike2.0_新安永安街94巷口","name_en":"YouBike2.0_Ln. 94, Yong'an St. (LRT Viaduct)","city":"新北市","city_en":"New Taipei City","area":"新店區","area_en":"Xindian Dist","address":"永安街94巷22號(西南側約百米)","address_en":"No. 22, Ln. 94, Yong'an St. (Southwest)","total_quantity":20,"available_bikes":8,"available_spots":12,"yb2_quantity":8,"eyb_quantity":0,"active":true,"latitude":24.98446,"longitude":121.52034,"updated_at":"2026-05-02T14:11:03+08:00"}},{"type":"Feature","geometry":{"type":"Point","coordinates":[121.5192,24.9847]},"properties":{"sno":500227118,"name":"YouBike2.0_新和街32巷口","name_en":"YouBike2.0_Ln. 32, Xinhe St. Intersection","city":"新北市","city_en":"New Taipei City","area":"新店區","area_en":"Xindian Dist","address":"新和街32巷1號之1(對側)","address_en":"No. 1-1, Ln. 32, Xinhe St. (Opposite)","total_quantity":17,"available_bikes":8,"available_spots":9,"yb2_quantity":8,"eyb_quantity":0,"active":true,"latitude":24.9847,"longitude":121.5192,"updated_at":"2026-05-02T14:35:03+08:00"}},{"type":"Feature","geometry":{"type":"Point","coordinates":[121.52736,24.97371]},"properties":{"sno":500227119,"name":"YouBike2.0_中央陸橋(中央一街)","name_en":"YouBike2.0_Zhongyang Footbridge (Zhongyang 1st St.)","city":"新北市","city_en":"New Taipei City","area":"新店區","area_en":"Xindian Dist","address":"中央一街41號(對側)","address_en":"No. 41, Zhongyang 1st St. (Opposite)","total_quantity":16,"available_bikes":16,"available_spots":0,"yb2_quantity":14,"eyb_quantity":2,"active":true,"latitude":24.97371,"longitude":121.52736,"updated_at":"2026-05-02T14:13:19+08:00"}},{"type":"Feature","geometry":{"type":"Point","coordinates":[121.53799,24.97991]},"properties":{"sno":500227120,"name":"YouBike2.0_大豐里(建國路)","name_en":"YouBike2.0_Dafeng Vil (Jianguo Rd.)","city":"新北市","city_en":"New Taipei City","area":"新店區","area_en":"Xindian Dist","address":"建國路178號(前)","address_en":"No. 178, Jianguo Rd. (Front)","total_quantity":13,"available_bikes":11,"available_spots":2,"yb2_quantity":10,"eyb_quantity":1,"active":true,"latitude":24.97991,"longitude":121.53799,"updated_at":"2026-05-02T14:35:16+08:00"}},{"type":"Feature","geometry":{"type":"Point","coordinates":[121.55433,24.97622]},"properties":{"sno":500227121,"name":"YouBike2.0_寶高路120巷口","name_en":"YouBike2.0_Ln. 120, Baogao Rd. Intersection","city":"新北市","city_en":"New Taipei City","area":"新店區","area_en":"Xindian Dist","address":"寶高路108-118號(旁)","address_en":"No. 108-118, Baogao Rd. (Side)","total_quantity":14,"available_bikes":3,"available_spots":11,"yb2_quantity":2,"eyb_quantity":1,"active":true,"latitude":24.97622,"longitude":121.55433,"updated_at":"2026-05-02T14:05:04+08:00"}},{"type":"Feature","geometry":{"type":"Point","coordinates":[121.53966,24.98291]},"properties":{"sno":500227122,"name":"YouBike2.0_民權二十張路口","name_en":"YouBike2.0_MinQuan Rd. & ErShiZhang Rd. Intersection","city":"新北市","city_en":"New Taipei City","area":"新店區","area_en":"Xindian Dist","address":"民權路51號(前)","address_en":"No. 51, MinQuan Rd. (Front)","total_quantity":14,"available_bikes":11,"available_spots":3,"yb2_quantity":10,"eyb_quantity":1,"active":true,"latitude":24.98291,"longitude":121.53966,"updated_at":"2026-05-02T14:38:04+08:00"}},{"type":"Feature","geometry":{"type":"Point","coordinates":[121.53426,24.96061]},"properties":{"sno":500227123,"name":"YouBike2.0_碧潭大橋(溪洲路6巷)","name_en":"YouBike2.0_BiTan Bridge (Ln. 6, XiZhou Rd.)","city":"新北市","city_en":"New Taipei City","area":"新店區","area_en":"Xindian Dist","address":"安康路一段臨3-1號(西側)","address_en":"No. 3-1, Sec. 1, AnKang Rd. (West)","total_quantity":12,"available_bikes":3,"available_spots":9,"yb2_quantity":3,"eyb_quantity":0,"active":true,"latitude":24.96061,"longitude":121.53426,"updated_at":"2026-05-02T14:21:03+08:00"}},{"type":"Feature","geometry":{"type":"Point","coordinates":[121.53305,24.97293]},"properties":{"sno":500227124,"name":"YouBike2.0_福民市民活動中心","name_en":"YouBike2.0_FuMin Civil Activity Center","city":"新北市","city_en":"New Taipei City","area":"新店區","area_en":"Xindian Dist","address":"福園街8號之1","address_en":"No. 8-1, FuYuan St.","total_quantity":15,"available_bikes":3,"available_spots":12,"yb2_quantity":3,"eyb_quantity":0,"active":true,"latitude":24.97293,"longitude":121.53305,"updated_at":"2026-05-02T14:22:02+08:00"}},{"type":"Feature","geometry":{"type":"Point","coordinates":[121.52689,24.9798]},"properties":{"sno":500227125,"name":"YouBike2.0_十四張歷史公園(北側)","name_en":"YouBike2.0_Shisizhang History Park (North)","city":"新北市","city_en":"New Taipei City","area":"新店區","area_en":"Xindian Dist","address":"央北二路/央北二路206巷(東側)","address_en":"Ln. 206, YangBei 2nd Rd. Intersection (East)","total_quantity":24,"available_bikes":1,"available_spots":23,"yb2_quantity":0,"eyb_quantity":1,"active":true,"latitude":24.9798,"longitude":121.52689,"updated_at":"2026-05-02T14:20:04+08:00"}},{"type":"Feature","geometry":{"type":"Point","coordinates":[121.52834,24.96826]},"properties":{"sno":500227126,"name":"YouBike2.0_溪洲原住民族生活文化園區Cinemnemay","name_en":"YouBike2.0_Xizhou Aboriginal Cultural Park","city":"新北市","city_en":"New Taipei City","area":"新店區","area_en":"Xindian Dist","address":"溪洲路226號","address_en":"No. 226, XiZhou Rd.","total_quantity":21,"available_bikes":14,"available_spots":7,"yb2_quantity":8,"eyb_quantity":6,"active":true,"latitude":24.96826,"longitude":121.52834,"updated_at":"2026-05-02T14:02:03+08:00"}},{"type":"Feature","geometry":{"type":"Point","coordinates":[121.52792,24.98065]},"properties":{"sno":500227127,"name":"YouBike2.0_十四張歷史建築園區(文記街)","name_en":"YouBike2.0_Shisizhang History Park (WenJi St.)","city":"新北市","city_en":"New Taipei City","area":"新店區","area_en":"Xindian Dist","address":"文記街/央北二路206巷口","address_en":"WenJi St. & Ln. 206, YangBei 2nd Rd.","total_quantity":49,"available_bikes":1,"available_spots":48,"yb2_quantity":1,"eyb_quantity":0,"active":true,"latitude":24.98065,"longitude":121.52792,"updated_at":"2026-05-02T14:18:18+08:00"}},{"type":"Feature","geometry":{"type":"Point","coordinates":[121.5419,24.97148]},"properties":{"sno":500227128,"name":"YouBike2.0_中正路144巷口","name_en":"YouBike2.0_Ln. 144, ZhongZheng Rd. Intersection","city":"新北市","city_en":"New Taipei City","area":"新店區","area_en":"Xindian Dist","address":"中正路140號(前)","address_en":"No. 140, ZhongZheng Rd. (Front)","total_quantity":15,"available_bikes":2,"available_spots":13,"yb2_quantity":2,"eyb_quantity":0,"active":true,"latitude":24.97148,"longitude":121.5419,"updated_at":"2026-05-02T14:39:02+08:00"}},{"type":"Feature","geometry":{"type":"Point","coordinates":[121.53008,24.97763]},"properties":{"sno":500227130,"name":"YouBike2.0_央北二月記街口","name_en":"YouBike2.0_YangBei 2nd Rd. & YueJi St. Intersection","city":"新北市","city_en":"New Taipei City","area":"新店區","area_en":"Xindian Dist","address":"央北二路108號(前)","address_en":"No. 108, YangBei 2nd Rd. (Front)","total_quantity":22,"available_bikes":8,"available_spots":14,"yb2_quantity":7,"eyb_quantity":1,"active":true,"latitude":24.97763,"longitude":121.53008,"updated_at":"2026-05-02T13:34:02+08:00"}},{"type":"Feature","geometry":{"type":"Point","coordinates":[121.46018,25.04988]},"properties":{"sno":500229001,"name":"YouBike2.0_捷運幸福站","name_en":"YouBike2.0_MRT Xingfu Station","city":"新北市","city_en":"New Taipei City","area":"新莊區","area_en":"Xinzhuang Dist","address":"思源路292號(捷運1號出口前)","address_en":"No. 292, Siyuan Rd., Xinzhuang Dist.","total_quantity":58,"available_bikes":23,"available_spots":35,"yb2_quantity":21,"eyb_quantity":2,"active":true,"latitude":25.04988,"longitude":121.46018,"updated_at":"2026-05-02T14:36:04+08:00"}},{"type":"Feature","geometry":{"type":"Point","coordinates":[121.44609,25.04138]},"properties":{"sno":500229002,"name":"YouBike2.0_新莊棒球場","name_en":"YouBike2.0_Xinzhuang Baseball Court","city":"新北市","city_en":"New Taipei City","area":"新莊區","area_en":"Xinzhuang Dist","address":"和興街71號(對面)","address_en":"No.40, Gongyuan Rd., Xinzhuang Dist.(opposite)","total_quantity":69,"available_bikes":25,"available_spots":44,"yb2_quantity":24,"eyb_quantity":1,"active":true,"latitude":25.04138,"longitude":121.44609,"updated_at":"2026-05-02T14:36:04+08:00"}},{"type":"Feature","geometry":{"type":"Point","coordinates":[121.44898,25.03932]},"properties":{"sno":500229003,"name":"YouBike2.0_新莊國民運動中心","name_en":"YouBike2.0_Xinzhuang Civil Sports Center","city":"新北市","city_en":"New Taipei City","area":"新莊區","area_en":"Xinzhuang Dist","address":"公園路40號(對面)","address_en":"No.40, Gongyuan Rd., Xinzhuang Dist.(opposite)","total_quantity":52,"available_bikes":22,"available_spots":30,"yb2_quantity":19,"eyb_quantity":3,"active":true,"latitude":25.03932,"longitude":121.44898,"updated_at":"2026-05-02T14:34:03+08:00"}},{"type":"Feature","geometry":{"type":"Point","coordinates":[121.45255,25.04078]},"properties":{"sno":500229004,"name":"YouBike2.0_新莊體育館","name_en":"YouBike2.0_Xinzhuang Gymnasium","city":"新北市","city_en":"New Taipei City","area":"新莊區","area_en":"Xinzhuang Dist","address":"中華路一段118號(對面)","address_en":"No. 118, Sec. 1, Zhonghua Rd.(oppsite)","total_quantity":47,"available_bikes":28,"available_spots":19,"yb2_quantity":27,"eyb_quantity":1,"active":true,"latitude":25.04078,"longitude":121.45255,"updated_at":"2026-05-02T14:39:02+08:00"}},{"type":"Feature","geometry":{"type":"Point","coordinates":[121.45367,25.04619]},"properties":{"sno":500229005,"name":"YouBike2.0_中華里(中華路二段)","name_en":"YouBike2.0_Zhonghua Village (Zhonghua Rd. Sec. 2 )","city":"新北市","city_en":"New Taipei City","area":"新莊區","area_en":"Xinzhuang Dist","address":"中華路二段/中華路二段45巷口(東北側)","address_en":"Sec. 2, Zhonghua Rd. & Ln. 45, Sec. 2, Zhonghua Rd. Intersection(Northeast)","total_quantity":48,"available_bikes":7,"available_spots":41,"yb2_quantity":5,"eyb_quantity":2,"active":true,"latitude":25.04619,"longitude":121.45367,"updated_at":"2026-05-02T14:37:02+08:00"}},{"type":"Feature","geometry":{"type":"Point","coordinates":[121.4533,25.04775]},"properties":{"sno":500229006,"name":"YouBike2.0_中華自治街口","name_en":"YouBike2.0_Xinzhuang Gymnasium","city":"新北市","city_en":"New Taipei City","area":"新莊區","area_en":"Xinzhuang Dist","address":"中華路一段118號(對面)","address_en":"No. 118, Sec. 1, Zhonghua Rd.(oppsite)","total_quantity":46,"available_bikes":2,"available_spots":44,"yb2_quantity":2,"eyb_quantity":0,"active":true,"latitude":25.04775,"longitude":121.4533,"updated_at":"2026-05-02T14:22:02+08:00"}},{"type":"Feature","geometry":{"type":"Point","coordinates":[121.44783,25.04563]},"properties":{"sno":500229007,"name":"YouBike2.0_中港國小","name_en":"YouBike2.0_Zhonggang Elementary School","city":"新北市","city_en":"New Taipei City","area":"新莊區","area_en":"Xinzhuang Dist","address":"中和街/中港一街口(西北側)","address_en":"Zhonghe St. & Zhonggang 1st. St. Intersection(Northwest)","total_quantity":58,"available_bikes":10,"available_spots":48,"yb2_quantity":9,"eyb_quantity":1,"active":true,"latitude":25.04563,"longitude":121.44783,"updated_at":"2026-05-02T14:38:04+08:00"}},{"type":"Feature","geometry":{"type":"Point","coordinates":[121.43666,25.03304]},"properties":{"sno":500229008,"name":"YouBike2.0_捷運輔大站(4號出口)","name_en":"YouBike2.0_MRT Fu Jen University Sta. (Exit.4)","city":"新北市","city_en":"New Taipei City","area":"新莊區","area_en":"Xinzhuang Dist","address":"中正路/中正路508巷口(東北側)","address_en":"Ln. 508, Zhongzheng Rd. & Zhongzheng Rd. Intersection (Northeast)","total_quantity":52,"available_bikes":24,"available_spots":28,"yb2_quantity":24,"eyb_quantity":0,"active":true,"latitude":25.03304,"longitude":121.43666,"updated_at":"2026-05-02T14:16:03+08:00"}},{"type":"Feature","geometry":{"type":"Point","coordinates":[121.42221,25.0213]},"properties":{"sno":500229009,"name":"YouBike2.0_四維公園","name_en":"YouBike2.0_Siwei Park","city":"新北市","city_en":"New Taipei City","area":"新莊區","area_en":"Xinzhuang Dist","address":"四維路/四維路179巷口(西側)","address_en":"Ln.179, Siwei Rd. & Siwei Rd.(West)","total_quantity":27,"available_bikes":0,"available_spots":27,"yb2_quantity":0,"eyb_quantity":0,"active":true,"latitude":25.0213,"longitude":121.42221,"updated_at":"2026-05-02T14:39:18+08:00"}},{"type":"Feature","geometry":{"type":"Point","coordinates":[121.44244,25.02629]},"properties":{"sno":500229010,"name":"YouBike2.0_瓊林公園","name_en":"YouBike2.0_Qionglin Park","city":"新北市","city_en":"New Taipei City","area":"新莊區","area_en":"Xinzhuang Dist","address":"中環路一段16號(對面陸橋下)","address_en":"No. 16, Sec. 1, Zhonghuan Rd.","total_quantity":30,"available_bikes":9,"available_spots":21,"yb2_quantity":9,"eyb_quantity":0,"active":true,"latitude":25.02629,"longitude":121.44244,"updated_at":"2026-05-02T14:25:03+08:00"}},{"type":"Feature","geometry":{"type":"Point","coordinates":[121.44908,25.05931]},"properties":{"sno":500229011,"name":"YouBike2.0_宏匯廣場","name_en":"YouBike2.0_Honhui Plaza","city":"新北市","city_en":"New Taipei City","area":"新莊區","area_en":"Xinzhuang Dist","address":"中央路558號(旁)","address_en":"No.558, Zhongyang Rd. (Side)","total_quantity":51,"available_bikes":31,"available_spots":20,"yb2_quantity":30,"eyb_quantity":1,"active":true,"latitude":25.05931,"longitude":121.44908,"updated_at":"2026-05-02T14:37:02+08:00"}},{"type":"Feature","geometry":{"type":"Point","coordinates":[121.4466,25.05914]},"properties":{"sno":500229012,"name":"YouBike2.0_捷運新莊副都心站","name_en":"YouBike2.0_MRT Xinzhuang Fuduxin Sta.","city":"新北市","city_en":"New Taipei City","area":"新莊區","area_en":"Xinzhuang Dist","address":"新北大道四段/中信街口(西南側)","address_en":"Sec. 4, New Taipei Blvd./Zhongxin St., Xinzhuang Dist.","total_quantity":43,"available_bikes":9,"available_spots":34,"yb2_quantity":9,"eyb_quantity":0,"active":true,"latitude":25.05914,"longitude":121.4466,"updated_at":"2026-05-02T14:32:02+08:00"}},{"type":"Feature","geometry":{"type":"Point","coordinates":[121.44443,25.05595]},"properties":{"sno":500229013,"name":"YouBike2.0_行政院新莊聯合辦公大樓","name_en":"YouBike2.0_Xinzhuang Joint Office Tower, Executive Yuan","city":"新北市","city_en":"New Taipei City","area":"新莊區","area_en":"Xinzhuang Dist","address":"榮華路二段/中平路口(西北側)","address_en":"Zhongping Rd./ Sec. 2, Ronghua Rd. intersection","total_quantity":51,"available_bikes":8,"available_spots":43,"yb2_quantity":8,"eyb_quantity":0,"active":true,"latitude":25.05595,"longitude":121.44443,"updated_at":"2026-05-02T14:17:02+08:00"}},{"type":"Feature","geometry":{"type":"Point","coordinates":[121.44954,25.05572]},"properties":{"sno":500229014,"name":"YouBike2.0_中信國小","name_en":"YouBike2.0_Zhongxin Elementary School","city":"新北市","city_en":"New Taipei City","area":"新莊區","area_en":"Xinzhuang Dist","address":"榮華路二段/中富街口(西北側)","address_en":"Sec. 2, Ronghua Rd./Zhongfu St., Xinzhuang Dist.","total_quantity":58,"available_bikes":7,"available_spots":51,"yb2_quantity":7,"eyb_quantity":0,"active":true,"latitude":25.05572,"longitude":121.44954,"updated_at":"2026-05-02T13:57:04+08:00"}},{"type":"Feature","geometry":{"type":"Point","coordinates":[121.45918,25.06203]},"properties":{"sno":500229015,"name":"YouBike2.0_捷運新北產業園區站","name_en":"YouBike2.0_MRT New Taipei Industrial Park Sta.","city":"新北市","city_en":"New Taipei City","area":"新莊區","area_en":"Xinzhuang Dist","address":"新莊區五工路55號","address_en":"No.55, Wugong Rd., Xinzhuang Dist.","total_quantity":70,"available_bikes":48,"available_spots":22,"yb2_quantity":47,"eyb_quantity":1,"active":true,"latitude":25.06203,"longitude":121.45918,"updated_at":"2026-05-02T14:38:04+08:00"}},{"type":"Feature","geometry":{"type":"Point","coordinates":[121.4445,25.04714]},"properties":{"sno":500229016,"name":"YouBike2.0_新莊文化藝術中心","name_en":"YouBike2.0_Xinzhuang Culture and Arts Center","city":"新北市","city_en":"New Taipei City","area":"新莊區","area_en":"Xinzhuang Dist","address":"中平路 133 號前","address_en":"No.133, Zhongping Rd.","total_quantity":40,"available_bikes":21,"available_spots":19,"yb2_quantity":21,"eyb_quantity":0,"active":true,"latitude":25.04714,"longitude":121.4445,"updated_at":"2026-05-02T14:36:04+08:00"}},{"type":"Feature","geometry":{"type":"Point","coordinates":[121.4616,25.04786]},"properties":{"sno":500229017,"name":"YouBike2.0_化成公園","name_en":"YouBike2.0_Huacheng Park","city":"新北市","city_en":"New Taipei City","area":"新莊區","area_en":"Xinzhuang Dist","address":"思源路166巷41號(對面)","address_en":"No.41, Ln. 166, Siyuan Rd., Xinzhuang Dist.(Opposite)","total_quantity":30,"available_bikes":7,"available_spots":23,"yb2_quantity":7,"eyb_quantity":0,"active":true,"latitude":25.04786,"longitude":121.4616,"updated_at":"2026-05-02T14:04:03+08:00"}},{"type":"Feature","geometry":{"type":"Point","coordinates":[121.45916,25.05444]},"properties":{"sno":500229018,"name":"YouBike2.0_頭前國中","name_en":"YouBike2.0_Touqian Junior High School","city":"新北市","city_en":"New Taipei City","area":"新莊區","area_en":"Xinzhuang Dist","address":"中原路2號前","address_en":"No.2 , Zhongyuan Rd. (opposite)","total_quantity":51,"available_bikes":1,"available_spots":50,"yb2_quantity":1,"eyb_quantity":0,"active":true,"latitude":25.05444,"longitude":121.45916,"updated_at":"2026-05-02T14:12:04+08:00"}},{"type":"Feature","geometry":{"type":"Point","coordinates":[121.45758,25.05151]},"properties":{"sno":500229019,"name":"YouBike2.0_福壽公園","name_en":"YouBike2.0_Fushou Park","city":"新北市","city_en":"New Taipei City","area":"新莊區","area_en":"Xinzhuang Dist","address":"福壽街130號(對面)","address_en":"No.130, Fushou St.","total_quantity":46,"available_bikes":2,"available_spots":44,"yb2_quantity":2,"eyb_quantity":0,"active":true,"latitude":25.05151,"longitude":121.45758,"updated_at":"2026-05-02T14:37:02+08:00"}},{"type":"Feature","geometry":{"type":"Point","coordinates":[121.45178,25.05423]},"properties":{"sno":500229020,"name":"YouBike2.0_中華中原路口","name_en":"YouBike2.0_Zhonghua & Zhongyuan Intersection","city":"新北市","city_en":"New Taipei City","area":"新莊區","area_en":"Xinzhuang Dist","address":"中原路/中華路二段(西南側)","address_en":"Zhongyuan Rd./Sec. 2, Zhonghua Rd","total_quantity":64,"available_bikes":19,"available_spots":45,"yb2_quantity":18,"eyb_quantity":1,"active":true,"latitude":25.05423,"longitude":121.45178,"updated_at":"2026-05-02T14:37:02+08:00"}},{"type":"Feature","geometry":{"type":"Point","coordinates":[121.45165,25.05894]},"properties":{"sno":500229021,"name":"YouBike2.0_中港大排願景館","name_en":"YouBike2.0_Zhonggang Vision Hall","city":"新北市","city_en":"New Taipei City","area":"新莊區","area_en":"Xinzhuang Dist","address":"中央路295號(對面)","address_en":"No.295, Zhongyang Rd., Xinzhuang Dist.(opposite)","total_quantity":57,"available_bikes":30,"available_spots":27,"yb2_quantity":28,"eyb_quantity":2,"active":true,"latitude":25.05894,"longitude":121.45165,"updated_at":"2026-05-02T14:38:04+08:00"}},{"type":"Feature","geometry":{"type":"Point","coordinates":[121.4608,25.03953]},"properties":{"sno":500229022,"name":"YouBike2.0_捷運頭前庄站(1號出口)","name_en":"YouBike2.0_MRT Touqianzhuang Sta.(Exit.1)","city":"新北市","city_en":"New Taipei City","area":"新莊區","area_en":"Xinzhuang Dist","address":"思源路/中正路(北側)","address_en":"Zhongzheng Rd./Siyuan Rd.(intersection)","total_quantity":90,"available_bikes":23,"available_spots":67,"yb2_quantity":21,"eyb_quantity":2,"active":true,"latitude":25.03953,"longitude":121.4608,"updated_at":"2026-05-02T14:36:04+08:00"}},{"type":"Feature","geometry":{"type":"Point","coordinates":[121.44394,25.05426]},"properties":{"sno":500229023,"name":"YouBike2.0_中平國中","name_en":"YouBike2.0_JhongPing Junior High School","city":"新北市","city_en":"New Taipei City","area":"新莊區","area_en":"Xinzhuang Dist","address":"中原路636號(對面)","address_en":"No. 636, Zhongyuan Rd., Xinzhuang Dist.","total_quantity":50,"available_bikes":4,"available_spots":46,"yb2_quantity":4,"eyb_quantity":0,"active":true,"latitude":25.05426,"longitude":121.44394,"updated_at":"2026-05-02T14:28:04+08:00"}},{"type":"Feature","geometry":{"type":"Point","coordinates":[121.45204,25.03641]},"properties":{"sno":500229024,"name":"YouBike2.0_捷運新莊站(1號出口)","name_en":"YouBike2.0_MRT Xinzhuang Sta. (Exit 1)","city":"新北市","city_en":"New Taipei City","area":"新莊區","area_en":"Xinzhuang Dist","address":"中華路一段/中正路(西北側)","address_en":"Zhongzheng Rd./Sec. 1, Zhonghua Rd.","total_quantity":69,"available_bikes":55,"available_spots":14,"yb2_quantity":52,"eyb_quantity":3,"active":true,"latitude":25.03641,"longitude":121.45204,"updated_at":"2026-05-02T14:39:02+08:00"}},{"type":"Feature","geometry":{"type":"Point","coordinates":[121.45278,25.03607]},"properties":{"sno":500229025,"name":"YouBike2.0_捷運新莊站(2號出口)","name_en":"YouBike2.0_MRT Xinzhuang Sta. (Exit 2)","city":"新北市","city_en":"New Taipei City","area":"新莊區","area_en":"Xinzhuang Dist","address":"新莊路214巷/中正路口(南側)","address_en":"Ln. 214, Xinzhuang Rd. & Zhongzheng Rd. Intersection(South)","total_quantity":54,"available_bikes":48,"available_spots":3,"yb2_quantity":47,"eyb_quantity":1,"active":true,"latitude":25.03607,"longitude":121.45278,"updated_at":"2026-05-02T14:39:18+08:00"}},{"type":"Feature","geometry":{"type":"Point","coordinates":[121.44462,25.03452]},"properties":{"sno":500229026,"name":"YouBike2.0_中正仁愛街口","name_en":"YouBike2.0_Zhongzheng Ren'ai St. Intersection","city":"新北市","city_en":"New Taipei City","area":"新莊區","area_en":"Xinzhuang Dist","address":"中正路/仁愛街(東北側)","address_en":"Zhongzheng Rd. & Ren'ai St. (Northeast)","total_quantity":48,"available_bikes":14,"available_spots":34,"yb2_quantity":12,"eyb_quantity":2,"active":true,"latitude":25.03452,"longitude":121.44462,"updated_at":"2026-05-02T14:35:03+08:00"}},{"type":"Feature","geometry":{"type":"Point","coordinates":[121.44982,25.03208]},"properties":{"sno":500229027,"name":"YouBike2.0_新月橋","name_en":"YouBike2.0_Crescent Bridge","city":"新北市","city_en":"New Taipei City","area":"新莊區","area_en":"Xinzhuang Dist","address":"新泰路/瓊林路(東北側)","address_en":"Xintai Rd. & Qionglin Rd. (Northeast)","total_quantity":60,"available_bikes":26,"available_spots":34,"yb2_quantity":23,"eyb_quantity":3,"active":true,"latitude":25.03208,"longitude":121.44982,"updated_at":"2026-05-02T14:38:04+08:00"}},{"type":"Feature","geometry":{"type":"Point","coordinates":[121.45259,25.04341]},"properties":{"sno":500229028,"name":"YouBike2.0_新莊田徑場","name_en":"YouBike2.0_Xinzhuang Stadium","city":"新北市","city_en":"New Taipei City","area":"新莊區","area_en":"Xinzhuang Dist","address":"復興路一段209號(對面)","address_en":"No.209, Sec. 1, Fuxing Rd., Xinzhuang Dist.(opposite)","total_quantity":42,"available_bikes":6,"available_spots":36,"yb2_quantity":4,"eyb_quantity":2,"active":true,"latitude":25.04341,"longitude":121.45259,"updated_at":"2026-05-02T14:39:02+08:00"}},{"type":"Feature","geometry":{"type":"Point","coordinates":[121.44324,25.0307]},"properties":{"sno":500229029,"name":"YouBike2.0_豐年國小","name_en":"YouBike2.0_Feng-Nian Elementary School","city":"新北市","city_en":"New Taipei City","area":"新莊區","area_en":"Xinzhuang Dist","address":"瓊泰路161號對面人行道","address_en":"No.161, Qiongtai Rd. (opposite)","total_quantity":28,"available_bikes":17,"available_spots":11,"yb2_quantity":17,"eyb_quantity":0,"active":true,"latitude":25.0307,"longitude":121.44324,"updated_at":"2026-05-02T14:37:02+08:00"}},{"type":"Feature","geometry":{"type":"Point","coordinates":[121.42835,25.02536]},"properties":{"sno":500229030,"name":"YouBike2.0_後港公園","name_en":"YouBike2.0_Hougang Park","city":"新北市","city_en":"New Taipei City","area":"新莊區","area_en":"Xinzhuang Dist","address":"建安街/建安街57巷","address_en":"Ln. 57, Jian’an St./Jian’an St.","total_quantity":35,"available_bikes":2,"available_spots":33,"yb2_quantity":2,"eyb_quantity":0,"active":true,"latitude":25.02536,"longitude":121.42835,"updated_at":"2026-05-02T14:35:03+08:00"}},{"type":"Feature","geometry":{"type":"Point","coordinates":[121.42387,25.02413]},"properties":{"sno":500229031,"name":"YouBike2.0_福營行政中心","name_en":"YouBike2.0_Fuying Administration Center","city":"新北市","city_en":"New Taipei City","area":"新莊區","area_en":"Xinzhuang Dist","address":"四維路17號-20號","address_en":"No.17, Siwei Rd./No.20, Siwei Rd.","total_quantity":43,"available_bikes":22,"available_spots":21,"yb2_quantity":21,"eyb_quantity":1,"active":true,"latitude":25.02413,"longitude":121.42387,"updated_at":"2026-05-02T14:37:02+08:00"}},{"type":"Feature","geometry":{"type":"Point","coordinates":[121.44824,25.05238]},"properties":{"sno":500229032,"name":"YouBike2.0_黃城公園","name_en":"YouBike2.0_Huangcheng Park","city":"新北市","city_en":"New Taipei City","area":"新莊區","area_en":"Xinzhuang Dist","address":"中信街74號旁","address_en":"No.74, Zhongxin St.","total_quantity":38,"available_bikes":17,"available_spots":21,"yb2_quantity":17,"eyb_quantity":0,"active":true,"latitude":25.05238,"longitude":121.44824,"updated_at":"2026-05-02T14:38:04+08:00"}},{"type":"Feature","geometry":{"type":"Point","coordinates":[121.44495,25.0372]},"properties":{"sno":500229033,"name":"YouBike2.0_新泰公園","name_en":"YouBike2.0_Xintai Park","city":"新北市","city_en":"New Taipei City","area":"新莊區","area_en":"Xinzhuang Dist","address":"建中街116巷/建中街116巷3弄","address_en":"Ln. 116, Jianzhong St./Aly. 3, Ln. 116, Jianzhong St.","total_quantity":30,"available_bikes":17,"available_spots":13,"yb2_quantity":15,"eyb_quantity":2,"active":true,"latitude":25.0372,"longitude":121.44495,"updated_at":"2026-05-02T14:34:03+08:00"}},{"type":"Feature","geometry":{"type":"Point","coordinates":[121.42784,25.0108]},"properties":{"sno":500229034,"name":"YouBike2.0_光華東帝士","name_en":"YouBike2.0_Guanghua dongdishi","city":"新北市","city_en":"New Taipei City","area":"新莊區","area_en":"Xinzhuang Dist","address":"民安西路370號至376號前","address_en":"No.370 to No.376, Min’an W. Rd.","total_quantity":40,"available_bikes":13,"available_spots":27,"yb2_quantity":13,"eyb_quantity":0,"active":true,"latitude":25.0108,"longitude":121.42784,"updated_at":"2026-05-02T14:35:03+08:00"}},{"type":"Feature","geometry":{"type":"Point","coordinates":[121.42669,25.02769]},"properties":{"sno":500229035,"name":"YouBike2.0_建福公園","name_en":"YouBike2.0_Jianfu Park","city":"新北市","city_en":"New Taipei City","area":"新莊區","area_en":"Xinzhuang Dist","address":"建福路/建福路49巷","address_en":"Jianfu Rd./Ln. 49, Jianfu Rd.","total_quantity":33,"available_bikes":2,"available_spots":31,"yb2_quantity":2,"eyb_quantity":0,"active":true,"latitude":25.02769,"longitude":121.42669,"updated_at":"2026-05-02T14:28:04+08:00"}},{"type":"Feature","geometry":{"type":"Point","coordinates":[121.44213,25.04568]},"properties":{"sno":500229036,"name":"YouBike2.0_立泰里(中環路二段)","name_en":"YouBike2.0_Litai Village(Zhonghuan Rd. Sec. 2)","city":"新北市","city_en":"New Taipei City","area":"新莊區","area_en":"Xinzhuang Dist","address":"新莊區中環路二段423號(對面橋下)","address_en":"No.423, Sec. 2, Zhonghuan Rd.(opposite)","total_quantity":25,"available_bikes":9,"available_spots":16,"yb2_quantity":9,"eyb_quantity":0,"active":true,"latitude":25.04568,"longitude":121.44213,"updated_at":"2026-05-02T14:28:04+08:00"}},{"type":"Feature","geometry":{"type":"Point","coordinates":[121.4134,25.03019]},"properties":{"sno":500229037,"name":"YouBike2.0_伊吉邦社區","name_en":"YouBike2.0_Yijibang","city":"新北市","city_en":"New Taipei City","area":"新莊區","area_en":"Xinzhuang Dist","address":"新莊區新北大道7段312號(人行道)","address_en":"No.312, Sec. 7, New Taipei Blvd., Xinzhuang Dist","total_quantity":40,"available_bikes":1,"available_spots":38,"yb2_quantity":1,"eyb_quantity":0,"active":true,"latitude":25.03019,"longitude":121.4134,"updated_at":"2026-05-02T14:34:03+08:00"}},{"type":"Feature","geometry":{"type":"Point","coordinates":[121.45489,25.05213]},"properties":{"sno":500229038,"name":"YouBike2.0_昌隆國小","name_en":"YouBike2.0_Changlong Elementary School","city":"新北市","city_en":"New Taipei City","area":"新莊區","area_en":"Xinzhuang Dist","address":"新莊區昌平街/昌平街31巷(對面昌隆國小人行道)","address_en":"Changping Street / Changping Street 31 Lane (opposite the Changlong Primary School sidewalk)","total_quantity":46,"available_bikes":2,"available_spots":44,"yb2_quantity":2,"eyb_quantity":0,"active":true,"latitude":25.05213,"longitude":121.45489,"updated_at":"2026-05-02T14:37:02+08:00"}},{"type":"Feature","geometry":{"type":"Point","coordinates":[121.431,25.03927]},"properties":{"sno":500229039,"name":"YouBike2.0_輔仁大學附設醫院","name_en":"YouBike2.0_Fu Jen Catholic University Hospital","city":"新北市","city_en":"New Taipei City","area":"新莊區","area_en":"Xinzhuang Dist","address":"三泰路66號(對面人行道)","address_en":"No.66, Santai Rd., Xinzhuang Dist.","total_quantity":41,"available_bikes":2,"available_spots":39,"yb2_quantity":2,"eyb_quantity":0,"active":true,"latitude":25.03927,"longitude":121.431,"updated_at":"2026-05-02T14:39:02+08:00"}},{"type":"Feature","geometry":{"type":"Point","coordinates":[121.458,25.0374]},"properties":{"sno":500229040,"name":"YouBike2.0_大眾廟","name_en":"YouBike2.0_Dazhong Temple","city":"新北市","city_en":"New Taipei City","area":"新莊區","area_en":"Xinzhuang Dist","address":"中正路82號(旁)","address_en":"No.82, Zhongzheng Rd.,Xinzhuang Dist.","total_quantity":28,"available_bikes":7,"available_spots":20,"yb2_quantity":6,"eyb_quantity":1,"active":true,"latitude":25.0374,"longitude":121.458,"updated_at":"2026-05-02T14:32:02+08:00"}},{"type":"Feature","geometry":{"type":"Point","coordinates":[121.42999,25.03113]},"properties":{"sno":500229041,"name":"YouBike2.0_遠東動力企業總部","name_en":"YouBike2.0_Far East Power Corporate Headquarters","city":"新北市","city_en":"New Taipei City","area":"新莊區","area_en":"Xinzhuang Dist","address":"中正路651號(前)","address_en":"No. 651, Zhongzheng Rd., Xinzhuang Dist.","total_quantity":26,"available_bikes":8,"available_spots":18,"yb2_quantity":7,"eyb_quantity":1,"active":true,"latitude":25.03113,"longitude":121.42999,"updated_at":"2026-05-02T14:38:04+08:00"}},{"type":"Feature","geometry":{"type":"Point","coordinates":[121.45811,25.05866]},"properties":{"sno":500229042,"name":"YouBike2.0_昌平公園","name_en":"YouBike2.0_Changping Park","city":"新北市","city_en":"New Taipei City","area":"新莊區","area_en":"Xinzhuang Dist","address":"中央路/福壽街口(東南側)","address_en":"Zhongyang Rd./Fushou St., Xinzhuang Dist.","total_quantity":55,"available_bikes":10,"available_spots":45,"yb2_quantity":10,"eyb_quantity":0,"active":true,"latitude":25.05866,"longitude":121.45811,"updated_at":"2026-05-02T14:07:03+08:00"}},{"type":"Feature","geometry":{"type":"Point","coordinates":[121.41769,25.02594]},"properties":{"sno":500229043,"name":"YouBike2.0_中正新雅巷口","name_en":"YouBike2.0_Zhongzheng & Xinya Intersection","city":"新北市","city_en":"New Taipei City","area":"新莊區","area_en":"Xinzhuang Dist","address":"中正路881號(前人行道)","address_en":"No. 881, Zhongzheng Rd.","total_quantity":48,"available_bikes":8,"available_spots":40,"yb2_quantity":7,"eyb_quantity":1,"active":true,"latitude":25.02594,"longitude":121.41769,"updated_at":"2026-05-02T14:34:03+08:00"}},{"type":"Feature","geometry":{"type":"Point","coordinates":[121.4228,25.02903]},"properties":{"sno":500229044,"name":"YouBike2.0_捷運丹鳳站(1號出口)","name_en":"YouBike2.0_MRT Danfeng Sta. (Exit 1)","city":"新北市","city_en":"New Taipei City","area":"新莊區","area_en":"Xinzhuang Dist","address":"中正路/民安路口(東北側)","address_en":"Zhongzheng Rd./Min’an Rd","total_quantity":54,"available_bikes":18,"available_spots":14,"yb2_quantity":13,"eyb_quantity":5,"active":true,"latitude":25.02903,"longitude":121.4228,"updated_at":"2026-05-02T14:39:02+08:00"}},{"type":"Feature","geometry":{"type":"Point","coordinates":[121.416898,25.021434]},"properties":{"sno":500229045,"name":"YouBike2.0_龍鳳公園","name_en":"YouBike2.0_Longfeng Park","city":"新北市","city_en":"New Taipei City","area":"新莊區","area_en":"Xinzhuang Dist","address":"龍安路72號對面(公園人行道)","address_en":"No.72, Long’an Rd., Xinzhuang Dist.(oppsite)","total_quantity":52,"available_bikes":4,"available_spots":48,"yb2_quantity":4,"eyb_quantity":0,"active":true,"latitude":25.021434,"longitude":121.416898,"updated_at":"2026-05-02T14:38:04+08:00"}},{"type":"Feature","geometry":{"type":"Point","coordinates":[121.43374,25.02033]},"properties":{"sno":500229046,"name":"YouBike2.0_新莊勞工中心","name_en":"YouBike2.0_Xinzhuang Labors Center","city":"新北市","city_en":"New Taipei City","area":"新莊區","area_en":"Xinzhuang Dist","address":"新樹路/新樹路293巷口(西北側)","address_en":"Xinshu Rd. & Ln. 293, Xinshu Rd. Intersection(Northwest)","total_quantity":26,"available_bikes":4,"available_spots":22,"yb2_quantity":4,"eyb_quantity":0,"active":true,"latitude":25.02033,"longitude":121.43374,"updated_at":"2026-05-02T14:38:04+08:00"}},{"type":"Feature","geometry":{"type":"Point","coordinates":[121.42956,25.02077]},"properties":{"sno":500229047,"name":"YouBike2.0_民安東民全街口","name_en":"YouBike2.0_Min’an E.& Minquan Intersection","city":"新北市","city_en":"New Taipei City","area":"新莊區","area_en":"Xinzhuang Dist","address":"民安東路120號(前人行道)","address_en":"No.120Min’an E. Rd., Xinzhuang Dist.","total_quantity":25,"available_bikes":1,"available_spots":24,"yb2_quantity":1,"eyb_quantity":0,"active":true,"latitude":25.02077,"longitude":121.42956,"updated_at":"2026-05-02T14:32:02+08:00"}},{"type":"Feature","geometry":{"type":"Point","coordinates":[121.46112,25.06523]},"properties":{"sno":500229048,"name":"YouBike2.0_興化公園","name_en":"YouBike2.0_Xinhua Park","city":"新北市","city_en":"New Taipei City","area":"新莊區","area_en":"Xinzhuang Dist","address":"五工二路50巷2號(對面)","address_en":"No.2, Ln. 50, Wugong 2rd Rd.(Opposite)","total_quantity":55,"available_bikes":0,"available_spots":55,"yb2_quantity":0,"eyb_quantity":0,"active":true,"latitude":25.06523,"longitude":121.46112,"updated_at":"2026-05-02T14:37:17+08:00"}},{"type":"Feature","geometry":{"type":"Point","coordinates":[121.41305,25.02276]},"properties":{"sno":500229049,"name":"YouBike2.0_捷運迴龍站(3號出口)","name_en":"YouBike2.0_MRT Huilong Sta.(Exit 3)","city":"新北市","city_en":"New Taipei City","area":"新莊區","area_en":"Xinzhuang Dist","address":"中正路758號(捷運迴龍站3號出口外自行車停放區)","address_en":"No.758, Zhongzheng Rd.","total_quantity":70,"available_bikes":23,"available_spots":30,"yb2_quantity":19,"eyb_quantity":4,"active":true,"latitude":25.02276,"longitude":121.41305,"updated_at":"2026-05-02T14:39:02+08:00"}},{"type":"Feature","geometry":{"type":"Point","coordinates":[121.43149,25.00089]},"properties":{"sno":500229050,"name":"YouBike2.0_西盛廣場","name_en":"YouBike2.0_XiSheng Square","city":"新北市","city_en":"New Taipei City","area":"新莊區","area_en":"Xinzhuang Dist","address":"樹新路222號(對面)","address_en":"No.222, Shuxin Rd.(oppsite)","total_quantity":39,"available_bikes":0,"available_spots":38,"yb2_quantity":0,"eyb_quantity":0,"active":true,"latitude":25.00089,"longitude":121.43149,"updated_at":"2026-05-02T14:39:18+08:00"}},{"type":"Feature","geometry":{"type":"Point","coordinates":[121.43315,25.00338]},"properties":{"sno":500229051,"name":"YouBike2.0_新樹公園","name_en":"YouBike2.0_Xinshu Park","city":"新北市","city_en":"New Taipei City","area":"新莊區","area_en":"Xinzhuang Dist","address":"新樹路627號(對面)","address_en":"No.627, Xinshu Rd. (opposite)","total_quantity":25,"available_bikes":8,"available_spots":17,"yb2_quantity":8,"eyb_quantity":0,"active":true,"latitude":25.00338,"longitude":121.43315,"updated_at":"2026-05-02T14:39:02+08:00"}},{"type":"Feature","geometry":{"type":"Point","coordinates":[121.43271,25.01191]},"properties":{"sno":500229052,"name":"YouBike2.0_西盛館","name_en":"YouBike2.0_Xi Sheng Guan","city":"新北市","city_en":"New Taipei City","area":"新莊區","area_en":"Xinzhuang Dist","address":"新樹路499號(旁)","address_en":"No.499, Xinshu Rd.","total_quantity":20,"available_bikes":2,"available_spots":18,"yb2_quantity":2,"eyb_quantity":0,"active":true,"latitude":25.01191,"longitude":121.43271,"updated_at":"2026-05-02T14:37:02+08:00"}},{"type":"Feature","geometry":{"type":"Point","coordinates":[121.42805,25.01711]},"properties":{"sno":500229053,"name":"YouBike2.0_西盛公園","name_en":"YouBike2.0_Xisheng Park","city":"新北市","city_en":"New Taipei City","area":"新莊區","area_en":"Xinzhuang Dist","address":"西盛街197號(對面)","address_en":"No. 197, Xisheng St.(Opposite)","total_quantity":24,"available_bikes":2,"available_spots":21,"yb2_quantity":2,"eyb_quantity":0,"active":true,"latitude":25.01711,"longitude":121.42805,"updated_at":"2026-05-02T14:36:04+08:00"}},{"type":"Feature","geometry":{"type":"Point","coordinates":[121.45978,25.04358]},"properties":{"sno":500229054,"name":"YouBike2.0_臺北醫院","name_en":"YouBike2.0_Taipei Hospital","city":"新北市","city_en":"New Taipei City","area":"新莊區","area_en":"Xinzhuang Dist","address":"思源路133號前","address_en":"No.133, Siyuan Rd.","total_quantity":39,"available_bikes":9,"available_spots":30,"yb2_quantity":8,"eyb_quantity":1,"active":true,"latitude":25.04358,"longitude":121.45978,"updated_at":"2026-05-02T14:28:04+08:00"}},{"type":"Feature","geometry":{"type":"Point","coordinates":[121.44414,25.04316]},"properties":{"sno":500229055,"name":"YouBike2.0_新泰國中","name_en":"YouBike2.0_Xintai Junior High School","city":"新北市","city_en":"New Taipei City","area":"新莊區","area_en":"Xinzhuang Dist","address":"新泰路/新泰路376巷口(西南側)","address_en":"Xintai Rd. & Ln. 376, Xintai Rd.","total_quantity":24,"available_bikes":8,"available_spots":16,"yb2_quantity":7,"eyb_quantity":1,"active":true,"latitude":25.04316,"longitude":121.44414,"updated_at":"2026-05-02T14:34:03+08:00"}},{"type":"Feature","geometry":{"type":"Point","coordinates":[121.46086,25.05816]},"properties":{"sno":500229056,"name":"YouBike2.0_福基公園","name_en":"YouBike2.0_Fuji Park","city":"新北市","city_en":"New Taipei City","area":"新莊區","area_en":"Xinzhuang Dist","address":"福美街128巷12號(對面)","address_en":"No.12, Ln. 128, Fumei St., Xinzhuang Dist.","total_quantity":40,"available_bikes":9,"available_spots":31,"yb2_quantity":9,"eyb_quantity":0,"active":true,"latitude":25.05816,"longitude":121.46086,"updated_at":"2026-05-02T14:27:03+08:00"}},{"type":"Feature","geometry":{"type":"Point","coordinates":[121.46106,25.05503]},"properties":{"sno":500229057,"name":"YouBike2.0_福美公園","name_en":"YouBike2.0_Fumei Park","city":"新北市","city_en":"New Taipei City","area":"新莊區","area_en":"Xinzhuang Dist","address":"福美街/福美街62巷口(東北側)","address_en":"Fumei St./Ln. 62, Fumei St., Xinzhuang Dist.","total_quantity":45,"available_bikes":3,"available_spots":42,"yb2_quantity":3,"eyb_quantity":0,"active":true,"latitude":25.05503,"longitude":121.46106,"updated_at":"2026-05-02T14:37:02+08:00"}},{"type":"Feature","geometry":{"type":"Point","coordinates":[121.46211,25.05165]},"properties":{"sno":500229058,"name":"YouBike2.0_頭前運動公園","name_en":"YouBike2.0_Touqian Sports Park","city":"新北市","city_en":"New Taipei City","area":"新莊區","area_en":"Xinzhuang Dist","address":"頭成街/思源路370巷口(東北側)","address_en":"No.165, Toucheng St. (opposite)","total_quantity":60,"available_bikes":3,"available_spots":57,"yb2_quantity":3,"eyb_quantity":0,"active":true,"latitude":25.05165,"longitude":121.46211,"updated_at":"2026-05-02T14:36:04+08:00"}},{"type":"Feature","geometry":{"type":"Point","coordinates":[121.46506,25.05257]},"properties":{"sno":500229059,"name":"YouBike2.0_頭前國小","name_en":"YouBike2.0_Touqian Elementary School","city":"新北市","city_en":"New Taipei City","area":"新莊區","area_en":"Xinzhuang Dist","address":"頭前路99號(對面)","address_en":"No.93, Touqian Rd., Xinzhuang Dist.(opposite)","total_quantity":46,"available_bikes":14,"available_spots":32,"yb2_quantity":12,"eyb_quantity":2,"active":true,"latitude":25.05257,"longitude":121.46506,"updated_at":"2026-05-02T14:25:03+08:00"}},{"type":"Feature","geometry":{"type":"Point","coordinates":[121.4427,25.03936]},"properties":{"sno":500229060,"name":"YouBike2.0_新泰路255巷口","name_en":"YouBike2.0_Ln. 255, Xintai Rd.","city":"新北市","city_en":"New Taipei City","area":"新莊區","area_en":"Xinzhuang Dist","address":"中環路二段220號(旁)","address_en":"No. 220, Zhonghuan Rd. (Side)","total_quantity":20,"available_bikes":7,"available_spots":13,"yb2_quantity":7,"eyb_quantity":0,"active":true,"latitude":25.03936,"longitude":121.4427,"updated_at":"2026-05-02T14:15:02+08:00"}},{"type":"Feature","geometry":{"type":"Point","coordinates":[121.44228,25.04616]},"properties":{"sno":500229061,"name":"YouBike2.0_新泰游泳池","name_en":"YouBike2.0_Xintai Swimming Pool","city":"新北市","city_en":"New Taipei City","area":"新莊區","area_en":"Xinzhuang Dist","address":"中環路二段/新泰路502巷口(西南側)","address_en":"No.478, Xintai Rd., Xinzhuang Dist.","total_quantity":40,"available_bikes":8,"available_spots":32,"yb2_quantity":8,"eyb_quantity":0,"active":true,"latitude":25.04616,"longitude":121.44228,"updated_at":"2026-05-02T14:31:03+08:00"}},{"type":"Feature","geometry":{"type":"Point","coordinates":[121.4343,25.01258]},"properties":{"sno":500229062,"name":"YouBike2.0_瓊林南路101巷口","name_en":"YouBike2.0_Lane 101, Qionglin South Rd Intersection","city":"新北市","city_en":"New Taipei City","area":"新莊區","area_en":"Xinzhuang Dist","address":"瓊林南路133號(旁)","address_en":"No. 133, Qionglin S. Rd.","total_quantity":33,"available_bikes":7,"available_spots":26,"yb2_quantity":4,"eyb_quantity":3,"active":true,"latitude":25.01258,"longitude":121.4343,"updated_at":"2026-05-02T14:38:04+08:00"}},{"type":"Feature","geometry":{"type":"Point","coordinates":[121.45438,25.05635]},"properties":{"sno":500229063,"name":"YouBike2.0_塭仔底濕地公園","name_en":"YouBike2.0_wenzidi Wetland Park","city":"新北市","city_en":"New Taipei City","area":"新莊區","area_en":"Xinzhuang Dist","address":"昌平街200號(對面)","address_en":"No. 200, Changping St. (Opposite)","total_quantity":25,"available_bikes":1,"available_spots":24,"yb2_quantity":1,"eyb_quantity":0,"active":true,"latitude":25.05635,"longitude":121.45438,"updated_at":"2026-05-02T14:17:16+08:00"}},{"type":"Feature","geometry":{"type":"Point","coordinates":[121.4577,25.04629]},"properties":{"sno":500229064,"name":"YouBike2.0_思賢國小","name_en":"YouBike2.0_Sixian Elementary School","city":"新北市","city_en":"New Taipei City","area":"新莊區","area_en":"Xinzhuang Dist","address":"福樂街60號(對面)","address_en":"No. 60, Fule St.(Opposite)","total_quantity":65,"available_bikes":16,"available_spots":49,"yb2_quantity":15,"eyb_quantity":1,"active":true,"latitude":25.04629,"longitude":121.4577,"updated_at":"2026-05-02T14:38:04+08:00"}},{"type":"Feature","geometry":{"type":"Point","coordinates":[121.45905,25.05745]},"properties":{"sno":500229065,"name":"YouBike2.0_宏匯思源廣場","name_en":"YouBike2.0_Honghui Siyuan Squar","city":"新北市","city_en":"New Taipei City","area":"新莊區","area_en":"Xinzhuang Dist","address":"富貴路/思源路(西北側)","address_en":"Fugui Rd. & Siyuan Rd. (Northeast)","total_quantity":30,"available_bikes":3,"available_spots":27,"yb2_quantity":3,"eyb_quantity":0,"active":true,"latitude":25.05745,"longitude":121.45905,"updated_at":"2026-05-02T14:32:02+08:00"}},{"type":"Feature","geometry":{"type":"Point","coordinates":[121.45474,25.06035]},"properties":{"sno":500229066,"name":"YouBike2.0_新北大道昌平街口(臨時站)","name_en":"YouBike2.0_New Taipei Blvd. & Changping St. Intersection(Test Station)","city":"新北市","city_en":"New Taipei City","area":"新莊區","area_en":"Xinzhuang Dist","address":"新北大道三段67號","address_en":"No. 67, New Taipei Blvd. (front)","total_quantity":16,"available_bikes":3,"available_spots":13,"yb2_quantity":3,"eyb_quantity":0,"active":true,"latitude":25.06035,"longitude":121.45474,"updated_at":"2026-05-02T14:38:04+08:00"}},{"type":"Feature","geometry":{"type":"Point","coordinates":[121.41466,25.02769]},"properties":{"sno":500229067,"name":"YouBike2.0_丹鳳派出所","name_en":"YouBike2.0_Danfeng Police Substation","city":"新北市","city_en":"New Taipei City","area":"新莊區","area_en":"Xinzhuang Dist","address":"雙鳳路77巷2-8號(旁)","address_en":"Ln. 77, Shuangfeng Rd.(Danfeng Police Station)","total_quantity":23,"available_bikes":1,"available_spots":22,"yb2_quantity":0,"eyb_quantity":1,"active":true,"latitude":25.02769,"longitude":121.41466,"updated_at":"2026-05-02T13:59:02+08:00"}},{"type":"Feature","geometry":{"type":"Point","coordinates":[121.44659,25.05172]},"properties":{"sno":500229068,"name":"YouBike2.0_榮富國小","name_en":"YouBike2.0_Rongfu Elementary School","city":"新北市","city_en":"New Taipei City","area":"新莊區","area_en":"Xinzhuang Dist","address":"中和街155巷24弄85號(對面)","address_en":"No. 85, Aly. 24, Ln. 155, Zhonghe St.(Opposite)","total_quantity":26,"available_bikes":21,"available_spots":4,"yb2_quantity":18,"eyb_quantity":3,"active":true,"latitude":25.05172,"longitude":121.44659,"updated_at":"2026-05-02T14:36:04+08:00"}},{"type":"Feature","geometry":{"type":"Point","coordinates":[121.44769,25.05605]},"properties":{"sno":500229071,"name":"YouBike2.0_國家電影及視聽文化中心","name_en":"YouBike2.0_Taiwan Film and Audiovisual Institute","city":"新北市","city_en":"New Taipei City","area":"新莊區","area_en":"Xinzhuang Dist","address":"中信街/榮華路二段口(西北側)","address_en":"Zhongxin St. & Sec. 2, Ronghua Rd. Intersection(Northwest)","total_quantity":20,"available_bikes":16,"available_spots":4,"yb2_quantity":16,"eyb_quantity":0,"active":true,"latitude":25.05605,"longitude":121.44769,"updated_at":"2026-05-02T14:21:03+08:00"}},{"type":"Feature","geometry":{"type":"Point","coordinates":[121.45685,25.05658]},"properties":{"sno":500229072,"name":"YouBike2.0_昌平國小","name_en":"YouBike2.0_Changping Elementary School","city":"新北市","city_en":"New Taipei City","area":"新莊區","area_en":"Xinzhuang Dist","address":"昌學街/榮華路一段口(西北側)","address_en":"Changxue St. & Sec. 2, Ronghua Rd. Intersection(Northwest)","total_quantity":18,"available_bikes":6,"available_spots":12,"yb2_quantity":6,"eyb_quantity":0,"active":true,"latitude":25.05658,"longitude":121.45685,"updated_at":"2026-05-02T14:28:04+08:00"}},{"type":"Feature","geometry":{"type":"Point","coordinates":[121.44289,25.04903]},"properties":{"sno":500229073,"name":"YouBike2.0_幸福中環路口","name_en":"YouBike2.0_Xingfu Zhonghuan Rd. Intersection","city":"新北市","city_en":"New Taipei City","area":"新莊區","area_en":"Xinzhuang Dist","address":"幸福路/中環路三段口(東北側)","address_en":"Xingfu Rd. & Sec. 3, Zhonghuan Rd. Intersection(Northeast)","total_quantity":12,"available_bikes":9,"available_spots":3,"yb2_quantity":8,"eyb_quantity":1,"active":true,"latitude":25.04903,"longitude":121.44289,"updated_at":"2026-05-02T14:15:02+08:00"}},{"type":"Feature","geometry":{"type":"Point","coordinates":[121.41398,25.02644]},"properties":{"sno":500229074,"name":"YouBike2.0_雙鳳公園","name_en":"YouBike2.0_Shuangfeng Park","city":"新北市","city_en":"New Taipei City","area":"新莊區","area_en":"Xinzhuang Dist","address":"雙鳳路77巷2-8號(旁)","address_en":"No. 2-8, Ln. 77, Shuangfeng Rd.","total_quantity":11,"available_bikes":0,"available_spots":11,"yb2_quantity":0,"eyb_quantity":0,"active":true,"latitude":25.02644,"longitude":121.41398,"updated_at":"2026-05-02T14:29:16+08:00"}},{"type":"Feature","geometry":{"type":"Point","coordinates":[121.44759,25.03891]},"properties":{"sno":500229075,"name":"YouBike2.0_新莊國民運動中心(和興街)","name_en":"YouBike2.0_New Taipei City Xinzhuang Civil Sports Center (Hexing St.)","city":"新北市","city_en":"New Taipei City","area":"新莊區","area_en":"Xinzhuang Dist","address":"新莊區和興街3號對側","address_en":"No. 3, Hexing St.(Opposite)","total_quantity":12,"available_bikes":3,"available_spots":9,"yb2_quantity":2,"eyb_quantity":1,"active":true,"latitude":25.03891,"longitude":121.44759,"updated_at":"2026-05-02T14:39:02+08:00"}},{"type":"Feature","geometry":{"type":"Point","coordinates":[121.4469,25.03659]},"properties":{"sno":500229076,"name":"YouBike2.0_建中街90巷口","name_en":"YouBike2.0_Ln. 90, Jianzhong St.","city":"新北市","city_en":"New Taipei City","area":"新莊區","area_en":"Xinzhuang Dist","address":"建中街92號對側","address_en":"No. 92, Jianzhong St.(Opposite)","total_quantity":12,"available_bikes":4,"available_spots":8,"yb2_quantity":4,"eyb_quantity":0,"active":true,"latitude":25.03659,"longitude":121.4469,"updated_at":"2026-05-02T14:20:04+08:00"}},{"type":"Feature","geometry":{"type":"Point","coordinates":[121.44718,25.03403]},"properties":{"sno":500229077,"name":"YouBike2.0_中正路347巷口","name_en":"YouBike2.0_Ln. 347, Zhongzheng Rd.","city":"新北市","city_en":"New Taipei City","area":"新莊區","area_en":"Xinzhuang Dist","address":"中正路347巷27號前","address_en":"No. 27, Ln. 347, Zhongzheng Rd.","total_quantity":13,"available_bikes":1,"available_spots":12,"yb2_quantity":0,"eyb_quantity":1,"active":true,"latitude":25.03403,"longitude":121.44718,"updated_at":"2026-05-02T14:27:03+08:00"}},{"type":"Feature","geometry":{"type":"Point","coordinates":[121.44721,25.03172]},"properties":{"sno":500229078,"name":"YouBike2.0_覺明寺(豐年街53巷)","name_en":"YouBike2.0_Jue Ming Temple(Ln. 53, Fengnian St.)","city":"新北市","city_en":"New Taipei City","area":"新莊區","area_en":"Xinzhuang Dist","address":"豐年街53巷28-1號對側","address_en":"No. 28-1, Ln. 53, Fengnian St.(Opposite)","total_quantity":11,"available_bikes":5,"available_spots":6,"yb2_quantity":5,"eyb_quantity":0,"active":true,"latitude":25.03172,"longitude":121.44721,"updated_at":"2026-05-02T14:38:04+08:00"}},{"type":"Feature","geometry":{"type":"Point","coordinates":[121.41803,25.0272]},"properties":{"sno":500229079,"name":"YouBike2.0_中正雙鳳路口","name_en":"YouBike2.0_Zhongzheng Shuangfeng Rd. Intersection","city":"新北市","city_en":"New Taipei City","area":"新莊區","area_en":"Xinzhuang Dist","address":"中正路700-28號","address_en":"No. 700-28, Zhongzheng Rd.","total_quantity":16,"available_bikes":1,"available_spots":15,"yb2_quantity":1,"eyb_quantity":0,"active":true,"latitude":25.0272,"longitude":121.41803,"updated_at":"2026-05-02T14:25:17+08:00"}},{"type":"Feature","geometry":{"type":"Point","coordinates":[121.42267,25.0191]},"properties":{"sno":500229080,"name":"YouBike2.0_龍安成德街口","name_en":"YouBike2.0_Long'an Chenggong St. Intersection","city":"新北市","city_en":"New Taipei City","area":"新莊區","area_en":"Xinzhuang Dist","address":"龍安路450號","address_en":"No. 450, Long'an Rd.","total_quantity":12,"available_bikes":0,"available_spots":12,"yb2_quantity":0,"eyb_quantity":0,"active":true,"latitude":25.0191,"longitude":121.42267,"updated_at":"2026-05-02T14:39:02+08:00"}},{"type":"Feature","geometry":{"type":"Point","coordinates":[121.42485,25.01372]},"properties":{"sno":500229081,"name":"YouBike2.0_民安西路252巷","name_en":"YouBike2.0_Ln. 252, Min'an W. Rd.","city":"新北市","city_en":"New Taipei City","area":"新莊區","area_en":"Xinzhuang Dist","address":"民安西路252巷37號南側","address_en":"No. 37, Ln. 252, Min'an W. Rd.(South)","total_quantity":15,"available_bikes":8,"available_spots":7,"yb2_quantity":7,"eyb_quantity":1,"active":true,"latitude":25.01372,"longitude":121.42485,"updated_at":"2026-05-02T14:29:02+08:00"}},{"type":"Feature","geometry":{"type":"Point","coordinates":[121.45587,25.04551]},"properties":{"sno":500229082,"name":"YouBike2.0_思賢國小(自由街)","name_en":"YouBike2.0_Sixian Elementary School(Ziyou St.)","city":"新北市","city_en":"New Taipei City","area":"新莊區","area_en":"Xinzhuang Dist","address":"自由街/自立街(東北側)","address_en":"Ziyou St. & Zili St.(Northeast)","total_quantity":21,"available_bikes":2,"available_spots":19,"yb2_quantity":2,"eyb_quantity":0,"active":true,"latitude":25.04551,"longitude":121.45587,"updated_at":"2026-05-02T14:22:02+08:00"}},{"type":"Feature","geometry":{"type":"Point","coordinates":[121.44933,25.03564]},"properties":{"sno":500229083,"name":"YouBike2.0_中興中正路口(泰坤建設)","name_en":"YouBike2.0_Zhongxing & Zhongzheng Rd. Intersection","city":"新北市","city_en":"New Taipei City","area":"新莊區","area_en":"Xinzhuang Dist","address":"中興街2號對面(西側)","address_en":"No. 2, Zhongxing St.(West)","total_quantity":50,"available_bikes":14,"available_spots":36,"yb2_quantity":14,"eyb_quantity":0,"active":true,"latitude":25.03564,"longitude":121.44933,"updated_at":"2026-05-02T14:34:03+08:00"}},{"type":"Feature","geometry":{"type":"Point","coordinates":[121.4623,25.05719]},"properties":{"sno":500229084,"name":"YouBike2.0_福德二街35號","name_en":"YouBike2.0_No. 35, Fude 2nd St.","city":"新北市","city_en":"New Taipei City","area":"新莊區","area_en":"Xinzhuang Dist","address":"福德二街35號","address_en":"No. 35, Fude 2nd St.","total_quantity":15,"available_bikes":3,"available_spots":12,"yb2_quantity":2,"eyb_quantity":1,"active":true,"latitude":25.05719,"longitude":121.4623,"updated_at":"2026-05-02T14:37:02+08:00"}},{"type":"Feature","geometry":{"type":"Point","coordinates":[121.45222,25.05645]},"properties":{"sno":500229085,"name":"YouBike2.0_塭仔底濕地公園(中華路)","name_en":"YouBike2.0_Wenzidi Wetland Park(Zhonghua Rd.)","city":"新北市","city_en":"New Taipei City","area":"新莊區","area_en":"Xinzhuang Dist","address":"昌和街61號(對面)","address_en":"No. 61, Changhe St.(Opposite)","total_quantity":24,"available_bikes":3,"available_spots":21,"yb2_quantity":2,"eyb_quantity":1,"active":true,"latitude":25.05645,"longitude":121.45222,"updated_at":"2026-05-02T14:33:03+08:00"}},{"type":"Feature","geometry":{"type":"Point","coordinates":[121.46624,25.0535]},"properties":{"sno":500229086,"name":"YouBike2.0_頭前國小(化成路)","name_en":"YouBike2.0_Touqian Elementary School(Huacheng Rd.)","city":"新北市","city_en":"New Taipei City","area":"新莊區","area_en":"Xinzhuang Dist","address":"化成路540號(對面)","address_en":"No. 540, Huacheng Rd.(Opposite)","total_quantity":12,"available_bikes":3,"available_spots":7,"yb2_quantity":3,"eyb_quantity":0,"active":true,"latitude":25.0535,"longitude":121.46624,"updated_at":"2026-05-02T14:31:03+08:00"}},{"type":"Feature","geometry":{"type":"Point","coordinates":[121.45137,25.04757]},"properties":{"sno":500229087,"name":"YouBike2.0_中誠立體停車場","name_en":"YouBike2.0_Zhongchneg Parking Lot","city":"新北市","city_en":"New Taipei City","area":"新莊區","area_en":"Xinzhuang Dist","address":"中誠街53巷1號(旁)","address_en":"No. 1, Ln. 53, Zhongcheng St.","total_quantity":10,"available_bikes":2,"available_spots":8,"yb2_quantity":1,"eyb_quantity":1,"active":true,"latitude":25.04757,"longitude":121.45137,"updated_at":"2026-05-02T14:34:03+08:00"}},{"type":"Feature","geometry":{"type":"Point","coordinates":[121.41336,25.0246]},"properties":{"sno":500229088,"name":"YouBike2.0_丹鳳國小","name_en":"YouBike2.0_Danfeng Elementary School","city":"新北市","city_en":"New Taipei City","area":"新莊區","area_en":"Xinzhuang Dist","address":"新北大道七段792號","address_en":"No. 792, Sec. 7, New Taipei Blvd.","total_quantity":15,"available_bikes":3,"available_spots":12,"yb2_quantity":2,"eyb_quantity":1,"active":true,"latitude":25.0246,"longitude":121.41336,"updated_at":"2026-05-02T14:30:03+08:00"}},{"type":"Feature","geometry":{"type":"Point","coordinates":[121.41682,25.02491]},"properties":{"sno":500229089,"name":"YouBike2.0_中正路883巷口","name_en":"YouBike2.0_Ln. 883, Zhongzheng Rd. Intersection","city":"新北市","city_en":"New Taipei City","area":"新莊區","area_en":"Xinzhuang Dist","address":"中正路708號前","address_en":"No. 708, Zhongzheng Rd.","total_quantity":14,"available_bikes":0,"available_spots":14,"yb2_quantity":0,"eyb_quantity":0,"active":true,"latitude":25.02491,"longitude":121.41682,"updated_at":"2026-05-02T14:01:19+08:00"}},{"type":"Feature","geometry":{"type":"Point","coordinates":[121.45672,25.04792]},"properties":{"sno":500229090,"name":"YouBike2.0_思賢公園(北側)","name_en":"YouBike2.0_Sixian Park(North)","city":"新北市","city_en":"New Taipei City","area":"新莊區","area_en":"Xinzhuang Dist","address":"福樂街73號","address_en":"No. 73, Fule St.","total_quantity":18,"available_bikes":3,"available_spots":15,"yb2_quantity":3,"eyb_quantity":0,"active":true,"latitude":25.04792,"longitude":121.45672,"updated_at":"2026-05-02T14:37:02+08:00"}},{"type":"Feature","geometry":{"type":"Point","coordinates":[121.45804,25.05614]},"properties":{"sno":500229091,"name":"YouBike2.0_福壽昌智路口","name_en":"YouBike2.0_Fushou Changzhi Rd. Intersection","city":"新北市","city_en":"New Taipei City","area":"新莊區","area_en":"Xinzhuang Dist","address":"福壽街/昌智路東南側","address_en":"No. 2, Sec. 1, Ronghua Rd.(East)","total_quantity":30,"available_bikes":4,"available_spots":26,"yb2_quantity":3,"eyb_quantity":1,"active":true,"latitude":25.05614,"longitude":121.45804,"updated_at":"2026-05-02T14:34:03+08:00"}},{"type":"Feature","geometry":{"type":"Point","coordinates":[121.4656,25.04765]},"properties":{"sno":500229092,"name":"YouBike2.0_台電台北西區營業處","name_en":"YouBike2.0_Taipei West Branch, TPC","city":"新北市","city_en":"New Taipei City","area":"新莊區","area_en":"Xinzhuang Dist","address":"化成路135號旁","address_en":"No. 135, Huacheng Rd.","total_quantity":13,"available_bikes":5,"available_spots":8,"yb2_quantity":5,"eyb_quantity":0,"active":true,"latitude":25.04765,"longitude":121.4656,"updated_at":"2026-05-02T13:51:04+08:00"}},{"type":"Feature","geometry":{"type":"Point","coordinates":[121.4638,25.06386]},"properties":{"sno":500229093,"name":"YouBike2.0_福祿1號公園","name_en":"YouBike2.0_Fulu 1st Park","city":"新北市","city_en":"New Taipei City","area":"新莊區","area_en":"Xinzhuang Dist","address":"福慧路2號(對面)","address_en":"No. 2, Fuhui Rd.(Opposite)","total_quantity":15,"available_bikes":9,"available_spots":6,"yb2_quantity":9,"eyb_quantity":0,"active":true,"latitude":25.06386,"longitude":121.4638,"updated_at":"2026-05-02T14:23:03+08:00"}},{"type":"Feature","geometry":{"type":"Point","coordinates":[121.45788,25.04267]},"properties":{"sno":500229094,"name":"YouBike2.0_台北醫院(民樂街)","name_en":"YouBike2.0_Taipei Hospital(Minle St.)","city":"新北市","city_en":"New Taipei City","area":"新莊區","area_en":"Xinzhuang Dist","address":"長青街6號東側","address_en":"No. 6, Changqing St.(East)","total_quantity":11,"available_bikes":0,"available_spots":11,"yb2_quantity":0,"eyb_quantity":0,"active":true,"latitude":25.04267,"longitude":121.45788,"updated_at":"2026-05-02T14:26:17+08:00"}},{"type":"Feature","geometry":{"type":"Point","coordinates":[121.43548,25.03285]},"properties":{"sno":500229095,"name":"YouBike2.0_捷運輔大站(1號出口)","name_en":"YouBike2.0_MRT Fu Jen University Sta.(Exit 1)","city":"新北市","city_en":"New Taipei City","area":"新莊區","area_en":"Xinzhuang Dist","address":"中正路510-1號","address_en":"No. 510-1, Zhongzheng Rd.","total_quantity":31,"available_bikes":24,"available_spots":7,"yb2_quantity":23,"eyb_quantity":1,"active":true,"latitude":25.03285,"longitude":121.43548,"updated_at":"2026-05-02T14:39:02+08:00"}},{"type":"Feature","geometry":{"type":"Point","coordinates":[121.411,25.0211]},"properties":{"sno":500229096,"name":"YouBike2.0_捷運迴龍站(2號出口)","name_en":"YouBike2.0_MRT Huilong Sta.(Exit 2)","city":"新北市","city_en":"New Taipei City","area":"新莊區","area_en":"Xinzhuang Dist","address":"中正路913號(旁)","address_en":"No. 913, Zhongzheng Rd., Xinzhuang Dist.(side)","total_quantity":11,"available_bikes":4,"available_spots":7,"yb2_quantity":4,"eyb_quantity":0,"active":true,"latitude":25.0211,"longitude":121.411,"updated_at":"2026-05-02T14:33:03+08:00"}},{"type":"Feature","geometry":{"type":"Point","coordinates":[121.44186,25.03398]},"properties":{"sno":500229097,"name":"YouBike2.0_國泰國小","name_en":"YouBike2.0_Guotai Elementary School","city":"新北市","city_en":"New Taipei City","area":"新莊區","area_en":"Xinzhuang Dist","address":"中正路386號","address_en":"No. 386, Zhongzheng Rd., Xinzhuang Dist.","total_quantity":14,"available_bikes":2,"available_spots":12,"yb2_quantity":2,"eyb_quantity":0,"active":true,"latitude":25.03398,"longitude":121.44186,"updated_at":"2026-05-02T14:13:03+08:00"}},{"type":"Feature","geometry":{"type":"Point","coordinates":[121.42636,25.02191]},"properties":{"sno":500229098,"name":"YouBike2.0_潭底溝休憩廣場","name_en":"YouBike2.0_Tandigou Recreation Square","city":"新北市","city_en":"New Taipei City","area":"新莊區","area_en":"Xinzhuang Dist","address":"民安西路2號旁廣場","address_en":"No. 2, Min'an W. Rd., Xinzhuang Dist.(square side)","total_quantity":10,"available_bikes":4,"available_spots":6,"yb2_quantity":4,"eyb_quantity":0,"active":true,"latitude":25.02191,"longitude":121.42636,"updated_at":"2026-05-02T14:17:02+08:00"}},{"type":"Feature","geometry":{"type":"Point","coordinates":[121.45766,25.06209]},"properties":{"sno":500229099,"name":"YouBike2.0_廣停一機車停車場","name_en":"YouBike2.0_Guangting 1st. Parking Lot","city":"新北市","city_en":"New Taipei City","area":"新莊區","area_en":"Xinzhuang Dist","address":"福慧路/新知六路口","address_en":"Fuhui Rd. & Xinzhi 6th Rd. Intersection","total_quantity":15,"available_bikes":9,"available_spots":5,"yb2_quantity":9,"eyb_quantity":0,"active":true,"latitude":25.06209,"longitude":121.45766,"updated_at":"2026-05-02T14:37:02+08:00"}},{"type":"Feature","geometry":{"type":"Point","coordinates":[121.45271,25.04485]},"properties":{"sno":500229100,"name":"YouBike2.0_中港平面停車場","name_en":"YouBike2.0_Zhonggang Parking Lot","city":"新北市","city_en":"New Taipei City","area":"新莊區","area_en":"Xinzhuang Dist","address":"中港路302號前","address_en":"No. 302, Zhonggang Rd.","total_quantity":21,"available_bikes":10,"available_spots":11,"yb2_quantity":8,"eyb_quantity":2,"active":true,"latitude":25.04485,"longitude":121.45271,"updated_at":"2026-05-02T14:37:02+08:00"}},{"type":"Feature","geometry":{"type":"Point","coordinates":[121.43491,25.02394]},"properties":{"sno":500229101,"name":"YouBike2.0_建國一路平面停車場","name_en":"YouBike2.0_Jianguo 1st Rd. Parking Lot","city":"新北市","city_en":"New Taipei City","area":"新莊區","area_en":"Xinzhuang Dist","address":"建國二路1號對側停車場(日月亭停車場)","address_en":"No. 1, Jianguo 2nd Rd.(Opposite)","total_quantity":18,"available_bikes":4,"available_spots":14,"yb2_quantity":4,"eyb_quantity":0,"active":true,"latitude":25.02394,"longitude":121.43491,"updated_at":"2026-05-02T14:35:03+08:00"}},{"type":"Feature","geometry":{"type":"Point","coordinates":[121.42532,25.02271]},"properties":{"sno":500229102,"name":"YouBike2.0_八德立體停車場","name_en":"YouBike2.0_Bade Parking Lot","city":"新北市","city_en":"New Taipei City","area":"新莊區","area_en":"Xinzhuang Dist","address":"八德街12巷口","address_en":"Ln. 12, Bade St. Intersection","total_quantity":14,"available_bikes":5,"available_spots":9,"yb2_quantity":5,"eyb_quantity":0,"active":true,"latitude":25.02271,"longitude":121.42532,"updated_at":"2026-05-02T14:39:02+08:00"}},{"type":"Feature","geometry":{"type":"Point","coordinates":[121.45355,25.05895]},"properties":{"sno":500229103,"name":"YouBike2.0_中央昌仁路口","name_en":"YouBike2.0_Zhongyang & Changren Intersection","city":"新北市","city_en":"New Taipei City","area":"新莊區","area_en":"Xinzhuang Dist","address":"中央路/昌仁路(北側)","address_en":"Zhongyang Rd. & Changren Rd.(North)","total_quantity":14,"available_bikes":2,"available_spots":12,"yb2_quantity":2,"eyb_quantity":0,"active":true,"latitude":25.05895,"longitude":121.45355,"updated_at":"2026-05-02T14:34:03+08:00"}},{"type":"Feature","geometry":{"type":"Point","coordinates":[121.458836,25.062942]},"properties":{"sno":500229104,"name":"YouBike2.0_五工路68巷口","name_en":"YouBike2.0_Ln. 68, Wugong Rd.","city":"新北市","city_en":"New Taipei City","area":"新莊區","area_en":"Xinzhuang Dist","address":"五工路58號旁","address_en":"No.66, Wugong Rd. (front)","total_quantity":25,"available_bikes":4,"available_spots":21,"yb2_quantity":3,"eyb_quantity":1,"active":true,"latitude":25.062942,"longitude":121.458836,"updated_at":"2026-05-02T14:38:04+08:00"}},{"type":"Feature","geometry":{"type":"Point","coordinates":[121.43045,25.03033]},"properties":{"sno":500229105,"name":"YouBike2.0_遠東動力企業總部(福營路)","name_en":"YouBike2.0_Far East Power Corporate Headquarters (Fuying Rd.)","city":"新北市","city_en":"New Taipei City","area":"新莊區","area_en":"Xinzhuang Dist","address":"中正路651-8號(前)","address_en":"No. 651-8, Zhongzheng Rd. (front)","total_quantity":30,"available_bikes":4,"available_spots":26,"yb2_quantity":4,"eyb_quantity":0,"active":true,"latitude":25.03033,"longitude":121.43045,"updated_at":"2026-05-02T14:18:03+08:00"}},{"type":"Feature","geometry":{"type":"Point","coordinates":[121.46453,25.04457]},"properties":{"sno":500229106,"name":"YouBike2.0_復興化成路口","name_en":"YouBike2.0_Fuxing Rd. & Huacheng Rd. Intersection","city":"新北市","city_en":"New Taipei City","area":"新莊區","area_en":"Xinzhuang Dist","address":"復興路三段115號(對側)","address_en":"No. 115, Sec. 3, Fuxing Rd. (Opposite)","total_quantity":15,"available_bikes":5,"available_spots":10,"yb2_quantity":5,"eyb_quantity":0,"active":true,"latitude":25.04457,"longitude":121.46453,"updated_at":"2026-05-02T14:05:04+08:00"}},{"type":"Feature","geometry":{"type":"Point","coordinates":[121.45222,25.04643]},"properties":{"sno":500229107,"name":"YouBike2.0_新北市立圖書館新莊中港分館","name_en":"YouBike2.0_New Taipei City Library Xinzhuang Zhonggang Branch","city":"新北市","city_en":"New Taipei City","area":"新莊區","area_en":"Xinzhuang Dist","address":"中港路360-6號(對面)","address_en":"No. 360-6, Zhonggang Rd. (Opposite)","total_quantity":13,"available_bikes":11,"available_spots":2,"yb2_quantity":11,"eyb_quantity":0,"active":true,"latitude":25.04643,"longitude":121.45222,"updated_at":"2026-05-02T14:33:03+08:00"}},{"type":"Feature","geometry":{"type":"Point","coordinates":[121.45654,25.03662]},"properties":{"sno":500229108,"name":"YouBike2.0_登龍平面停車場","name_en":"YouBike2.0_Denglong Parking Lot","city":"新北市","city_en":"New Taipei City","area":"新莊區","area_en":"Xinzhuang Dist","address":"登龍街/中正路口(東南側)","address_en":"Denglong St. & Zhongzheng Rd. (Southeast)","total_quantity":32,"available_bikes":4,"available_spots":28,"yb2_quantity":3,"eyb_quantity":1,"active":true,"latitude":25.03662,"longitude":121.45654,"updated_at":"2026-05-02T14:25:03+08:00"}},{"type":"Feature","geometry":{"type":"Point","coordinates":[121.45162,25.05697]},"properties":{"sno":500229109,"name":"YouBike2.0_麗水富貴路口(聯合公園社區)","name_en":"YouBike2.0_Lishui St. & Fugui Rd. Intersection","city":"新北市","city_en":"New Taipei City","area":"新莊區","area_en":"Xinzhuang Dist","address":"麗水街/富貴路(西南側)","address_en":"Lishui St. & Fugui Rd. (Southwest)","total_quantity":50,"available_bikes":7,"available_spots":43,"yb2_quantity":7,"eyb_quantity":0,"active":true,"latitude":25.05697,"longitude":121.45162,"updated_at":"2026-05-02T14:38:04+08:00"}},{"type":"Feature","geometry":{"type":"Point","coordinates":[121.44941,25.043]},"properties":{"sno":500229110,"name":"YouBike2.0_新莊運動公園地下停車場","name_en":"YouBike2.0_XinZhuang Sports Park Parking","city":"新北市","city_en":"New Taipei City","area":"新莊區","area_en":"Xinzhuang Dist","address":"復興路一段113號對面","address_en":"No. 113, Sec. 1, Fuxing Rd. (Opposite)","total_quantity":14,"available_bikes":8,"available_spots":6,"yb2_quantity":8,"eyb_quantity":0,"active":true,"latitude":25.043,"longitude":121.44941,"updated_at":"2026-05-02T14:38:04+08:00"}},{"type":"Feature","geometry":{"type":"Point","coordinates":[121.42873,25.02259]},"properties":{"sno":500229111,"name":"YouBike2.0_民安國小(東側)","name_en":"YouBike2.0_Min-An Elementary School. (East)","city":"新北市","city_en":"New Taipei City","area":"新莊區","area_en":"Xinzhuang Dist","address":"民安路285-6號(對側)","address_en":"No. 285-6, Min'an Rd. (Opposite)","total_quantity":17,"available_bikes":1,"available_spots":16,"yb2_quantity":1,"eyb_quantity":0,"active":true,"latitude":25.02259,"longitude":121.42873,"updated_at":"2026-05-02T14:24:04+08:00"}},{"type":"Feature","geometry":{"type":"Point","coordinates":[121.45662,25.04246]},"properties":{"sno":500229112,"name":"YouBike2.0_長青公園","name_en":"YouBike2.0_Changqing Park","city":"新北市","city_en":"New Taipei City","area":"新莊區","area_en":"Xinzhuang Dist","address":"博愛路2巷3號(對側)","address_en":"No. 3, Ln. 2, Bo'ai Rd. (Opposite)","total_quantity":11,"available_bikes":1,"available_spots":10,"yb2_quantity":1,"eyb_quantity":0,"active":true,"latitude":25.04246,"longitude":121.45662,"updated_at":"2026-05-02T14:36:04+08:00"}},{"type":"Feature","geometry":{"type":"Point","coordinates":[121.4601,25.04823]},"properties":{"sno":500229113,"name":"YouBike2.0_思源路192巷口","name_en":"YouBike2.0_Ln. 192, Siyuan Rd. Intersection","city":"新北市","city_en":"New Taipei City","area":"新莊區","area_en":"Xinzhuang Dist","address":"思源路/思源路192巷口","address_en":"Ln. 192, Siyuan Rd. Intersection","total_quantity":23,"available_bikes":10,"available_spots":13,"yb2_quantity":10,"eyb_quantity":0,"active":true,"latitude":25.04823,"longitude":121.4601,"updated_at":"2026-05-02T14:38:04+08:00"}},{"type":"Feature","geometry":{"type":"Point","coordinates":[121.46362,25.05237]},"properties":{"sno":500229114,"name":"YouBike2.0_頭前運動公園(頭前路)","name_en":"YouBike2.0_Touqian Sports Park (Touqian Rd.)","city":"新北市","city_en":"New Taipei City","area":"新莊區","area_en":"Xinzhuang Dist","address":"頭前路/福前街口","address_en":"Touqian Rd. & Fuqian St. Intersection","total_quantity":22,"available_bikes":10,"available_spots":11,"yb2_quantity":10,"eyb_quantity":0,"active":true,"latitude":25.05237,"longitude":121.46362,"updated_at":"2026-05-02T14:34:03+08:00"}},{"type":"Feature","geometry":{"type":"Point","coordinates":[121.44883,25.05277]},"properties":{"sno":500229115,"name":"YouBike2.0_黃城公園(中榮街)","name_en":"YouBike2.0_Huangcheng Park (Zhongrong St.)","city":"新北市","city_en":"New Taipei City","area":"新莊區","area_en":"Xinzhuang Dist","address":"中榮街62號(對側)","address_en":"No. 62, Zhongrong St. (Opposite)","total_quantity":11,"available_bikes":7,"available_spots":4,"yb2_quantity":6,"eyb_quantity":1,"active":true,"latitude":25.05277,"longitude":121.44883,"updated_at":"2026-05-02T14:37:02+08:00"}},{"type":"Feature","geometry":{"type":"Point","coordinates":[121.44312,25.02926]},"properties":{"sno":500229116,"name":"YouBike2.0_瓊泰市民活動中心","name_en":"YouBike2.0_Qiongtai Civil Activity Center","city":"新北市","city_en":"New Taipei City","area":"新莊區","area_en":"Xinzhuang Dist","address":"瓊泰路85號(旁)","address_en":"No. 85, Qiongtai Rd.","total_quantity":15,"available_bikes":11,"available_spots":4,"yb2_quantity":11,"eyb_quantity":0,"active":true,"latitude":25.02926,"longitude":121.44312,"updated_at":"2026-05-02T14:31:03+08:00"}},{"type":"Feature","geometry":{"type":"Point","coordinates":[121.41931,25.02022]},"properties":{"sno":500229117,"name":"YouBike2.0_龍安福營路口","name_en":"YouBike2.0_Long'an Rd. & Fuying Rd. Intersection","city":"新北市","city_en":"New Taipei City","area":"新莊區","area_en":"Xinzhuang Dist","address":"龍安路/福營路口(東南側)","address_en":"Long'an Rd. & Fuying Rd. (Southeast)","total_quantity":15,"available_bikes":9,"available_spots":6,"yb2_quantity":9,"eyb_quantity":0,"active":true,"latitude":25.02022,"longitude":121.41931,"updated_at":"2026-05-02T14:36:04+08:00"}},{"type":"Feature","geometry":{"type":"Point","coordinates":[121.43473,25.03739]},"properties":{"sno":500229118,"name":"YouBike2.0_文中三平面停車場","name_en":"YouBike2.0_Wenzhong 3rd Parking Lot","city":"新北市","city_en":"New Taipei City","area":"新莊區","area_en":"Xinzhuang Dist","address":"三泰路56-7號(旁)","address_en":"No. 56-7, Santai Rd. (Side)","total_quantity":42,"available_bikes":9,"available_spots":33,"yb2_quantity":9,"eyb_quantity":0,"active":true,"latitude":25.03739,"longitude":121.43473,"updated_at":"2026-05-02T14:25:03+08:00"}},{"type":"Feature","geometry":{"type":"Point","coordinates":[121.45519,25.06204]},"properties":{"sno":500229119,"name":"YouBike2.0_福慧新知八路口","name_en":"YouBike2.0_Fuhui Rd. & Xinzhi 8th Rd. Intersection","city":"新北市","city_en":"New Taipei City","area":"新莊區","area_en":"Xinzhuang Dist","address":"福慧路/新知八路口(東南側)","address_en":"Fuhui Rd. & Xinzhi 8th Rd. (Southeast)","total_quantity":20,"available_bikes":2,"available_spots":18,"yb2_quantity":2,"eyb_quantity":0,"active":true,"latitude":25.06204,"longitude":121.45519,"updated_at":"2026-05-02T14:05:04+08:00"}},{"type":"Feature","geometry":{"type":"Point","coordinates":[121.46028,25.04955]},"properties":{"sno":500229120,"name":"YouBike2.0_捷運幸福站(2號出口)","name_en":"YouBike2.0_MRT XingFu Sta. (Exit 2)","city":"新北市","city_en":"New Taipei City","area":"新莊區","area_en":"Xinzhuang Dist","address":"幸福東路149號(對側)","address_en":"No. 149, XingFu E. Rd. (Opposite)","total_quantity":35,"available_bikes":9,"available_spots":26,"yb2_quantity":9,"eyb_quantity":0,"active":true,"latitude":25.04955,"longitude":121.46028,"updated_at":"2026-05-02T14:39:02+08:00"}},{"type":"Feature","geometry":{"type":"Point","coordinates":[121.44834,25.04914]},"properties":{"sno":500229121,"name":"YouBike2.0_幸福路753巷口","name_en":"YouBike2.0_Ln. 753, XingFu Rd.","city":"新北市","city_en":"New Taipei City","area":"新莊區","area_en":"Xinzhuang Dist","address":"幸福路738號(前)","address_en":"No. 783, XingFu Rd. (Front)","total_quantity":19,"available_bikes":6,"available_spots":13,"yb2_quantity":6,"eyb_quantity":0,"active":true,"latitude":25.04914,"longitude":121.44834,"updated_at":"2026-05-02T14:37:02+08:00"}},{"type":"Feature","geometry":{"type":"Point","coordinates":[121.45063,25.0492]},"properties":{"sno":500229122,"name":"YouBike2.0_幸福路678巷口","name_en":"YouBike2.0_Ln. 678, XingFu Rd.","city":"新北市","city_en":"New Taipei City","area":"新莊區","area_en":"Xinzhuang Dist","address":"幸福路680號(前)","address_en":"No. 680, XingFu Rd. (Front)","total_quantity":13,"available_bikes":4,"available_spots":9,"yb2_quantity":4,"eyb_quantity":0,"active":true,"latitude":25.0492,"longitude":121.45063,"updated_at":"2026-05-02T14:38:04+08:00"}},{"type":"Feature","geometry":{"type":"Point","coordinates":[121.46103,25.03938]},"properties":{"sno":500229124,"name":"YouBike2.0_中正思源路口(東北側)","name_en":"YouBike2.0_ZhongZheng Rd. & SiYuan Rd. Intersection (Northeast)","city":"新北市","city_en":"New Taipei City","area":"新莊區","area_en":"Xinzhuang Dist","address":"思源路/中正路(東北側)","address_en":"ZhongZheng Rd. & SiYuan Rd. (Northeast)","total_quantity":45,"available_bikes":7,"available_spots":37,"yb2_quantity":6,"eyb_quantity":1,"active":true,"latitude":25.03938,"longitude":121.46103,"updated_at":"2026-05-02T14:30:03+08:00"}},{"type":"Feature","geometry":{"type":"Point","coordinates":[121.46019,25.04152]},"properties":{"sno":500229125,"name":"YouBike2.0_台水新莊服務所","name_en":"YouBike2.0_TWC (SinJhuang Service Center)","city":"新北市","city_en":"New Taipei City","area":"新莊區","area_en":"Xinzhuang Dist","address":"思源路34號(前)","address_en":"No. 34, SiYuan Rd. (Front)","total_quantity":36,"available_bikes":5,"available_spots":31,"yb2_quantity":5,"eyb_quantity":0,"active":true,"latitude":25.04152,"longitude":121.46019,"updated_at":"2026-05-02T13:23:02+08:00"}},{"type":"Feature","geometry":{"type":"Point","coordinates":[121.4595,25.03821]},"properties":{"sno":500229126,"name":"YouBike2.0_中正思源路口(西南側)","name_en":"YouBike2.0_ZhongZheng Rd. & SiYuan Rd. Intersection (Southwest)","city":"新北市","city_en":"New Taipei City","area":"新莊區","area_en":"Xinzhuang Dist","address":"中正思源路口(西南側)","address_en":"ZhongZheng Rd. & SiYuan Rd. (Southwest)","total_quantity":46,"available_bikes":15,"available_spots":30,"yb2_quantity":13,"eyb_quantity":2,"active":true,"latitude":25.03821,"longitude":121.4595,"updated_at":"2026-05-02T14:35:03+08:00"}},{"type":"Feature","geometry":{"type":"Point","coordinates":[121.44247,25.05186]},"properties":{"sno":500229127,"name":"YouBike2.0_塭仔圳十米園道(新莊歐洲村)","name_en":"YouBike2.0_WenZiZun Park Lane (Village Europe)","city":"新北市","city_en":"New Taipei City","area":"新莊區","area_en":"Xinzhuang Dist","address":"中平路377巷17弄48號(中環路側)","address_en":"No. 48, Aly. 17, Ln. 377, ZhongPing Rd. (Near The ZhongHuan Rd.)","total_quantity":35,"available_bikes":27,"available_spots":8,"yb2_quantity":27,"eyb_quantity":0,"active":true,"latitude":25.05186,"longitude":121.44247,"updated_at":"2026-05-02T14:38:04+08:00"}},{"type":"Feature","geometry":{"type":"Point","coordinates":[121.44247,25.04972]},"properties":{"sno":500229128,"name":"YouBike2.0_塭仔圳十米園道(幸福路口)","name_en":"YouBike2.0_WenZiZun Park Lane (Xingfu Rd. Intersection)","city":"新北市","city_en":"New Taipei City","area":"新莊區","area_en":"Xinzhuang Dist","address":"立信一街59號(中環路側)","address_en":"No. 59, LiXin 1st St. (Near The ZhongHuan Rd.)","total_quantity":35,"available_bikes":21,"available_spots":14,"yb2_quantity":21,"eyb_quantity":0,"active":true,"latitude":25.04972,"longitude":121.44247,"updated_at":"2026-05-02T14:39:02+08:00"}},{"type":"Feature","geometry":{"type":"Point","coordinates":[121.45317,25.04973]},"properties":{"sno":500229129,"name":"YouBike2.0_昌盛橋","name_en":"YouBike2.0_ChangSheng Bridge","city":"新北市","city_en":"New Taipei City","area":"新莊區","area_en":"Xinzhuang Dist","address":"中華路二段/昌盛街2巷1弄口","address_en":"Sec. 2, ZhongHua Rd. & Aly. 1, Ln. 2, ChangSheng St.","total_quantity":20,"available_bikes":12,"available_spots":8,"yb2_quantity":12,"eyb_quantity":0,"active":true,"latitude":25.04973,"longitude":121.45317,"updated_at":"2026-05-02T14:34:03+08:00"}},{"type":"Feature","geometry":{"type":"Point","coordinates":[121.44464,25.05307]},"properties":{"sno":500229130,"name":"YouBike2.0_中平中榮街口","name_en":"YouBike2.0_ZhongPing Rd. & ZhongRong St. Intersection","city":"新北市","city_en":"New Taipei City","area":"新莊區","area_en":"Xinzhuang Dist","address":"中平路348號(對側)","address_en":"No. 348, ZhongPing Rd. (Opposite)","total_quantity":17,"available_bikes":12,"available_spots":5,"yb2_quantity":12,"eyb_quantity":0,"active":true,"latitude":25.05307,"longitude":121.44464,"updated_at":"2026-05-02T14:30:03+08:00"}},{"type":"Feature","geometry":{"type":"Point","coordinates":[121.44754,25.02967]},"properties":{"sno":500229131,"name":"YouBike2.0_豐年陸橋","name_en":"YouBike2.0_FengNian Overpass","city":"新北市","city_en":"New Taipei City","area":"新莊區","area_en":"Xinzhuang Dist","address":"瓊林路42號(對側)","address_en":"No. 42, QiongLin Rd. (Opposite)","total_quantity":18,"available_bikes":8,"available_spots":10,"yb2_quantity":8,"eyb_quantity":0,"active":true,"latitude":25.02967,"longitude":121.44754,"updated_at":"2026-05-02T14:36:04+08:00"}},{"type":"Feature","geometry":{"type":"Point","coordinates":[121.44654,25.04069]},"properties":{"sno":500229132,"name":"YouBike2.0_新莊棒球場(和興街)","name_en":"YouBike2.0_Xinzhuang Baseball Stadium (HeXing St.)","city":"新北市","city_en":"New Taipei City","area":"新莊區","area_en":"Xinzhuang Dist","address":"和興街49號(對側)","address_en":"No. 49, HeXing St. (Opposite)","total_quantity":37,"available_bikes":14,"available_spots":23,"yb2_quantity":14,"eyb_quantity":0,"active":true,"latitude":25.04069,"longitude":121.44654,"updated_at":"2026-05-02T14:39:02+08:00"}},{"type":"Feature","geometry":{"type":"Point","coordinates":[121.42703,25.01912]},"properties":{"sno":500229133,"name":"YouBike2.0_民安西路88巷口","name_en":"YouBike2.0_Ln. 88, MinAn W. Rd. Intersection","city":"新北市","city_en":"New Taipei City","area":"新莊區","area_en":"Xinzhuang Dist","address":"民安西路89號","address_en":"No. 89, MinAn W. Rd.","total_quantity":18,"available_bikes":0,"available_spots":18,"yb2_quantity":0,"eyb_quantity":0,"active":true,"latitude":25.01912,"longitude":121.42703,"updated_at":"2026-05-02T14:34:17+08:00"}},{"type":"Feature","geometry":{"type":"Point","coordinates":[121.43176,25.00796]},"properties":{"sno":500229134,"name":"YouBike2.0_民安西路468巷口","name_en":"YouBike2.0_Ln. 468, MinAn W. Rd. Intersection","city":"新北市","city_en":"New Taipei City","area":"新莊區","area_en":"Xinzhuang Dist","address":"民安西路468號(對側)","address_en":"No. 468, MinAn W. Rd. (Opposite)","total_quantity":25,"available_bikes":8,"available_spots":17,"yb2_quantity":8,"eyb_quantity":0,"active":true,"latitude":25.00796,"longitude":121.43176,"updated_at":"2026-05-02T14:11:03+08:00"}},{"type":"Feature","geometry":{"type":"Point","coordinates":[121.44355,25.03033]},"properties":{"sno":500229135,"name":"YouBike2.0_新莊快樂公園","name_en":"YouBike2.0_Xinzhuang Happy Park","city":"新北市","city_en":"New Taipei City","area":"新莊區","area_en":"Xinzhuang Dist","address":"瓊泰路115號(對側)","address_en":"No. 115, Qiongtai Rd. (Opposite)","total_quantity":27,"available_bikes":13,"available_spots":14,"yb2_quantity":13,"eyb_quantity":0,"active":true,"latitude":25.03033,"longitude":121.44355,"updated_at":"2026-05-02T13:02:03+08:00"}},{"type":"Feature","geometry":{"type":"Point","coordinates":[121.45797,25.06593]},"properties":{"sno":500229136,"name":"YouBike2.0_五權一五工三路口","name_en":"YouBike2.0_WuQuan 1st Rd. & WuGong 3rd Rd. Intersection","city":"新北市","city_en":"New Taipei City","area":"新莊區","area_en":"Xinzhuang Dist","address":"五權一路50號(前)","address_en":"No. 50, WuQuan 1st Rd. (Front)","total_quantity":20,"available_bikes":1,"available_spots":19,"yb2_quantity":1,"eyb_quantity":0,"active":true,"latitude":25.06593,"longitude":121.45797,"updated_at":"2026-05-02T14:39:02+08:00"}},{"type":"Feature","geometry":{"type":"Point","coordinates":[121.43269,25.01525]},"properties":{"sno":500229138,"name":"YouBike2.0_新樹路258巷口","name_en":"YouBike2.0_Ln. 258, XinShu Rd. Intersection","city":"新北市","city_en":"New Taipei City","area":"新莊區","area_en":"Xinzhuang Dist","address":"新樹路258巷口(公車站旁)","address_en":"Ln. 258, XinShu Rd. Intersection","total_quantity":19,"available_bikes":0,"available_spots":19,"yb2_quantity":0,"eyb_quantity":0,"active":true,"latitude":25.01525,"longitude":121.43269,"updated_at":"2026-05-02T14:09:17+08:00"}},{"type":"Feature","geometry":{"type":"Point","coordinates":[121.45962,25.05954]},"properties":{"sno":500229139,"name":"YouBike2.0_思源路593巷口","name_en":"YouBike2.0_Ln. 593, SiYuan Rd.","city":"新北市","city_en":"New Taipei City","area":"新莊區","area_en":"Xinzhuang Dist","address":"思源路591號","address_en":"No. 591, SiYuan Rd.","total_quantity":16,"available_bikes":7,"available_spots":9,"yb2_quantity":7,"eyb_quantity":0,"active":true,"latitude":25.05954,"longitude":121.45962,"updated_at":"2026-05-02T14:31:03+08:00"}},{"type":"Feature","geometry":{"type":"Point","coordinates":[121.40426,25.01637]},"properties":{"sno":500231001,"name":"YouBike2.0_三多第1市民活動中心","name_en":"YouBike2.0_First of Sanduo Civil Activity Center","city":"新北市","city_en":"New Taipei City","area":"樹林區","area_en":"Shulin Dist","address":"福興街17號","address_en":"No.17, Fuxing St., Shulin Dist","total_quantity":27,"available_bikes":8,"available_spots":19,"yb2_quantity":7,"eyb_quantity":1,"active":true,"latitude":25.01637,"longitude":121.40426,"updated_at":"2026-05-02T14:30:03+08:00"}},{"type":"Feature","geometry":{"type":"Point","coordinates":[121.41828,25.01713]},"properties":{"sno":500231002,"name":"YouBike2.0_俊興三龍街口","name_en":"YouBike2.0_Junxing & Sanlong Intersection","city":"新北市","city_en":"New Taipei City","area":"樹林區","area_en":"Shulin Dist","address":"俊興街263號","address_en":"No. 263, Junxing St.","total_quantity":21,"available_bikes":4,"available_spots":17,"yb2_quantity":4,"eyb_quantity":0,"active":true,"latitude":25.01713,"longitude":121.41828,"updated_at":"2026-05-02T14:37:02+08:00"}},{"type":"Feature","geometry":{"type":"Point","coordinates":[121.41496,25.0073]},"properties":{"sno":500231003,"name":"YouBike2.0_全球傳動科技公司","name_en":"YouBike2.0_TBI MOTION Technology Company","city":"新北市","city_en":"New Taipei City","area":"樹林區","area_en":"Shulin Dist","address":"三多路123號對側","address_en":"No. 123, Sanduo Rd., Shulin Dist.(Opposite)","total_quantity":20,"available_bikes":8,"available_spots":12,"yb2_quantity":8,"eyb_quantity":0,"active":true,"latitude":25.0073,"longitude":121.41496,"updated_at":"2026-05-02T14:04:03+08:00"}},{"type":"Feature","geometry":{"type":"Point","coordinates":[121.41306,25.00557]},"properties":{"sno":500231004,"name":"YouBike2.0_光華公園","name_en":"YouBike2.0_Guanghua Park","city":"新北市","city_en":"New Taipei City","area":"樹林區","area_en":"Shulin Dist","address":"保安街二段269號對側","address_en":"No.269, Sec. 2, Bao’an St. (opposite)","total_quantity":25,"available_bikes":1,"available_spots":24,"yb2_quantity":0,"eyb_quantity":1,"active":true,"latitude":25.00557,"longitude":121.41306,"updated_at":"2026-05-02T14:02:03+08:00"}},{"type":"Feature","geometry":{"type":"Point","coordinates":[121.41608,25.00088]},"properties":{"sno":500231005,"name":"YouBike2.0_樹林工業區","name_en":"YouBike2.0_Shulin industrial zone","city":"新北市","city_en":"New Taipei City","area":"樹林區","area_en":"Shulin Dist","address":"保安街二段6號前","address_en":"No.6, Sec. 2, Bao’an St., Shulin Dist.","total_quantity":33,"available_bikes":1,"available_spots":32,"yb2_quantity":1,"eyb_quantity":0,"active":true,"latitude":25.00088,"longitude":121.41608,"updated_at":"2026-05-02T14:23:03+08:00"}},{"type":"Feature","geometry":{"type":"Point","coordinates":[121.42181,24.99738]},"properties":{"sno":500231006,"name":"YouBike2.0_樹林大安站","name_en":"YouBike2.0_Shulin Da’an","city":"新北市","city_en":"New Taipei City","area":"樹林區","area_en":"Shulin Dist","address":"大安路118-1號前","address_en":"No.118-1, Da’an Rd., Shulin Dist.","total_quantity":66,"available_bikes":1,"available_spots":65,"yb2_quantity":1,"eyb_quantity":0,"active":true,"latitude":24.99738,"longitude":121.42181,"updated_at":"2026-05-02T14:32:16+08:00"}},{"type":"Feature","geometry":{"type":"Point","coordinates":[121.42462,24.99828]},"properties":{"sno":500231007,"name":"YouBike2.0_文林國小(潭興街)","name_en":"YouBike2.0_Wenlin Elementary School( Tanxing St.)","city":"新北市","city_en":"New Taipei City","area":"樹林區","area_en":"Shulin Dist","address":"潭興街65號斜對面","address_en":"No. 65, Tan Xing St., Shulin Dist.","total_quantity":44,"available_bikes":5,"available_spots":39,"yb2_quantity":5,"eyb_quantity":0,"active":true,"latitude":24.99828,"longitude":121.42462,"updated_at":"2026-05-02T14:37:02+08:00"}},{"type":"Feature","geometry":{"type":"Point","coordinates":[121.42285,25.0042]},"properties":{"sno":500231008,"name":"YouBike2.0_樹林國民運動中心","name_en":"YouBike2.0_Shulin Civil Sports Center","city":"新北市","city_en":"New Taipei City","area":"樹林區","area_en":"Shulin Dist","address":"中正路188-6號","address_en":"No.188-6,Zhongzheng Rd.,Shulin Dist.","total_quantity":25,"available_bikes":13,"available_spots":12,"yb2_quantity":13,"eyb_quantity":0,"active":true,"latitude":25.0042,"longitude":121.42285,"updated_at":"2026-05-02T13:59:02+08:00"}},{"type":"Feature","geometry":{"type":"Point","coordinates":[121.42487,25.0091]},"properties":{"sno":500231009,"name":"YouBike2.0_俊英俊保路口","name_en":"YouBike2.0_Junying & Junbao Intersection","city":"新北市","city_en":"New Taipei City","area":"樹林區","area_en":"Shulin Dist","address":"俊保路12號","address_en":"No. 12, Junbao Rd.","total_quantity":20,"available_bikes":1,"available_spots":19,"yb2_quantity":1,"eyb_quantity":0,"active":true,"latitude":25.0091,"longitude":121.42487,"updated_at":"2026-05-02T14:36:04+08:00"}},{"type":"Feature","geometry":{"type":"Point","coordinates":[121.38966,24.95615]},"properties":{"sno":500231010,"name":"YouBike2.0_柑園國小","name_en":"YouBike2.0_Ganyuan Elementary School","city":"新北市","city_en":"New Taipei City","area":"樹林區","area_en":"Shulin Dist","address":"柑園街一段353號(前)","address_en":"No. 353, Sec. 1, Ganyuan St.","total_quantity":14,"available_bikes":8,"available_spots":6,"yb2_quantity":6,"eyb_quantity":2,"active":true,"latitude":24.95615,"longitude":121.38966,"updated_at":"2026-05-02T12:41:02+08:00"}},{"type":"Feature","geometry":{"type":"Point","coordinates":[121.42949,24.99602]},"properties":{"sno":500231011,"name":"YouBike2.0_樹林藝文綜合行政大樓","name_en":"YouBike2.0_Shulin Art & Administrative Center","city":"新北市","city_en":"New Taipei City","area":"樹林區","area_en":"Shulin Dist","address":"保安街一段14巷53號對側","address_en":"No. 53, Ln. 14, Sec.1, Bao'an St., Shulin Dist.(opposite)","total_quantity":39,"available_bikes":39,"available_spots":0,"yb2_quantity":35,"eyb_quantity":4,"active":true,"latitude":24.99602,"longitude":121.42949,"updated_at":"2026-05-02T14:31:17+08:00"}},{"type":"Feature","geometry":{"type":"Point","coordinates":[121.42819,24.99298]},"properties":{"sno":500231012,"name":"YouBike2.0_民生親子公園","name_en":"YouBike2.0_Minsheng Parent-child Park","city":"新北市","city_en":"New Taipei City","area":"樹林區","area_en":"Shulin Dist","address":"保安街一段與14巷口","address_en":"No.1, Ln. 14, Sec. 1, Bao’an St., Shulin Dist","total_quantity":20,"available_bikes":6,"available_spots":14,"yb2_quantity":4,"eyb_quantity":2,"active":true,"latitude":24.99298,"longitude":121.42819,"updated_at":"2026-05-02T14:39:02+08:00"}},{"type":"Feature","geometry":{"type":"Point","coordinates":[121.42203,24.9917]},"properties":{"sno":500231013,"name":"YouBike2.0_長壽親子公園","name_en":"YouBike2.0_Changshou Parent-child Park","city":"新北市","city_en":"New Taipei City","area":"樹林區","area_en":"Shulin Dist","address":"樹德街33之2號","address_en":"No.33-2, Shude St.","total_quantity":26,"available_bikes":11,"available_spots":15,"yb2_quantity":11,"eyb_quantity":0,"active":true,"latitude":24.9917,"longitude":121.42203,"updated_at":"2026-05-02T14:39:02+08:00"}},{"type":"Feature","geometry":{"type":"Point","coordinates":[121.41691,24.99007]},"properties":{"sno":500231014,"name":"YouBike2.0_三鶯分區區務辦公室","name_en":"YouBike2.0_Ln. 307 Daan & Daan Intersection","city":"新北市","city_en":"New Taipei City","area":"樹林區","area_en":"Shulin Dist","address":"文化街112巷6號(旁)","address_en":"Ln. 307 Daan & Daan Intersection, Shulin Dist.","total_quantity":15,"available_bikes":2,"available_spots":13,"yb2_quantity":2,"eyb_quantity":0,"active":true,"latitude":24.99007,"longitude":121.41691,"updated_at":"2026-05-02T14:33:03+08:00"}},{"type":"Feature","geometry":{"type":"Point","coordinates":[121.41765,24.98886]},"properties":{"sno":500231015,"name":"YouBike2.0_樹林國小","name_en":"YouBike2.0_Shulin elementary school","city":"新北市","city_en":"New Taipei City","area":"樹林區","area_en":"Shulin Dist","address":"啟智街與文化街口","address_en":"Wenhua St./Qizhi St., Shulin Dist., New Taipei City","total_quantity":24,"available_bikes":9,"available_spots":15,"yb2_quantity":9,"eyb_quantity":0,"active":true,"latitude":24.98886,"longitude":121.41765,"updated_at":"2026-05-02T14:27:03+08:00"}},{"type":"Feature","geometry":{"type":"Point","coordinates":[121.42417,24.9917]},"properties":{"sno":500231016,"name":"YouBike2.0_樹林火車站(後站)","name_en":"YouBike2.0_Shulin Railway Rear Station","city":"新北市","city_en":"New Taipei City","area":"樹林區","area_en":"Shulin Dist","address":"後站街6巷11號斜對面","address_en":"No.11, Ln. 6, Houzhan St. (opposite)","total_quantity":65,"available_bikes":39,"available_spots":7,"yb2_quantity":38,"eyb_quantity":1,"active":true,"latitude":24.9917,"longitude":121.42417,"updated_at":"2026-05-02T14:39:02+08:00"}},{"type":"Feature","geometry":{"type":"Point","coordinates":[121.40049,24.97512]},"properties":{"sno":500231017,"name":"YouBike2.0_中山新興街口","name_en":"YouBike2.0_Zhongshan & Xinxing Intersection","city":"新北市","city_en":"New Taipei City","area":"樹林區","area_en":"Shulin Dist","address":"中山路三段71號對側","address_en":"No.71, Sec. 3, Zhongshan Rd., Shulin Dist.","total_quantity":30,"available_bikes":8,"available_spots":22,"yb2_quantity":7,"eyb_quantity":1,"active":true,"latitude":24.97512,"longitude":121.40049,"updated_at":"2026-05-02T14:09:03+08:00"}},{"type":"Feature","geometry":{"type":"Point","coordinates":[121.3925,24.97062]},"properties":{"sno":500231018,"name":"YouBike2.0_育德國小","name_en":"YouBike2.0_Yude Elementary School","city":"新北市","city_en":"New Taipei City","area":"樹林區","area_en":"Shulin Dist","address":"佳園路一段34號","address_en":"No. 34, Sec. 1, Jiayuan Rd.","total_quantity":20,"available_bikes":7,"available_spots":13,"yb2_quantity":7,"eyb_quantity":0,"active":true,"latitude":24.97062,"longitude":121.3925,"updated_at":"2026-05-02T14:31:03+08:00"}},{"type":"Feature","geometry":{"type":"Point","coordinates":[121.426,24.9979]},"properties":{"sno":500231019,"name":"YouBike2.0_文林國小","name_en":"YouBike2.0_Wenlin Elementary School","city":"新北市","city_en":"New Taipei City","area":"樹林區","area_en":"Shulin Dist","address":"千歲街59號","address_en":"No.59, Qiansui St.","total_quantity":23,"available_bikes":4,"available_spots":19,"yb2_quantity":4,"eyb_quantity":0,"active":true,"latitude":24.9979,"longitude":121.426,"updated_at":"2026-05-02T14:34:03+08:00"}},{"type":"Feature","geometry":{"type":"Point","coordinates":[121.409,24.9802]},"properties":{"sno":500231020,"name":"YouBike2.0_南樹林火車站","name_en":"YouBike2.0_Shulin South Station","city":"新北市","city_en":"New Taipei City","area":"樹林區","area_en":"Shulin Dist","address":"中山路二段東興路口(火車站右側人行道)","address_en":"Sec. 2, Zhongshan Rd. / Dongxing St. intersection","total_quantity":20,"available_bikes":14,"available_spots":6,"yb2_quantity":14,"eyb_quantity":0,"active":true,"latitude":24.9802,"longitude":121.409,"updated_at":"2026-05-02T14:32:02+08:00"}},{"type":"Feature","geometry":{"type":"Point","coordinates":[121.404,24.9747]},"properties":{"sno":500231021,"name":"YouBike2.0_味王街","name_en":"YouBike2.0_St. Weiwang","city":"新北市","city_en":"New Taipei City","area":"樹林區","area_en":"Shulin Dist","address":"樹林區味王街3號(馬路側)","address_en":"No. 3, Weiwang Street, Shulin Dist.","total_quantity":26,"available_bikes":2,"available_spots":24,"yb2_quantity":2,"eyb_quantity":0,"active":true,"latitude":24.9747,"longitude":121.404,"updated_at":"2026-05-02T14:02:03+08:00"}},{"type":"Feature","geometry":{"type":"Point","coordinates":[121.41761,24.98511]},"properties":{"sno":500231022,"name":"YouBike2.0_中山八德街口","name_en":"YouBike2.0_Zhongshan & Bade Intersection","city":"新北市","city_en":"New Taipei City","area":"樹林區","area_en":"Shulin Dist","address":"中山路二段10號對側","address_en":"No.10, Zhongshan Rd. (Opposite)","total_quantity":20,"available_bikes":2,"available_spots":18,"yb2_quantity":1,"eyb_quantity":1,"active":true,"latitude":24.98511,"longitude":121.41761,"updated_at":"2026-05-02T14:15:02+08:00"}},{"type":"Feature","geometry":{"type":"Point","coordinates":[121.41182,24.98286]},"properties":{"sno":500231023,"name":"YouBike2.0_中山大安路口","name_en":"YouBike2.0_Zhongshan Da'an Rd. Intersection","city":"新北市","city_en":"New Taipei City","area":"樹林區","area_en":"Shulin Dist","address":"中山路二段89號(前人行道)","address_en":"No. 89, Sec. 2, Zhongshan Rd.","total_quantity":30,"available_bikes":2,"available_spots":28,"yb2_quantity":1,"eyb_quantity":1,"active":true,"latitude":24.98286,"longitude":121.41182,"updated_at":"2026-05-02T14:31:03+08:00"}},{"type":"Feature","geometry":{"type":"Point","coordinates":[121.4233,24.9804]},"properties":{"sno":500231024,"name":"YouBike2.0_彭福國小","name_en":"YouBike2.0_Pengfu Elementary School","city":"新北市","city_en":"New Taipei City","area":"樹林區","area_en":"Shulin Dist","address":"國凱街/國凱街136巷口(東北側)","address_en":"Guokai St.& Ln. 136, Guokai St. Intersection(Northeast)","total_quantity":40,"available_bikes":0,"available_spots":40,"yb2_quantity":0,"eyb_quantity":0,"active":true,"latitude":24.9804,"longitude":121.4233,"updated_at":"2026-05-02T14:20:20+08:00"}},{"type":"Feature","geometry":{"type":"Point","coordinates":[121.41683,24.98114]},"properties":{"sno":500231025,"name":"YouBike2.0_大同國小","name_en":"YouBike2.0_Datong Elementary School","city":"新北市","city_en":"New Taipei City","area":"樹林區","area_en":"Shulin Dist","address":"大元街2巷11號西北側","address_en":"No. 11, Ln. 2, Dayuan St.(Northwest)","total_quantity":30,"available_bikes":6,"available_spots":24,"yb2_quantity":5,"eyb_quantity":1,"active":true,"latitude":24.98114,"longitude":121.41683,"updated_at":"2026-05-02T14:29:02+08:00"}},{"type":"Feature","geometry":{"type":"Point","coordinates":[121.41224,24.98205]},"properties":{"sno":500231026,"name":"YouBike2.0_東陽市民活動中心","name_en":"YouBike2.0_Dongyang Civil Activity Center","city":"新北市","city_en":"New Taipei City","area":"樹林區","area_en":"Shulin Dist","address":"鎮前街467號(前)","address_en":"No.467, Zhenqian St., Shulin Dist","total_quantity":30,"available_bikes":3,"available_spots":27,"yb2_quantity":3,"eyb_quantity":0,"active":true,"latitude":24.98205,"longitude":121.41224,"updated_at":"2026-05-02T14:34:03+08:00"}},{"type":"Feature","geometry":{"type":"Point","coordinates":[121.39317,24.97271]},"properties":{"sno":500231027,"name":"YouBike2.0_山佳火車站","name_en":"YouBike2.0_Shanjia Railway Station","city":"新北市","city_en":"New Taipei City","area":"樹林區","area_en":"Shulin Dist","address":"山佳街47號(對面)","address_en":"No. 47, Shanjia St. (Opposite)","total_quantity":25,"available_bikes":12,"available_spots":13,"yb2_quantity":10,"eyb_quantity":2,"active":true,"latitude":24.97271,"longitude":121.39317,"updated_at":"2026-05-02T14:36:04+08:00"}},{"type":"Feature","geometry":{"type":"Point","coordinates":[121.38236,24.94587]},"properties":{"sno":500231028,"name":"YouBike2.0_學成大成路口","name_en":"YouBike2.0_Xuecheng & Dacheng Intersection","city":"新北市","city_en":"New Taipei City","area":"樹林區","area_en":"Shulin Dist","address":"大成路與學成路口","address_en":"Xuecheng Rd./Dacheng Rd.(intersecion)","total_quantity":37,"available_bikes":11,"available_spots":26,"yb2_quantity":9,"eyb_quantity":2,"active":true,"latitude":24.94587,"longitude":121.38236,"updated_at":"2026-05-02T14:39:02+08:00"}},{"type":"Feature","geometry":{"type":"Point","coordinates":[121.37838,24.9453]},"properties":{"sno":500231029,"name":"YouBike2.0_學成大義路口","name_en":"YouBike2.0_Xuecheng & Dayi Intersection","city":"新北市","city_en":"New Taipei City","area":"樹林區","area_en":"Shulin Dist","address":"大義路182號","address_en":"No. 182, Dayi Rd.","total_quantity":33,"available_bikes":10,"available_spots":23,"yb2_quantity":10,"eyb_quantity":0,"active":true,"latitude":24.9453,"longitude":121.37838,"updated_at":"2026-05-02T14:39:02+08:00"}},{"type":"Feature","geometry":{"type":"Point","coordinates":[121.37975,24.94819]},"properties":{"sno":500231030,"name":"YouBike2.0_森林公園","name_en":"YouBike2.0_Forest Park","city":"新北市","city_en":"New Taipei City","area":"樹林區","area_en":"Shulin Dist","address":"學勤路382號對側","address_en":"No.382, Xueqin Rd., Shulin Dist.(opposite)","total_quantity":30,"available_bikes":15,"available_spots":15,"yb2_quantity":14,"eyb_quantity":1,"active":true,"latitude":24.94819,"longitude":121.37975,"updated_at":"2026-05-02T14:39:02+08:00"}},{"type":"Feature","geometry":{"type":"Point","coordinates":[121.42178,24.9886]},"properties":{"sno":500231031,"name":"YouBike2.0_中山立仁街口","name_en":"YouBike2.0_Zhongsha Liren Intersection","city":"新北市","city_en":"New Taipei City","area":"樹林區","area_en":"Shulin Dist","address":"中山路一段177-1號(旁)","address_en":"No. 177-1, Sec. 1, Zhongshan Rd. Shulin Dist.","total_quantity":21,"available_bikes":12,"available_spots":9,"yb2_quantity":12,"eyb_quantity":0,"active":true,"latitude":24.9886,"longitude":121.42178,"updated_at":"2026-05-02T14:37:02+08:00"}},{"type":"Feature","geometry":{"type":"Point","coordinates":[121.42365,25.01294]},"properties":{"sno":500231032,"name":"YouBike2.0_俊英街219巷口","name_en":"YouBike2.0_Lane 219, Junying St.","city":"新北市","city_en":"New Taipei City","area":"樹林區","area_en":"Shulin Dist","address":"俊英街/俊英街219巷口","address_en":"Junying St. & Lane 219, Junying St.","total_quantity":17,"available_bikes":4,"available_spots":13,"yb2_quantity":3,"eyb_quantity":1,"active":true,"latitude":25.01294,"longitude":121.42365,"updated_at":"2026-05-02T14:33:03+08:00"}},{"type":"Feature","geometry":{"type":"Point","coordinates":[121.40316,24.96029]},"properties":{"sno":500231033,"name":"YouBike2.0_柑園街一段51巷口","name_en":"YouBike2.0_Ln. 51, Sec. 1, Ganyuan St. Intersection","city":"新北市","city_en":"New Taipei City","area":"樹林區","area_en":"Shulin Dist","address":"柑園街一段45號(對面)","address_en":"No. 45, Sec. 1, Ganyuan St. Shulin Dist.","total_quantity":18,"available_bikes":6,"available_spots":12,"yb2_quantity":2,"eyb_quantity":4,"active":true,"latitude":24.96029,"longitude":121.40316,"updated_at":"2026-05-02T14:27:03+08:00"}},{"type":"Feature","geometry":{"type":"Point","coordinates":[121.41946,24.97427]},"properties":{"sno":500231034,"name":"YouBike2.0_八德街東豐街口","name_en":"YouBike2.0_Bade St./ Dongfeng St. Intersection.","city":"新北市","city_en":"New Taipei City","area":"樹林區","area_en":"Shulin Dist","address":"八德街/東豐街口(東南側)","address_en":"Bade St./ Dongfeng St. Intersection. Shulin Dist.","total_quantity":12,"available_bikes":8,"available_spots":4,"yb2_quantity":8,"eyb_quantity":0,"active":true,"latitude":24.97427,"longitude":121.41946,"updated_at":"2026-05-02T14:28:04+08:00"}},{"type":"Feature","geometry":{"type":"Point","coordinates":[121.38399,24.94864]},"properties":{"sno":500231035,"name":"YouBike2.0_學勤大有路口","name_en":"YouBike2.0_Xueqin Dayou Rd. Intersection","city":"新北市","city_en":"New Taipei City","area":"樹林區","area_en":"Shulin Dist","address":"學勤路/大有路口(東南側)","address_en":"Xueqin & Dayou Rd. Intersection(Southeast)","total_quantity":18,"available_bikes":9,"available_spots":8,"yb2_quantity":8,"eyb_quantity":1,"active":true,"latitude":24.94864,"longitude":121.38399,"updated_at":"2026-05-02T14:39:02+08:00"}},{"type":"Feature","geometry":{"type":"Point","coordinates":[121.40701,25.01638]},"properties":{"sno":500231036,"name":"YouBike2.0_三多國小","name_en":"YouBike2.0_Sanduo Elementary School","city":"新北市","city_en":"New Taipei City","area":"樹林區","area_en":"Shulin Dist","address":"三福街89號北側","address_en":"No.89, Sanfu St.(oppsite)","total_quantity":26,"available_bikes":9,"available_spots":17,"yb2_quantity":9,"eyb_quantity":0,"active":true,"latitude":25.01638,"longitude":121.40701,"updated_at":"2026-05-02T14:34:03+08:00"}},{"type":"Feature","geometry":{"type":"Point","coordinates":[121.42477,24.98976]},"properties":{"sno":500231037,"name":"YouBike2.0_樹林區公所","name_en":"YouBike2.0_Shulin District Office","city":"新北市","city_en":"New Taipei City","area":"樹林區","area_en":"Shulin Dist","address":"博愛街198-5號對側","address_en":"No.198-5, Bo’ai St., Shulin Dist.","total_quantity":37,"available_bikes":24,"available_spots":13,"yb2_quantity":24,"eyb_quantity":0,"active":true,"latitude":24.98976,"longitude":121.42477,"updated_at":"2026-05-02T14:28:04+08:00"}},{"type":"Feature","geometry":{"type":"Point","coordinates":[121.41489,24.98636]},"properties":{"sno":500231038,"name":"YouBike2.0_樹林大安活動中心","name_en":"YouBike2.0_Shulin Da'an Activity Center","city":"新北市","city_en":"New Taipei City","area":"樹林區","area_en":"Shulin Dist","address":"復興路372巷24號","address_en":"No. 24, Ln. 372, Fuxing Rd.","total_quantity":44,"available_bikes":4,"available_spots":39,"yb2_quantity":4,"eyb_quantity":0,"active":true,"latitude":24.98636,"longitude":121.41489,"updated_at":"2026-05-02T14:02:03+08:00"}},{"type":"Feature","geometry":{"type":"Point","coordinates":[121.41503,24.98379]},"properties":{"sno":500231039,"name":"YouBike2.0_新北市立圖書館樹林東昇分館","name_en":"YouBike2.0_New Taipei City Library Shulin Dongsheng Branch","city":"新北市","city_en":"New Taipei City","area":"樹林區","area_en":"Shulin Dist","address":"中山路二段80號(對面)","address_en":"No.80, Sec. 2, Zhongshan Rd.(opposite)","total_quantity":20,"available_bikes":7,"available_spots":13,"yb2_quantity":7,"eyb_quantity":0,"active":true,"latitude":24.98379,"longitude":121.41503,"updated_at":"2026-05-02T14:30:03+08:00"}},{"type":"Feature","geometry":{"type":"Point","coordinates":[121.4236,24.98356]},"properties":{"sno":500231040,"name":"YouBike2.0_億光電子(樹林高中)","name_en":"YouBike2.0_Everlight Electronics Co.,Ltd (Shulin Senior High School)","city":"新北市","city_en":"New Taipei City","area":"樹林區","area_en":"Shulin Dist","address":"中華路與樹中二街口","address_en":"Zhonghua Rd./Shuzhong 2nd St.(oppsite)","total_quantity":41,"available_bikes":0,"available_spots":41,"yb2_quantity":0,"eyb_quantity":0,"active":true,"latitude":24.98356,"longitude":121.4236,"updated_at":"2026-05-02T14:18:18+08:00"}},{"type":"Feature","geometry":{"type":"Point","coordinates":[121.42241,24.97934]},"properties":{"sno":500231041,"name":"YouBike2.0_四維國凱街口(立天下社區)","name_en":"YouBike2.0_Siwei & Guokai Intersection","city":"新北市","city_en":"New Taipei City","area":"樹林區","area_en":"Shulin Dist","address":"四維路與國凱街口","address_en":"Siwei Rd. & Guokai St. Intersection","total_quantity":44,"available_bikes":5,"available_spots":39,"yb2_quantity":5,"eyb_quantity":0,"active":true,"latitude":24.97934,"longitude":121.42241,"updated_at":"2026-05-02T13:07:02+08:00"}},{"type":"Feature","geometry":{"type":"Point","coordinates":[121.38646,24.95096]},"properties":{"sno":500231042,"name":"YouBike2.0_柑園五里聯合活動中心","name_en":"YouBike2.0_5 Villages in Ganyuan Joint Activity Center","city":"新北市","city_en":"New Taipei City","area":"樹林區","area_en":"Shulin Dist","address":"佳園路三段128號(前)","address_en":"No.128, Sec. 3, Jiayuan Rd.","total_quantity":25,"available_bikes":13,"available_spots":12,"yb2_quantity":10,"eyb_quantity":3,"active":true,"latitude":24.95096,"longitude":121.38646,"updated_at":"2026-05-02T14:35:03+08:00"}},{"type":"Feature","geometry":{"type":"Point","coordinates":[121.41274,25.01239]},"properties":{"sno":500231043,"name":"YouBike2.0_中正保安街三段口","name_en":"YouBike2.0_Zhongzheng Bao'an St. Intersection","city":"新北市","city_en":"New Taipei City","area":"樹林區","area_en":"Shulin Dist","address":"中正路/保安街三段口(西南側)","address_en":"Zhongzheng Rd. & Sec. 3, Bao'an St. Intersection(Southwest)","total_quantity":11,"available_bikes":0,"available_spots":11,"yb2_quantity":0,"eyb_quantity":0,"active":true,"latitude":25.01239,"longitude":121.41274,"updated_at":"2026-05-02T14:04:18+08:00"}},{"type":"Feature","geometry":{"type":"Point","coordinates":[121.41595,24.98962]},"properties":{"sno":500231044,"name":"YouBike2.0_大安文化街口","name_en":"YouBike2.0_Da’an Wenhua Intersection","city":"新北市","city_en":"New Taipei City","area":"樹林區","area_en":"Shulin Dist","address":"大安文化街口南側","address_en":"Da’an Rd.& Wenhua St.Intersection(South)","total_quantity":21,"available_bikes":7,"available_spots":14,"yb2_quantity":6,"eyb_quantity":1,"active":true,"latitude":24.98962,"longitude":121.41595,"updated_at":"2026-05-02T14:13:03+08:00"}},{"type":"Feature","geometry":{"type":"Point","coordinates":[121.42756,24.99948]},"properties":{"sno":500231045,"name":"YouBike2.0_中正千歲街口","name_en":"YouBike2.0_Zhongzheng Qiansui Intersection","city":"新北市","city_en":"New Taipei City","area":"樹林區","area_en":"Shulin Dist","address":"中正路/千歲街(東北側)","address_en":"Zhongzheng Rd. & Qiansui St.(Northeast)","total_quantity":17,"available_bikes":2,"available_spots":15,"yb2_quantity":2,"eyb_quantity":0,"active":true,"latitude":24.99948,"longitude":121.42756,"updated_at":"2026-05-02T14:39:02+08:00"}},{"type":"Feature","geometry":{"type":"Point","coordinates":[121.42111571570142,24.982608838794]},"properties":{"sno":500231046,"name":"YouBike2.0_中華路12巷口","name_en":"YouBike2.0_Ln. 12, Zhonghua Rd. Intersection","city":"新北市","city_en":"New Taipei City","area":"樹林區","area_en":"Shulin Dist","address":"中華路/中華路12巷(東北側)","address_en":"Zhonghua Rd. & Ln. 12, Zhonghua Rd.(Northeast)","total_quantity":20,"available_bikes":7,"available_spots":13,"yb2_quantity":7,"eyb_quantity":0,"active":true,"latitude":24.982608838794,"longitude":121.42111571570142,"updated_at":"2026-05-02T14:39:02+08:00"}},{"type":"Feature","geometry":{"type":"Point","coordinates":[121.39591,24.97151]},"properties":{"sno":500231047,"name":"YouBike2.0_鹿角溪公園","name_en":"YouBike2.0_Lujiaoxi Park","city":"新北市","city_en":"New Taipei City","area":"樹林區","area_en":"Shulin Dist","address":"鹿角溪公園(東南側)","address_en":"Lujiaoxi Park","total_quantity":13,"available_bikes":10,"available_spots":3,"yb2_quantity":6,"eyb_quantity":4,"active":true,"latitude":24.97151,"longitude":121.39591,"updated_at":"2026-05-02T14:11:03+08:00"}},{"type":"Feature","geometry":{"type":"Point","coordinates":[121.40999,24.97872]},"properties":{"sno":500231048,"name":"YouBike2.0_東興街","name_en":"YouBike2.0_Dongxing St.","city":"新北市","city_en":"New Taipei City","area":"樹林區","area_en":"Shulin Dist","address":"東興街12號(對面)","address_en":"No. 12, Dongxing St.(Opposite)","total_quantity":15,"available_bikes":7,"available_spots":8,"yb2_quantity":7,"eyb_quantity":0,"active":true,"latitude":24.97872,"longitude":121.40999,"updated_at":"2026-05-02T13:01:03+08:00"}},{"type":"Feature","geometry":{"type":"Point","coordinates":[121.40947,24.97563]},"properties":{"sno":500231049,"name":"YouBike2.0_東大街","name_en":"YouBike2.0_Dongda St.","city":"新北市","city_en":"New Taipei City","area":"樹林區","area_en":"Shulin Dist","address":"東大街162號(對面)","address_en":"No. 162, Dongda St.(Opposite)","total_quantity":15,"available_bikes":2,"available_spots":13,"yb2_quantity":2,"eyb_quantity":0,"active":true,"latitude":24.97563,"longitude":121.40947,"updated_at":"2026-05-02T14:17:02+08:00"}},{"type":"Feature","geometry":{"type":"Point","coordinates":[121.41149,24.97831]},"properties":{"sno":500231050,"name":"YouBike2.0_東順街36巷口","name_en":"YouBike2.0_Ln. 36, Dongshun St. Intersection","city":"新北市","city_en":"New Taipei City","area":"樹林區","area_en":"Shulin Dist","address":"東順街23號(對面)","address_en":"No. 23, Dongshun St.(Opposite)","total_quantity":11,"available_bikes":3,"available_spots":8,"yb2_quantity":3,"eyb_quantity":0,"active":true,"latitude":24.97831,"longitude":121.41149,"updated_at":"2026-05-02T13:51:04+08:00"}},{"type":"Feature","geometry":{"type":"Point","coordinates":[121.41239,24.97986]},"properties":{"sno":500231051,"name":"YouBike2.0_中華路379巷口","name_en":"YouBike2.0_Ln. 379, Zhonghua Rd. Intersection","city":"新北市","city_en":"New Taipei City","area":"樹林區","area_en":"Shulin Dist","address":"中華路379巷2號(旁)","address_en":"No. 2, Ln. 379, Zhonghua Rd.","total_quantity":14,"available_bikes":8,"available_spots":6,"yb2_quantity":8,"eyb_quantity":0,"active":true,"latitude":24.97986,"longitude":121.41239,"updated_at":"2026-05-02T13:29:04+08:00"}},{"type":"Feature","geometry":{"type":"Point","coordinates":[121.42446,25.0108]},"properties":{"sno":500231052,"name":"YouBike2.0_俊英街125巷口","name_en":"YouBike2.0_Ln. 125, Junying St. Intersection","city":"新北市","city_en":"New Taipei City","area":"樹林區","area_en":"Shulin Dist","address":"俊英街250號(對面)","address_en":"No. 250, Junying St.(Opposite)","total_quantity":15,"available_bikes":4,"available_spots":11,"yb2_quantity":4,"eyb_quantity":0,"active":true,"latitude":25.0108,"longitude":121.42446,"updated_at":"2026-05-02T14:29:02+08:00"}},{"type":"Feature","geometry":{"type":"Point","coordinates":[121.41774,25.00717]},"properties":{"sno":500231053,"name":"YouBike2.0_中正路248巷口","name_en":"YouBike2.0_Ln. 248, Zhongzheng Rd. Intersection","city":"新北市","city_en":"New Taipei City","area":"樹林區","area_en":"Shulin Dist","address":"中正路246號(對面)","address_en":"No. 246, Zhongzheng Rd.(Opposite)","total_quantity":10,"available_bikes":3,"available_spots":7,"yb2_quantity":3,"eyb_quantity":0,"active":true,"latitude":25.00717,"longitude":121.41774,"updated_at":"2026-05-02T14:10:03+08:00"}},{"type":"Feature","geometry":{"type":"Point","coordinates":[121.42818,25.00379]},"properties":{"sno":500231054,"name":"YouBike2.0_俊英大安路口","name_en":"YouBike2.0_Junying Da'an Rd. Intersection","city":"新北市","city_en":"New Taipei City","area":"樹林區","area_en":"Shulin Dist","address":"俊英街/大安路(西北側)","address_en":"Junying St. & Da'an Rd.(Northwest)","total_quantity":14,"available_bikes":4,"available_spots":10,"yb2_quantity":4,"eyb_quantity":0,"active":true,"latitude":25.00379,"longitude":121.42818,"updated_at":"2026-05-02T14:25:03+08:00"}},{"type":"Feature","geometry":{"type":"Point","coordinates":[121.36809,24.94909]},"properties":{"sno":500231055,"name":"YouBike2.0_柑園街二段363巷口","name_en":"YouBike2.0_Ln. 363, Sec. 2, Ganyuan St. Intersection","city":"新北市","city_en":"New Taipei City","area":"樹林區","area_en":"Shulin Dist","address":"柑園街二段357號對面(西側)","address_en":"No. 357, Sec. 2, Ganyuan St.(Opposite)","total_quantity":12,"available_bikes":8,"available_spots":3,"yb2_quantity":6,"eyb_quantity":2,"active":true,"latitude":24.94909,"longitude":121.36809,"updated_at":"2026-05-02T13:33:02+08:00"}},{"type":"Feature","geometry":{"type":"Point","coordinates":[121.41264,25.00694]},"properties":{"sno":500231056,"name":"YouBike2.0_獇寮公園","name_en":"YouBike2.0_Qiangliao Park","city":"新北市","city_en":"New Taipei City","area":"樹林區","area_en":"Shulin Dist","address":"保安街二段327號東側","address_en":"No. 327, Sec. 2, Bao'an St.（east）","total_quantity":12,"available_bikes":3,"available_spots":9,"yb2_quantity":3,"eyb_quantity":0,"active":true,"latitude":25.00694,"longitude":121.41264,"updated_at":"2026-05-02T14:31:03+08:00"}},{"type":"Feature","geometry":{"type":"Point","coordinates":[121.41359,25.01585]},"properties":{"sno":500231057,"name":"YouBike2.0_三俊街65巷口","name_en":"YouBike2.0_Ln. 65, Sanjun St. Intersection","city":"新北市","city_en":"New Taipei City","area":"樹林區","area_en":"Shulin Dist","address":"三俊街63號(對面)","address_en":"No. 63, Sanjun St.(Opposite)","total_quantity":15,"available_bikes":8,"available_spots":6,"yb2_quantity":6,"eyb_quantity":2,"active":true,"latitude":25.01585,"longitude":121.41359,"updated_at":"2026-05-02T14:18:03+08:00"}},{"type":"Feature","geometry":{"type":"Point","coordinates":[121.41691,25.01187]},"properties":{"sno":500231058,"name":"YouBike2.0_俊興俊安街口","name_en":"YouBike2.0_Junxing Jun'an St. Intersection","city":"新北市","city_en":"New Taipei City","area":"樹林區","area_en":"Shulin Dist","address":"俊興街148號(旁)","address_en":"No. 148, Junxing St.","total_quantity":15,"available_bikes":7,"available_spots":8,"yb2_quantity":7,"eyb_quantity":0,"active":true,"latitude":25.01187,"longitude":121.41691,"updated_at":"2026-05-02T13:16:02+08:00"}},{"type":"Feature","geometry":{"type":"Point","coordinates":[121.42853,24.99636]},"properties":{"sno":500231059,"name":"YouBike2.0_樹林藝文綜合行政大樓停車場","name_en":"YouBike2.0_Shulin Art & Administrative Center Parking Lot","city":"新北市","city_en":"New Taipei City","area":"樹林區","area_en":"Shulin Dist","address":"樹新路135號(對面)","address_en":"No. 135, Shuxin Rd.(Opposite)","total_quantity":18,"available_bikes":17,"available_spots":0,"yb2_quantity":16,"eyb_quantity":1,"active":true,"latitude":24.99636,"longitude":121.42853,"updated_at":"2026-05-02T14:35:16+08:00"}},{"type":"Feature","geometry":{"type":"Point","coordinates":[121.42652,24.99334]},"properties":{"sno":500231060,"name":"YouBike2.0_保安立體停車場","name_en":"YouBike2.0_Bao An Parking Lot","city":"新北市","city_en":"New Taipei City","area":"樹林區","area_en":"Shulin Dist","address":"保安街一段7號(旁)","address_en":"No. 7, Sec. 1, Bao'an St.","total_quantity":12,"available_bikes":11,"available_spots":1,"yb2_quantity":10,"eyb_quantity":1,"active":true,"latitude":24.99334,"longitude":121.42652,"updated_at":"2026-05-02T14:07:03+08:00"}},{"type":"Feature","geometry":{"type":"Point","coordinates":[121.38067,24.94447]},"properties":{"sno":500231061,"name":"YouBike2.0_大雅佳園路口","name_en":"YouBike2.0_Daya & Jiayuan St. Intersection","city":"新北市","city_en":"New Taipei City","area":"樹林區","area_en":"Shulin Dist","address":"大雅路1號","address_en":"No. 1, Daya Rd.","total_quantity":14,"available_bikes":4,"available_spots":10,"yb2_quantity":3,"eyb_quantity":1,"active":true,"latitude":24.94447,"longitude":121.38067,"updated_at":"2026-05-02T14:30:03+08:00"}},{"type":"Feature","geometry":{"type":"Point","coordinates":[121.41107,24.98928]},"properties":{"sno":500231062,"name":"YouBike2.0_樹林區第三平面停車場","name_en":"YouBike2.0_Parking Lot No.3, Shulin","city":"新北市","city_en":"New Taipei City","area":"樹林區","area_en":"Shulin Dist","address":"光明街9號(對面)","address_en":"No. 9, Guangming St.(Opposite)","total_quantity":13,"available_bikes":1,"available_spots":12,"yb2_quantity":1,"eyb_quantity":0,"active":true,"latitude":24.98928,"longitude":121.41107,"updated_at":"2026-05-02T14:35:03+08:00"}},{"type":"Feature","geometry":{"type":"Point","coordinates":[121.37901,24.95041]},"properties":{"sno":500231063,"name":"YouBike2.0_學府大雅路口","name_en":"YouBike2.0_Xuefu Daya Rd. Intersection","city":"新北市","city_en":"New Taipei City","area":"樹林區","area_en":"Shulin Dist","address":"學府路298號","address_en":"No. 298, Xuefu Rd.","total_quantity":15,"available_bikes":4,"available_spots":11,"yb2_quantity":4,"eyb_quantity":0,"active":true,"latitude":24.95041,"longitude":121.37901,"updated_at":"2026-05-02T14:37:02+08:00"}},{"type":"Feature","geometry":{"type":"Point","coordinates":[121.41828,24.97848]},"properties":{"sno":500231064,"name":"YouBike2.0_彭厝市場","name_en":"YouBike2.0_Pengcuo Market","city":"新北市","city_en":"New Taipei City","area":"樹林區","area_en":"Shulin Dist","address":"太平路122號後方","address_en":"No.112, Taiping Rd. (back)","total_quantity":22,"available_bikes":10,"available_spots":12,"yb2_quantity":10,"eyb_quantity":0,"active":true,"latitude":24.97848,"longitude":121.41828,"updated_at":"2026-05-02T14:34:03+08:00"}},{"type":"Feature","geometry":{"type":"Point","coordinates":[121.41555,24.97913]},"properties":{"sno":500231065,"name":"YouBike2.0_福順街","name_en":"YouBike2.0_Fushun St.","city":"新北市","city_en":"New Taipei City","area":"樹林區","area_en":"Shulin Dist","address":"福順街27號(對面)","address_en":"No. 27, Fushun St. (Opposite)","total_quantity":13,"available_bikes":3,"available_spots":9,"yb2_quantity":3,"eyb_quantity":0,"active":true,"latitude":24.97913,"longitude":121.41555,"updated_at":"2026-05-02T14:31:03+08:00"}},{"type":"Feature","geometry":{"type":"Point","coordinates":[121.385,24.94695]},"properties":{"sno":500231066,"name":"YouBike2.0_佳園學成路口","name_en":"YouBike2.0_Jiayuan Rd. & Xuecheng Rd. Intersection","city":"新北市","city_en":"New Taipei City","area":"樹林區","area_en":"Shulin Dist","address":"佳園路三段260號(前)","address_en":"No. 260, Sec. 3, Jiayuan Rd. (Front)","total_quantity":22,"available_bikes":6,"available_spots":14,"yb2_quantity":6,"eyb_quantity":0,"active":true,"latitude":24.94695,"longitude":121.385,"updated_at":"2026-05-02T14:21:58+08:00"}},{"type":"Feature","geometry":{"type":"Point","coordinates":[121.41016,24.97375]},"properties":{"sno":500231067,"name":"YouBike2.0_東豐街85巷口","name_en":"YouBike2.0_Ln. 85, Dongfeng St. Intersection","city":"新北市","city_en":"New Taipei City","area":"樹林區","area_en":"Shulin Dist","address":"東豐街83-1號(前)","address_en":"No. 83-1, Dongfeng St. (Front)","total_quantity":12,"available_bikes":6,"available_spots":6,"yb2_quantity":5,"eyb_quantity":1,"active":true,"latitude":24.97375,"longitude":121.41016,"updated_at":"2026-05-02T08:54:02+08:00"}},{"type":"Feature","geometry":{"type":"Point","coordinates":[121.42002,24.98144]},"properties":{"sno":500231068,"name":"YouBike2.0_八德中華路口","name_en":"YouBike2.0_Zhonghua Rd. & Bade St. Intersection","city":"新北市","city_en":"New Taipei City","area":"樹林區","area_en":"Shulin Dist","address":"八德街87號(前)","address_en":"No. 87, Bade St. (Front)","total_quantity":15,"available_bikes":10,"available_spots":5,"yb2_quantity":10,"eyb_quantity":0,"active":true,"latitude":24.98144,"longitude":121.42002,"updated_at":"2026-05-02T14:36:04+08:00"}},{"type":"Feature","geometry":{"type":"Point","coordinates":[121.39488,24.94984]},"properties":{"sno":500231069,"name":"YouBike2.0_佳園路三段101巷80弄口","name_en":"YouBike2.0_Aly. 80, Ln. 101, Sec. 3, JiaYuan Rd.","city":"新北市","city_en":"New Taipei City","area":"樹林區","area_en":"Shulin Dist","address":"佳園路三段101巷80弄1號(旁)","address_en":"No. 1, Aly. 80, Ln. 101, Sec. 3, JiaYuan Rd. (Side)","total_quantity":15,"available_bikes":9,"available_spots":6,"yb2_quantity":4,"eyb_quantity":5,"active":true,"latitude":24.94984,"longitude":121.39488,"updated_at":"2026-05-02T14:36:04+08:00"}},{"type":"Feature","geometry":{"type":"Point","coordinates":[121.38196,24.94768]},"properties":{"sno":500231070,"name":"YouBike2.0_大成學士路口","name_en":"YouBike2.0_XueQin Rd. & DaCheng Rd. Intersection","city":"新北市","city_en":"New Taipei City","area":"樹林區","area_en":"Shulin Dist","address":"大成路/學士路(北側)","address_en":"XueFu Rd. & DaCheng Rd. (East)","total_quantity":17,"available_bikes":5,"available_spots":12,"yb2_quantity":5,"eyb_quantity":0,"active":true,"latitude":24.94768,"longitude":121.38196,"updated_at":"2026-05-02T14:28:04+08:00"}},{"type":"Feature","geometry":{"type":"Point","coordinates":[121.38139,24.9509]},"properties":{"sno":500231071,"name":"YouBike2.0_學府大成路口","name_en":"YouBike2.0_XueFu Rd. & DaCheng Rd. Intersection","city":"新北市","city_en":"New Taipei City","area":"樹林區","area_en":"Shulin Dist","address":"學府路/大成路(東側)","address_en":"XueFu Rd. & DaCheng Rd. (East)","total_quantity":14,"available_bikes":6,"available_spots":8,"yb2_quantity":4,"eyb_quantity":2,"active":true,"latitude":24.9509,"longitude":121.38139,"updated_at":"2026-05-02T14:33:03+08:00"}},{"type":"Feature","geometry":{"type":"Point","coordinates":[121.41641,24.97757]},"properties":{"sno":500231072,"name":"YouBike2.0_彭厝里(福順街)","name_en":"YouBike2.0_PengCuo Vilage (FuShun St.)","city":"新北市","city_en":"New Taipei City","area":"樹林區","area_en":"Shulin Dist","address":"福順街83號(西側)","address_en":"No. 83, FuShun St.","total_quantity":15,"available_bikes":5,"available_spots":10,"yb2_quantity":5,"eyb_quantity":0,"active":true,"latitude":24.97757,"longitude":121.41641,"updated_at":"2026-05-02T14:24:04+08:00"}},{"type":"Feature","geometry":{"type":"Point","coordinates":[121.38362,24.94487]},"properties":{"sno":500231073,"name":"YouBike2.0_佳園大成路口","name_en":"YouBike2.0_JiaYuan Rd. & DaCheng Rd. Intersection","city":"新北市","city_en":"New Taipei City","area":"樹林區","area_en":"Shulin Dist","address":"佳園路三段412號(西南側)","address_en":"No. 412, Sec. 3, JiaYuan Rd. (Southwest)","total_quantity":14,"available_bikes":6,"available_spots":8,"yb2_quantity":5,"eyb_quantity":1,"active":true,"latitude":24.94487,"longitude":121.38362,"updated_at":"2026-05-02T14:38:04+08:00"}},{"type":"Feature","geometry":{"type":"Point","coordinates":[121.42107,24.98018]},"properties":{"sno":500231075,"name":"YouBike2.0_四維八德街口","name_en":"YouBike2.0_SiWei Rd. & BaDe St. Intersection","city":"新北市","city_en":"New Taipei City","area":"樹林區","area_en":"Shulin Dist","address":"四維路/八德街口","address_en":"SiWei Rd. & BaDe St. Intersection","total_quantity":15,"available_bikes":5,"available_spots":10,"yb2_quantity":2,"eyb_quantity":3,"active":true,"latitude":24.98018,"longitude":121.42107,"updated_at":"2026-05-02T13:49:02+08:00"}},{"type":"Feature","geometry":{"type":"Point","coordinates":[121.41638,24.98419]},"properties":{"sno":500231076,"name":"YouBike2.0_鎮前街347巷口","name_en":"YouBike2.0_Ln. 347, ZhenQian St. Intersection","city":"新北市","city_en":"New Taipei City","area":"樹林區","area_en":"Shulin Dist","address":"鎮前街345號北側","address_en":"No. 345, ZhenQian St. (North)","total_quantity":16,"available_bikes":3,"available_spots":13,"yb2_quantity":3,"eyb_quantity":0,"active":true,"latitude":24.98419,"longitude":121.41638,"updated_at":"2026-05-02T14:18:03+08:00"}},{"type":"Feature","geometry":{"type":"Point","coordinates":[121.42384,24.99089]},"properties":{"sno":500231077,"name":"YouBike2.0_臺鐵樹林車站(後站停車場)","name_en":"YouBike2.0_Shulin Rear Station Car Park","city":"新北市","city_en":"New Taipei City","area":"樹林區","area_en":"Shulin Dist","address":"後站街3巷2號(對側)","address_en":"No. 2, Ln. 3, HouZhan St. (Opposite)","total_quantity":64,"available_bikes":19,"available_spots":45,"yb2_quantity":19,"eyb_quantity":0,"active":true,"latitude":24.99089,"longitude":121.42384,"updated_at":"2026-05-02T14:02:03+08:00"}},{"type":"Feature","geometry":{"type":"Point","coordinates":[121.8518644,25.0590226]},"properties":{"sno":500232001,"name":"YouBike2.0_牡丹車站","name_en":"YouBike2.0_Mudan Station","city":"新北市","city_en":"New Taipei City","area":"雙溪區","area_en":"Shuangxi Dist","address":"牡丹里牡丹路51號","address_en":"No. 51, Mudan Rd. Mudan village","total_quantity":60,"available_bikes":0,"available_spots":59,"yb2_quantity":0,"eyb_quantity":0,"active":true,"latitude":25.0590226,"longitude":121.8518644,"updated_at":"2026-05-02T14:37:17+08:00"}},{"type":"Feature","geometry":{"type":"Point","coordinates":[121.8665,25.03914]},"properties":{"sno":500232002,"name":"YouBike2.0_雙溪車站","name_en":"YouBike2.0_Shuangxi Sta.","city":"新北市","city_en":"New Taipei City","area":"雙溪區","area_en":"Shuangxi Dist","address":"朝陽街1號北側","address_en":"No. 1, Chaoyang St.(North)","total_quantity":55,"available_bikes":3,"available_spots":52,"yb2_quantity":2,"eyb_quantity":1,"active":true,"latitude":25.03914,"longitude":121.8665,"updated_at":"2026-05-02T14:36:04+08:00"}},{"type":"Feature","geometry":{"type":"Point","coordinates":[121.479941,25.080312]},"properties":{"sno":500233001,"name":"YouBike2.0_捷運徐匯中學站(1號出口)","name_en":"YouBike2.0_MRT St.Ignatius High School Sta. (Exit 1)","city":"新北市","city_en":"New Taipei City","area":"蘆洲區","area_en":"Luzhou Dist","address":"中山一路12號(對面)","address_en":"No.12, Zhongshan 2nd Rd. (Oppsite)","total_quantity":38,"available_bikes":27,"available_spots":11,"yb2_quantity":23,"eyb_quantity":4,"active":true,"latitude":25.080312,"longitude":121.479941,"updated_at":"2026-05-02T14:39:02+08:00"}},{"type":"Feature","geometry":{"type":"Point","coordinates":[121.47621,25.07997]},"properties":{"sno":500233002,"name":"YouBike2.0_溪墘公園","name_en":"YouBike2.0_Si Cian Park","city":"新北市","city_en":"New Taipei City","area":"蘆洲區","area_en":"Luzhou Dist","address":"信義路73巷6號(對面)","address_en":"No.6, Ln. 73, Xinyi Rd. (Oppsite)","total_quantity":43,"available_bikes":3,"available_spots":40,"yb2_quantity":0,"eyb_quantity":3,"active":true,"latitude":25.07997,"longitude":121.47621,"updated_at":"2026-05-02T14:37:02+08:00"}},{"type":"Feature","geometry":{"type":"Point","coordinates":[121.46822,25.0818]},"properties":{"sno":500233003,"name":"YouBike2.0_蘆洲中路公園","name_en":"YouBike2.0_Luzhou Zhonglu Park","city":"新北市","city_en":"New Taipei City","area":"蘆洲區","area_en":"Luzhou Dist","address":"正和街72巷16號(對面)","address_en":"No.16, Ln. 72, Zhongzheng Rd. (Oppsite)","total_quantity":49,"available_bikes":1,"available_spots":47,"yb2_quantity":1,"eyb_quantity":0,"active":true,"latitude":25.0818,"longitude":121.46822,"updated_at":"2026-05-02T14:38:04+08:00"}},{"type":"Feature","geometry":{"type":"Point","coordinates":[121.46655,25.08496]},"properties":{"sno":500233004,"name":"YouBike2.0_蘆洲李宅古蹟","name_en":"YouBike2.0_The Luzhou Lee Family","city":"新北市","city_en":"New Taipei City","area":"蘆洲區","area_en":"Luzhou Dist","address":"中正路185巷68弄9號(對面人行道)","address_en":"No.9, Aly. 68, Ln. 185, Zhongzheng Rd. (Oppsite)","total_quantity":30,"available_bikes":0,"available_spots":30,"yb2_quantity":0,"eyb_quantity":0,"active":true,"latitude":25.08496,"longitude":121.46655,"updated_at":"2026-05-02T14:38:21+08:00"}},{"type":"Feature","geometry":{"type":"Point","coordinates":[121.46607,25.07756]},"properties":{"sno":500233005,"name":"YouBike2.0_永安南路九芎街71巷口","name_en":"YouBike2.0_Yong' an S. Rd. & Ln. 71, Jiuqiong St Intersection","city":"新北市","city_en":"New Taipei City","area":"蘆洲區","area_en":"Luzhou Dist","address":"永安南路二段40-3號(斜對面)","address_en":"No.40, Sec. 2, Yong'an S. Rd. (Oppsite)","total_quantity":29,"available_bikes":2,"available_spots":26,"yb2_quantity":2,"eyb_quantity":0,"active":true,"latitude":25.07756,"longitude":121.46607,"updated_at":"2026-05-02T14:32:02+08:00"}},{"type":"Feature","geometry":{"type":"Point","coordinates":[121.46223,25.0786]},"properties":{"sno":500233006,"name":"YouBike2.0_永安圖書館","name_en":"YouBike2.0_Yong-an Library","city":"新北市","city_en":"New Taipei City","area":"蘆洲區","area_en":"Luzhou Dist","address":"永安南路二段152號(對面)","address_en":"No.152, Sec. 2, Yong'an S. Rd. (Oppsite)","total_quantity":31,"available_bikes":15,"available_spots":16,"yb2_quantity":11,"eyb_quantity":4,"active":true,"latitude":25.0786,"longitude":121.46223,"updated_at":"2026-05-02T14:37:02+08:00"}},{"type":"Feature","geometry":{"type":"Point","coordinates":[121.46389,25.08332]},"properties":{"sno":500233007,"name":"YouBike2.0_蘆洲中原公園","name_en":"YouBike2.0_Zhung Yuan Park","city":"新北市","city_en":"New Taipei City","area":"蘆洲區","area_en":"Luzhou Dist","address":"光華路186巷31-45號(公園側人行道)","address_en":"No.31, Ln. 186, Guanghua Rd.","total_quantity":45,"available_bikes":9,"available_spots":35,"yb2_quantity":9,"eyb_quantity":0,"active":true,"latitude":25.08332,"longitude":121.46389,"updated_at":"2026-05-02T14:37:02+08:00"}},{"type":"Feature","geometry":{"type":"Point","coordinates":[121.45673,25.08294]},"properties":{"sno":500233008,"name":"YouBike2.0_鴨母港抽水站","name_en":"YouBike2.0_Yamugang Pumping Station","city":"新北市","city_en":"New Taipei City","area":"蘆洲區","area_en":"Luzhou Dist","address":"永安南路二段342號(對面)","address_en":"No.342, Sec. 2, Yong'an S. Rd. (Oppsite)","total_quantity":30,"available_bikes":11,"available_spots":19,"yb2_quantity":11,"eyb_quantity":0,"active":true,"latitude":25.08294,"longitude":121.45673,"updated_at":"2026-05-02T14:20:04+08:00"}},{"type":"Feature","geometry":{"type":"Point","coordinates":[121.45821,25.08492]},"properties":{"sno":500233009,"name":"YouBike2.0_永康公園","name_en":"YouBike2.0_Yongkang Park","city":"新北市","city_en":"New Taipei City","area":"蘆洲區","area_en":"Luzhou Dist","address":"長安街220巷3號(對面公園人行道)","address_en":"No.3, Ln. 220, Chang'an St. (Oppsite)","total_quantity":39,"available_bikes":2,"available_spots":36,"yb2_quantity":2,"eyb_quantity":0,"active":true,"latitude":25.08492,"longitude":121.45821,"updated_at":"2026-05-02T14:38:04+08:00"}},{"type":"Feature","geometry":{"type":"Point","coordinates":[121.47393,25.08802]},"properties":{"sno":500233010,"name":"YouBike2.0_三民高中(民權路)","name_en":"YouBike2.0_Sanmin Senior High School(Minquan Rd.)","city":"新北市","city_en":"New Taipei City","area":"蘆洲區","area_en":"Luzhou Dist","address":"民權路90號(對面)","address_en":"No.90, Minquan Rd. (opposite)","total_quantity":45,"available_bikes":2,"available_spots":42,"yb2_quantity":2,"eyb_quantity":0,"active":true,"latitude":25.08802,"longitude":121.47393,"updated_at":"2026-05-02T14:37:02+08:00"}},{"type":"Feature","geometry":{"type":"Point","coordinates":[121.45942,25.08999]},"properties":{"sno":500233012,"name":"YouBike2.0_永平公園","name_en":"YouBike2.0_Yongping Park","city":"新北市","city_en":"New Taipei City","area":"蘆洲區","area_en":"Luzhou Dist","address":"永平街1號(旁)","address_en":"No.1, Yongping St.","total_quantity":26,"available_bikes":2,"available_spots":24,"yb2_quantity":2,"eyb_quantity":0,"active":true,"latitude":25.08999,"longitude":121.45942,"updated_at":"2026-05-02T14:34:03+08:00"}},{"type":"Feature","geometry":{"type":"Point","coordinates":[121.46988,25.08843]},"properties":{"sno":500233013,"name":"YouBike2.0_林建生紀念圖書館","name_en":"YouBike2.0_Lin Jian Sheng Memorial Library","city":"新北市","city_en":"New Taipei City","area":"蘆洲區","area_en":"Luzhou Dist","address":"三民路178號(前)","address_en":"No. 178, Sanmin Rd.","total_quantity":37,"available_bikes":4,"available_spots":32,"yb2_quantity":3,"eyb_quantity":1,"active":true,"latitude":25.08843,"longitude":121.46988,"updated_at":"2026-05-02T14:31:03+08:00"}},{"type":"Feature","geometry":{"type":"Point","coordinates":[121.46403,25.09164]},"properties":{"sno":500233014,"name":"YouBike2.0_捷運蘆洲站","name_en":"YouBike2.0_MRT Luzhou Sta.","city":"新北市","city_en":"New Taipei City","area":"蘆洲區","area_en":"Luzhou Dist","address":"三民路503號(對面)","address_en":"No.503, Sanmin Rd. (opposite)","total_quantity":92,"available_bikes":44,"available_spots":47,"yb2_quantity":44,"eyb_quantity":0,"active":true,"latitude":25.09164,"longitude":121.46403,"updated_at":"2026-05-02T14:35:03+08:00"}},{"type":"Feature","geometry":{"type":"Point","coordinates":[121.46219,25.08799]},"properties":{"sno":500233015,"name":"YouBike2.0_柳堤公園","name_en":"YouBike2.0_Liuti Park","city":"新北市","city_en":"New Taipei City","area":"蘆洲區","area_en":"Luzhou Dist","address":"長樂路/光明路口(東北側)","address_en":"Changle Rd./Guangming Rd. Intersection","total_quantity":41,"available_bikes":6,"available_spots":33,"yb2_quantity":4,"eyb_quantity":2,"active":true,"latitude":25.08799,"longitude":121.46219,"updated_at":"2026-05-02T14:27:03+08:00"}},{"type":"Feature","geometry":{"type":"Point","coordinates":[121.4646,25.08871]},"properties":{"sno":500233016,"name":"YouBike2.0_彩虹兒童公園","name_en":"YouBike2.0_Caihong Children's Park","city":"新北市","city_en":"New Taipei City","area":"蘆洲區","area_en":"Luzhou Dist","address":"光榮路120巷8弄23-41號(對面)","address_en":"No.23, Aly. 8, Ln. 120, Guangrong Rd. (opposite)","total_quantity":22,"available_bikes":7,"available_spots":15,"yb2_quantity":7,"eyb_quantity":0,"active":true,"latitude":25.08871,"longitude":121.4646,"updated_at":"2026-05-02T14:38:04+08:00"}},{"type":"Feature","geometry":{"type":"Point","coordinates":[121.46013,25.09431]},"properties":{"sno":500233017,"name":"YouBike2.0_蘆洲三民公園","name_en":"YouBike2.0_Luchou Sanmin Park","city":"新北市","city_en":"New Taipei City","area":"蘆洲區","area_en":"Luzhou Dist","address":"三民路615號(對面)","address_en":"No.615, Sanmin Rd. (opposite)","total_quantity":33,"available_bikes":7,"available_spots":26,"yb2_quantity":4,"eyb_quantity":3,"active":true,"latitude":25.09431,"longitude":121.46013,"updated_at":"2026-05-02T14:39:02+08:00"}},{"type":"Feature","geometry":{"type":"Point","coordinates":[121.47162,25.09057]},"properties":{"sno":500233018,"name":"YouBike2.0_仁愛廣場","name_en":"YouBike2.0_Renai Square","city":"新北市","city_en":"New Taipei City","area":"蘆洲區","area_en":"Luzhou Dist","address":"民權路141號(旁)","address_en":"No.141, Minquan Rd.","total_quantity":44,"available_bikes":0,"available_spots":44,"yb2_quantity":0,"eyb_quantity":0,"active":true,"latitude":25.09057,"longitude":121.47162,"updated_at":"2026-05-02T14:39:18+08:00"}},{"type":"Feature","geometry":{"type":"Point","coordinates":[121.46162,25.08162]},"properties":{"sno":500233019,"name":"YouBike2.0_蘆洲延平派出所","name_en":"YouBike2.0_Luzhou Yanping Police Station","city":"新北市","city_en":"New Taipei City","area":"蘆洲區","area_en":"Luzhou Dist","address":"長安街102巷5弄6號(對面)","address_en":"No.6, Aly. 5, Ln. 102, Chang’an St., Luzhou Dist.","total_quantity":38,"available_bikes":8,"available_spots":29,"yb2_quantity":8,"eyb_quantity":0,"active":true,"latitude":25.08162,"longitude":121.46162,"updated_at":"2026-05-02T14:32:02+08:00"}},{"type":"Feature","geometry":{"type":"Point","coordinates":[121.46161,25.09195]},"properties":{"sno":500233020,"name":"YouBike2.0_蘆洲國民運動中心","name_en":"YouBike2.0_Luzhou Civil Sports Center","city":"新北市","city_en":"New Taipei City","area":"蘆洲區","area_en":"Luzhou Dist","address":"長興路397號(對面)","address_en":"Ln. 397, Changxing Rd.(Opposite)","total_quantity":55,"available_bikes":7,"available_spots":48,"yb2_quantity":6,"eyb_quantity":1,"active":true,"latitude":25.09195,"longitude":121.46161,"updated_at":"2026-05-02T14:35:03+08:00"}},{"type":"Feature","geometry":{"type":"Point","coordinates":[121.476,25.08223]},"properties":{"sno":500233021,"name":"YouBike2.0_三民中山一路口","name_en":"YouBike2.0_Sanmin & Zhongshan 1st Rd. Intersection","city":"新北市","city_en":"New Taipei City","area":"蘆洲區","area_en":"Luzhou Dist","address":"三民路8號前","address_en":"No.8, Sanmin Rd.","total_quantity":29,"available_bikes":5,"available_spots":24,"yb2_quantity":5,"eyb_quantity":0,"active":true,"latitude":25.08223,"longitude":121.476,"updated_at":"2026-05-02T14:39:02+08:00"}},{"type":"Feature","geometry":{"type":"Point","coordinates":[121.48224,25.08227]},"properties":{"sno":500233022,"name":"YouBike2.0_永安兒童公園","name_en":"YouBike2.0_Yongan Children's Park","city":"新北市","city_en":"New Taipei City","area":"蘆洲區","area_en":"Luzhou Dist","address":"永安北路2段/永安北路2段35巷","address_en":"Sec. 2, Yong’an N. Rd./ Ln. 35, Sec. 2, Yong’an N. Rd.(intersection)","total_quantity":40,"available_bikes":20,"available_spots":19,"yb2_quantity":17,"eyb_quantity":3,"active":true,"latitude":25.08227,"longitude":121.48224,"updated_at":"2026-05-02T14:38:04+08:00"}},{"type":"Feature","geometry":{"type":"Point","coordinates":[121.47769,25.08562]},"properties":{"sno":500233023,"name":"YouBike2.0_鷺江廣場","name_en":"YouBike2.0_Lu Jiang square","city":"新北市","city_en":"New Taipei City","area":"蘆洲區","area_en":"Luzhou Dist","address":"信義路319巷22號(旁邊機車格前)","address_en":"No.22, Ln. 319, Xinyi Rd.(side)","total_quantity":32,"available_bikes":4,"available_spots":27,"yb2_quantity":3,"eyb_quantity":1,"active":true,"latitude":25.08562,"longitude":121.47769,"updated_at":"2026-05-02T14:39:02+08:00"}},{"type":"Feature","geometry":{"type":"Point","coordinates":[121.47126,25.09398]},"properties":{"sno":500233024,"name":"YouBike2.0_仁愛街70巷口","name_en":"YouBike2.0_Ln. 70, Ren’ai St.","city":"新北市","city_en":"New Taipei City","area":"蘆洲區","area_en":"Luzhou Dist","address":"仁愛街95號(對面)","address_en":"No. 95, Ren’ai St., Luzhou Dist.(opposite)","total_quantity":32,"available_bikes":4,"available_spots":28,"yb2_quantity":4,"eyb_quantity":0,"active":true,"latitude":25.09398,"longitude":121.47126,"updated_at":"2026-05-02T14:39:02+08:00"}},{"type":"Feature","geometry":{"type":"Point","coordinates":[121.47448,25.09345]},"properties":{"sno":500233025,"name":"YouBike2.0_水河里活動中心","name_en":"YouBike2.0_Shuei He Village Activity Center","city":"新北市","city_en":"New Taipei City","area":"蘆洲區","area_en":"Luzhou Dist","address":"民族路408巷22-3號(前)","address_en":"No.22-3, Ln. 408, Minzu Rd","total_quantity":31,"available_bikes":7,"available_spots":24,"yb2_quantity":6,"eyb_quantity":1,"active":true,"latitude":25.09345,"longitude":121.47448,"updated_at":"2026-05-02T14:35:03+08:00"}},{"type":"Feature","geometry":{"type":"Point","coordinates":[121.48189,25.08506]},"properties":{"sno":500233026,"name":"YouBike2.0_蘆洲重陽大樓","name_en":"YouBike2.0_Luzhou Chongyang Building","city":"新北市","city_en":"New Taipei City","area":"蘆洲區","area_en":"Luzhou Dist","address":"集賢路245號(後方)","address_en":"No.245, Jixian Rd.","total_quantity":28,"available_bikes":9,"available_spots":16,"yb2_quantity":5,"eyb_quantity":4,"active":true,"latitude":25.08506,"longitude":121.48189,"updated_at":"2026-05-02T14:38:04+08:00"}},{"type":"Feature","geometry":{"type":"Point","coordinates":[121.484,25.0857]},"properties":{"sno":500233027,"name":"YouBike2.0_重陽公園","name_en":"YouBike2.0_Chong Yang Park","city":"新北市","city_en":"New Taipei City","area":"蘆洲區","area_en":"Luzhou Dist","address":"集賢路221巷重陽活動中心","address_en":"Ln. 221, Jixian Rd.","total_quantity":41,"available_bikes":3,"available_spots":38,"yb2_quantity":2,"eyb_quantity":1,"active":true,"latitude":25.0857,"longitude":121.484,"updated_at":"2026-05-02T14:38:04+08:00"}},{"type":"Feature","geometry":{"type":"Point","coordinates":[121.46868,25.07744]},"properties":{"sno":500233028,"name":"YouBike2.0_中山二永安南路口","name_en":"YouBike2.0_Zhongshan 2nd & Yong'an N. Rd. Intersection","city":"新北市","city_en":"New Taipei City","area":"蘆洲區","area_en":"Luzhou Dist","address":"中山二路290號(前)","address_en":"No. 290, Zhongshan 2nd Rd.","total_quantity":14,"available_bikes":9,"available_spots":5,"yb2_quantity":8,"eyb_quantity":1,"active":true,"latitude":25.07744,"longitude":121.46868,"updated_at":"2026-05-02T14:29:02+08:00"}},{"type":"Feature","geometry":{"type":"Point","coordinates":[121.47374,25.08577]},"properties":{"sno":500233029,"name":"YouBike2.0_捷運三民高中站(2號出口)","name_en":"YouBike2.0_MRT Sanmin Senior High School Sta.(Exit 2)","city":"新北市","city_en":"New Taipei City","area":"蘆洲區","area_en":"Luzhou Dist","address":"復興路58號(旁)","address_en":"No. 58, Fuxing Rd.","total_quantity":55,"available_bikes":19,"available_spots":14,"yb2_quantity":16,"eyb_quantity":3,"active":true,"latitude":25.08577,"longitude":121.47374,"updated_at":"2026-05-02T14:39:02+08:00"}},{"type":"Feature","geometry":{"type":"Point","coordinates":[121.46106,25.09005]},"properties":{"sno":500233030,"name":"YouBike2.0_鷺江國中(長興路298巷)","name_en":"YouBike2.0_11","city":"新北市","city_en":"New Taipei City","area":"蘆洲區","area_en":"Luzhou Dist","address":"長興路298巷2-20號(對面)","address_en":"11","total_quantity":15,"available_bikes":1,"available_spots":14,"yb2_quantity":1,"eyb_quantity":0,"active":true,"latitude":25.09005,"longitude":121.46106,"updated_at":"2026-05-02T14:36:04+08:00"}},{"type":"Feature","geometry":{"type":"Point","coordinates":[121.4616,25.09328]},"properties":{"sno":500233031,"name":"YouBike2.0_三民長榮路口","name_en":"YouBike2.0_Samin Changrong Rd. Intersection","city":"新北市","city_en":"New Taipei City","area":"蘆洲區","area_en":"Luzhou Dist","address":"長榮路792號(對面)","address_en":"No. 792, Changrong Rd.(Opposite)","total_quantity":15,"available_bikes":2,"available_spots":13,"yb2_quantity":2,"eyb_quantity":0,"active":true,"latitude":25.09328,"longitude":121.4616,"updated_at":"2026-05-02T14:34:03+08:00"}},{"type":"Feature","geometry":{"type":"Point","coordinates":[121.4651,25.09113]},"properties":{"sno":500233032,"name":"YouBike2.0_捷運蘆洲站(1號出口)","name_en":"YouBike2.0_MRT Luzou Sta.(Exit 1)","city":"新北市","city_en":"New Taipei City","area":"蘆洲區","area_en":"Luzhou Dist","address":"三民路362-1號(前)","address_en":"No. 362-1, Sanmin Rd.","total_quantity":48,"available_bikes":25,"available_spots":23,"yb2_quantity":25,"eyb_quantity":0,"active":true,"latitude":25.09113,"longitude":121.4651,"updated_at":"2026-05-02T14:39:02+08:00"}},{"type":"Feature","geometry":{"type":"Point","coordinates":[121.47162,25.07919]},"properties":{"sno":500233033,"name":"YouBike2.0_中山一和平路口","name_en":"YouBike2.0_Zhongshan 1St Heping Rd. Intersection","city":"新北市","city_en":"New Taipei City","area":"蘆洲區","area_en":"Luzhou Dist","address":"中山一路293號(前)","address_en":"No. 293, Zhongshan 1st Rd.","total_quantity":18,"available_bikes":2,"available_spots":16,"yb2_quantity":2,"eyb_quantity":0,"active":true,"latitude":25.07919,"longitude":121.47162,"updated_at":"2026-05-02T14:39:02+08:00"}},{"type":"Feature","geometry":{"type":"Point","coordinates":[121.46765,25.07702]},"properties":{"sno":500233034,"name":"YouBike2.0_永安南路二段16巷口","name_en":"YouBike2.0_Ln. 16, Sec. 2, Yong'an N. Rd. Intersection","city":"新北市","city_en":"New Taipei City","area":"蘆洲區","area_en":"Luzhou Dist","address":"永安南路二段18號(旁)","address_en":"No. 18, Sec. 2, Yong'an N. Rd.","total_quantity":10,"available_bikes":3,"available_spots":7,"yb2_quantity":2,"eyb_quantity":1,"active":true,"latitude":25.07702,"longitude":121.46765,"updated_at":"2026-05-02T14:24:04+08:00"}},{"type":"Feature","geometry":{"type":"Point","coordinates":[121.46407,25.08188]},"properties":{"sno":500233035,"name":"YouBike2.0_光華長榮路口","name_en":"YouBike2.0_Changrong Guanghua Rd. Intersection","city":"新北市","city_en":"New Taipei City","area":"蘆洲區","area_en":"Luzhou Dist","address":"光華路192號(前)","address_en":"No. 192, Changrong Rd.","total_quantity":16,"available_bikes":2,"available_spots":14,"yb2_quantity":2,"eyb_quantity":0,"active":true,"latitude":25.08188,"longitude":121.46407,"updated_at":"2026-05-02T14:29:02+08:00"}},{"type":"Feature","geometry":{"type":"Point","coordinates":[121.46108,25.08478]},"properties":{"sno":500233036,"name":"YouBike2.0_長榮路211巷口","name_en":"YouBike2.0_Ln. 211, Changrong Rd. Intersection","city":"新北市","city_en":"New Taipei City","area":"蘆洲區","area_en":"Luzhou Dist","address":"長榮路197號(前)","address_en":"No. 197, Changrong Rd.","total_quantity":17,"available_bikes":8,"available_spots":9,"yb2_quantity":6,"eyb_quantity":2,"active":true,"latitude":25.08478,"longitude":121.46108,"updated_at":"2026-05-02T14:39:02+08:00"}},{"type":"Feature","geometry":{"type":"Point","coordinates":[121.47059,25.08287]},"properties":{"sno":500233038,"name":"YouBike2.0_正和中正路口","name_en":"YouBike2.0_Zhenghe Zhongzheng Rd. Intersection","city":"新北市","city_en":"New Taipei City","area":"蘆洲區","area_en":"Luzhou Dist","address":"中正路69號(正和街側)","address_en":"No. 69, Zhongzheng Rd.","total_quantity":12,"available_bikes":0,"available_spots":12,"yb2_quantity":0,"eyb_quantity":0,"active":true,"latitude":25.08287,"longitude":121.47059,"updated_at":"2026-05-02T14:39:02+08:00"}},{"type":"Feature","geometry":{"type":"Point","coordinates":[121.48056,25.08858]},"properties":{"sno":500233039,"name":"YouBike2.0_蘆洲兒五公園","name_en":"YouBike2.0_Luzhou Children's Park(No. 5)","city":"新北市","city_en":"New Taipei City","area":"蘆洲區","area_en":"Luzhou Dist","address":"民族路236巷/復興路258巷(東北側)","address_en":"Ln. 236, Minzu Rd. & Ln. 258, Fuxing Rd.(Northeast)","total_quantity":19,"available_bikes":2,"available_spots":16,"yb2_quantity":2,"eyb_quantity":0,"active":true,"latitude":25.08858,"longitude":121.48056,"updated_at":"2026-05-02T14:39:02+08:00"}},{"type":"Feature","geometry":{"type":"Point","coordinates":[121.48214,25.08801]},"properties":{"sno":500233040,"name":"YouBike2.0_普庵寺","name_en":"YouBike2.0_Pu'an Temple","city":"新北市","city_en":"New Taipei City","area":"蘆洲區","area_en":"Luzhou Dist","address":"中興街79號(斜前方)","address_en":"No. 89, Zhongxing St.","total_quantity":23,"available_bikes":8,"available_spots":14,"yb2_quantity":7,"eyb_quantity":1,"active":true,"latitude":25.08801,"longitude":121.48214,"updated_at":"2026-05-02T14:31:03+08:00"}},{"type":"Feature","geometry":{"type":"Point","coordinates":[121.47693,25.08619]},"properties":{"sno":500233041,"name":"YouBike2.0_蘆洲鷺江停車場","name_en":"YouBike2.0_Luzhou Lujiang Parking Lot","city":"新北市","city_en":"New Taipei City","area":"蘆洲區","area_en":"Luzhou Dist","address":"民權路26號","address_en":"No. 26, Minquan Rd.","total_quantity":12,"available_bikes":2,"available_spots":9,"yb2_quantity":2,"eyb_quantity":0,"active":true,"latitude":25.08619,"longitude":121.47693,"updated_at":"2026-05-02T14:39:02+08:00"}},{"type":"Feature","geometry":{"type":"Point","coordinates":[121.48182,25.09016]},"properties":{"sno":500233042,"name":"YouBike2.0_中興復興路口","name_en":"YouBike2.0_Zhongxing & Fuxing Intersection","city":"新北市","city_en":"New Taipei City","area":"蘆洲區","area_en":"Luzhou Dist","address":"復興路322號(旁)","address_en":"No. 322, Fuxing Rd.","total_quantity":12,"available_bikes":6,"available_spots":6,"yb2_quantity":3,"eyb_quantity":3,"active":true,"latitude":25.09016,"longitude":121.48182,"updated_at":"2026-05-02T14:31:03+08:00"}},{"type":"Feature","geometry":{"type":"Point","coordinates":[121.45584,25.08283]},"properties":{"sno":500233043,"name":"YouBike2.0_鴨母港停車場","name_en":"YouBike2.0_Yamugang Parking Lot","city":"新北市","city_en":"New Taipei City","area":"蘆洲區","area_en":"Luzhou Dist","address":"環堤大道2號西側","address_en":"No.2, Huanti Blvd. (West)","total_quantity":14,"available_bikes":2,"available_spots":11,"yb2_quantity":2,"eyb_quantity":0,"active":true,"latitude":25.08283,"longitude":121.45584,"updated_at":"2026-05-02T13:33:02+08:00"}},{"type":"Feature","geometry":{"type":"Point","coordinates":[121.47325,25.08355]},"properties":{"sno":500233044,"name":"YouBike2.0_蘆洲中山立體停車場","name_en":"YouBike2.0_Luzhou Zhongshan Parking Lot","city":"新北市","city_en":"New Taipei City","area":"蘆洲區","area_en":"Luzhou Dist","address":"得勝街107號(旁)","address_en":"No.107, Desheng St. (Side)","total_quantity":15,"available_bikes":1,"available_spots":13,"yb2_quantity":0,"eyb_quantity":1,"active":true,"latitude":25.08355,"longitude":121.47325,"updated_at":"2026-05-02T14:21:03+08:00"}},{"type":"Feature","geometry":{"type":"Point","coordinates":[121.47707,25.0902]},"properties":{"sno":500233045,"name":"YouBike2.0_民族路314巷口","name_en":"YouBike2.0_Ln. 314, Minzu Rd.","city":"新北市","city_en":"New Taipei City","area":"蘆洲區","area_en":"Luzhou Dist","address":"民族路245號(前)","address_en":"No. 245, Minzu Rd. (Front)","total_quantity":14,"available_bikes":2,"available_spots":12,"yb2_quantity":2,"eyb_quantity":0,"active":true,"latitude":25.0902,"longitude":121.47707,"updated_at":"2026-05-02T14:39:02+08:00"}},{"type":"Feature","geometry":{"type":"Point","coordinates":[121.4596,25.08033]},"properties":{"sno":500233046,"name":"YouBike2.0_永安長安街131巷口","name_en":"YouBike2.0_Yong'an S. Rd. & Ln. 131, Chang'an St. Intersection","city":"新北市","city_en":"New Taipei City","area":"蘆洲區","area_en":"Luzhou Dist","address":"永安南路二段252號(對側)","address_en":"No. 252, Sec. 2, Yong'an S. Rd. (Opposite)","total_quantity":14,"available_bikes":2,"available_spots":12,"yb2_quantity":2,"eyb_quantity":0,"active":true,"latitude":25.08033,"longitude":121.4596,"updated_at":"2026-05-02T14:29:02+08:00"}},{"type":"Feature","geometry":{"type":"Point","coordinates":[121.4672,25.08782]},"properties":{"sno":500233047,"name":"YouBike2.0_國立空中大學(中正路174巷口)","name_en":"YouBike2.0_National Open University (Ln. 174, Zhongzheng Rd. Intersection)","city":"新北市","city_en":"New Taipei City","area":"蘆洲區","area_en":"Luzhou Dist","address":"中正路174巷1號(對面)","address_en":"No. 1, Ln. 174, Zhongzheng Rd. (Opposite)","total_quantity":15,"available_bikes":0,"available_spots":15,"yb2_quantity":0,"eyb_quantity":0,"active":true,"latitude":25.08782,"longitude":121.4672,"updated_at":"2026-05-02T14:29:16+08:00"}},{"type":"Feature","geometry":{"type":"Point","coordinates":[121.47198,25.07455]},"properties":{"sno":500233048,"name":"YouBike2.0_國道路二段88號","name_en":"YouBike2.0_No. 88, Sec. 2, Guodao Rd.","city":"新北市","city_en":"New Taipei City","area":"蘆洲區","area_en":"Luzhou Dist","address":"國道路二段88號(東側)","address_en":"No. 88, Sec. 2, Guodao Rd. (East)","total_quantity":17,"available_bikes":7,"available_spots":10,"yb2_quantity":7,"eyb_quantity":0,"active":true,"latitude":25.07455,"longitude":121.47198,"updated_at":"2026-05-02T14:05:04+08:00"}},{"type":"Feature","geometry":{"type":"Point","coordinates":[121.47625,25.08871]},"properties":{"sno":500233049,"name":"YouBike2.0_蘆洲兒四公園","name_en":"YouBike2.0_Luzhou Children's Park(No. 4)","city":"新北市","city_en":"New Taipei City","area":"蘆洲區","area_en":"Luzhou Dist","address":"民族路227巷24弄1號旁","address_en":"No. 1, Aly. 24, Ln. 227, Minzu Rd. (Side)","total_quantity":17,"available_bikes":5,"available_spots":12,"yb2_quantity":5,"eyb_quantity":0,"active":true,"latitude":25.08871,"longitude":121.47625,"updated_at":"2026-05-02T14:35:03+08:00"}},{"type":"Feature","geometry":{"type":"Point","coordinates":[121.46567,25.08024]},"properties":{"sno":500233050,"name":"YouBike2.0_九芎街90巷口","name_en":"YouBike2.0_Ln. 90, Jiuqiong St.","city":"新北市","city_en":"New Taipei City","area":"蘆洲區","area_en":"Luzhou Dist","address":"九芎街90巷6號(前)","address_en":"No. 6, Ln. 90, Jiuqiong St. (Front)","total_quantity":15,"available_bikes":7,"available_spots":8,"yb2_quantity":6,"eyb_quantity":1,"active":true,"latitude":25.08024,"longitude":121.46567,"updated_at":"2026-05-02T13:52:04+08:00"}},{"type":"Feature","geometry":{"type":"Point","coordinates":[121.47515,25.09021]},"properties":{"sno":500233051,"name":"YouBike2.0_民族路257巷/民族路327巷","name_en":"YouBike2.0_Ln. 257, Minzu Rd. & Ln. 327, Minzu Rd. Intersection","city":"新北市","city_en":"New Taipei City","area":"蘆洲區","area_en":"Luzhou Dist","address":"民族路257巷17號(對面)","address_en":"No. 17, Ln. 257, Minzu Rd. (Opposite)","total_quantity":39,"available_bikes":4,"available_spots":35,"yb2_quantity":3,"eyb_quantity":1,"active":true,"latitude":25.09021,"longitude":121.47515,"updated_at":"2026-05-02T14:28:04+08:00"}},{"type":"Feature","geometry":{"type":"Point","coordinates":[121.47494,25.08367]},"properties":{"sno":500233052,"name":"YouBike2.0_三民民族路口","name_en":"YouBike2.0_SanMin Rd. & MinZu Rd. Intersection","city":"新北市","city_en":"New Taipei City","area":"蘆洲區","area_en":"Luzhou Dist","address":"三民路71號(旁)","address_en":"No. 71, SanMin Rd. (Side)","total_quantity":40,"available_bikes":1,"available_spots":39,"yb2_quantity":1,"eyb_quantity":0,"active":true,"latitude":25.08367,"longitude":121.47494,"updated_at":"2026-05-02T13:31:03+08:00"}},{"type":"Feature","geometry":{"type":"Point","coordinates":[121.45909,25.08985]},"properties":{"sno":500233053,"name":"YouBike2.0_永平公園(東南側)","name_en":"YouBike2.0_YongPing Park (Southeast)","city":"新北市","city_en":"New Taipei City","area":"蘆洲區","area_en":"Luzhou Dist","address":"長榮路395號(旁)","address_en":"No. 395, ChangRong Rd. (Side)","total_quantity":21,"available_bikes":5,"available_spots":16,"yb2_quantity":4,"eyb_quantity":1,"active":true,"latitude":25.08985,"longitude":121.45909,"updated_at":"2026-05-02T14:22:02+08:00"}},{"type":"Feature","geometry":{"type":"Point","coordinates":[121.46947,25.09209]},"properties":{"sno":500233054,"name":"YouBike2.0_蘆洲仁愛國小(水湳街)","name_en":"YouBike2.0_Ren-Ai Elementary School (ShuiNan St.)","city":"新北市","city_en":"New Taipei City","area":"蘆洲區","area_en":"Luzhou Dist","address":"水湳街115-1號(旁)","address_en":"No. 115-1, ShuiNan St. (Side)","total_quantity":16,"available_bikes":2,"available_spots":14,"yb2_quantity":1,"eyb_quantity":1,"active":true,"latitude":25.09209,"longitude":121.46947,"updated_at":"2026-05-02T14:36:04+08:00"}},{"type":"Feature","geometry":{"type":"Point","coordinates":[121.46358,25.09165]},"properties":{"sno":500233055,"name":"YouBike2.0_捷運蘆洲站(蘆洲捷運公園)","name_en":"YouBike2.0_MRT LuZhou Sta.(LuZhou Metro Park)","city":"新北市","city_en":"New Taipei City","area":"蘆洲區","area_en":"Luzhou Dist","address":"三民路503號(對面)","address_en":"No. 503, SanMin Rd. (Opposite)","total_quantity":19,"available_bikes":2,"available_spots":17,"yb2_quantity":2,"eyb_quantity":0,"active":true,"latitude":25.09165,"longitude":121.46358,"updated_at":"2026-05-02T13:51:04+08:00"}},{"type":"Feature","geometry":{"type":"Point","coordinates":[121.46046,25.09516]},"properties":{"sno":500233056,"name":"YouBike2.0_蘆洲環河公園","name_en":"YouBike2.0_LuZhou HuanHe Park","city":"新北市","city_en":"New Taipei City","area":"蘆洲區","area_en":"Luzhou Dist","address":"中正路513巷21弄口","address_en":"Aly. 21, Ln. 513, ZhongZheng Rd. Intersection","total_quantity":16,"available_bikes":2,"available_spots":14,"yb2_quantity":2,"eyb_quantity":0,"active":true,"latitude":25.09516,"longitude":121.46046,"updated_at":"2026-05-02T14:05:04+08:00"}},{"type":"Feature","geometry":{"type":"Point","coordinates":[121.46429,25.08285]},"properties":{"sno":500233057,"name":"YouBike2.0_長興光華路186巷口","name_en":"YouBike2.0_ChangXing Rd. & Ln. 186, GuangHua Rd. Intersection","city":"新北市","city_en":"New Taipei City","area":"蘆洲區","area_en":"Luzhou Dist","address":"長興路5號(對側)","address_en":"No. 5, ChangXing Rd. (Opposite)","total_quantity":13,"available_bikes":1,"available_spots":12,"yb2_quantity":0,"eyb_quantity":1,"active":true,"latitude":25.08285,"longitude":121.46429,"updated_at":"2026-05-02T13:44:02+08:00"}},{"type":"Feature","geometry":{"type":"Point","coordinates":[121.35441,24.95559]},"properties":{"sno":500234001,"name":"YouBike2.0_鶯歌火車站(仁愛路)","name_en":"YouBike2.0_Yingge Railway Station(Ren’ai Rd.)","city":"新北市","city_en":"New Taipei City","area":"鶯歌區","area_en":"Yingge Dist","address":"仁愛路55號對側","address_en":"No.55, Ren’ai Rd., Yingge Dist.(opposite)","total_quantity":59,"available_bikes":56,"available_spots":2,"yb2_quantity":54,"eyb_quantity":2,"active":true,"latitude":24.95559,"longitude":121.35441,"updated_at":"2026-05-02T14:39:02+08:00"}},{"type":"Feature","geometry":{"type":"Point","coordinates":[121.34946,24.9572]},"properties":{"sno":500234002,"name":"YouBike2.0_新北市立圖書館鶯歌分館","name_en":"YouBike2.0_New Taipei City Library Yingge Branch","city":"新北市","city_en":"New Taipei City","area":"鶯歌區","area_en":"Yingge Dist","address":"中山路150號","address_en":"No.150, Zhongshan Rd.","total_quantity":20,"available_bikes":7,"available_spots":13,"yb2_quantity":7,"eyb_quantity":0,"active":true,"latitude":24.9572,"longitude":121.34946,"updated_at":"2026-05-02T14:37:02+08:00"}},{"type":"Feature","geometry":{"type":"Point","coordinates":[121.35291,24.94948]},"properties":{"sno":500234003,"name":"YouBike2.0_文化館前路口","name_en":"YouBike2.0_Yingge Ceramics Museum","city":"新北市","city_en":"New Taipei City","area":"鶯歌區","area_en":"Yingge Dist","address":"文化路407號旁","address_en":"No. 407, Wenhua Rd.","total_quantity":44,"available_bikes":17,"available_spots":27,"yb2_quantity":17,"eyb_quantity":0,"active":true,"latitude":24.94948,"longitude":121.35291,"updated_at":"2026-05-02T14:36:04+08:00"}},{"type":"Feature","geometry":{"type":"Point","coordinates":[121.35733,24.95139]},"properties":{"sno":500234004,"name":"YouBike2.0_鶯歌國民運動中心","name_en":"YouBike2.0_Yingge Civil Sports Center","city":"新北市","city_en":"New Taipei City","area":"鶯歌區","area_en":"Yingge Dist","address":"館前路250號運動中心前","address_en":"No.250, Guanqian Rd., Yingge Dist.","total_quantity":38,"available_bikes":15,"available_spots":20,"yb2_quantity":13,"eyb_quantity":2,"active":true,"latitude":24.95139,"longitude":121.35733,"updated_at":"2026-05-02T14:39:02+08:00"}},{"type":"Feature","geometry":{"type":"Point","coordinates":[121.34207,24.94381]},"properties":{"sno":500234005,"name":"YouBike2.0_尖山國中","name_en":"YouBike2.0_Municipal Jianshan Junior High School","city":"新北市","city_en":"New Taipei City","area":"鶯歌區","area_en":"Yingge Dist","address":"國中街1號","address_en":"No.1, Guozhong St., Yingge Dist(sidewalk)","total_quantity":20,"available_bikes":1,"available_spots":19,"yb2_quantity":0,"eyb_quantity":1,"active":true,"latitude":24.94381,"longitude":121.34207,"updated_at":"2026-05-02T14:39:02+08:00"}},{"type":"Feature","geometry":{"type":"Point","coordinates":[121.33488,24.93923]},"properties":{"sno":500234006,"name":"YouBike2.0_新北市立鶯歌高級工商職業學校","name_en":"YouBike2.0_New Taipei Municipal Yingge Vocational High School","city":"新北市","city_en":"New Taipei City","area":"鶯歌區","area_en":"Yingge Dist","address":"中正三路154號","address_en":"No. 154, Zhongzheng 3rd. Rd","total_quantity":56,"available_bikes":5,"available_spots":51,"yb2_quantity":3,"eyb_quantity":2,"active":true,"latitude":24.93923,"longitude":121.33488,"updated_at":"2026-05-02T14:15:02+08:00"}},{"type":"Feature","geometry":{"type":"Point","coordinates":[121.34256,24.95119]},"properties":{"sno":500234007,"name":"YouBike2.0_鶯歌國中","name_en":"YouBike2.0_Yingge Junior High chool","city":"新北市","city_en":"New Taipei City","area":"鶯歌區","area_en":"Yingge Dist","address":"鶯桃路39-5號對側","address_en":"No.39-5, Yingtao Rd.(opposite)","total_quantity":30,"available_bikes":17,"available_spots":12,"yb2_quantity":15,"eyb_quantity":2,"active":true,"latitude":24.95119,"longitude":121.34256,"updated_at":"2026-05-02T14:37:02+08:00"}},{"type":"Feature","geometry":{"type":"Point","coordinates":[121.33308,24.95865]},"properties":{"sno":500234008,"name":"YouBike2.0_永吉國小","name_en":"YouBike2.0_Yongchi elementary school","city":"新北市","city_en":"New Taipei City","area":"鶯歌區","area_en":"Yingge Dist","address":"德昌二街39號對側","address_en":"No.39, Dechang 2nd St., Yingge Dist.","total_quantity":20,"available_bikes":7,"available_spots":13,"yb2_quantity":7,"eyb_quantity":0,"active":true,"latitude":24.95865,"longitude":121.33308,"updated_at":"2026-05-02T14:39:18+08:00"}},{"type":"Feature","geometry":{"type":"Point","coordinates":[121.33025,24.96283]},"properties":{"sno":500234009,"name":"YouBike2.0_鳳祥公園","name_en":"YouBike2.0_Fengxiang Park","city":"新北市","city_en":"New Taipei City","area":"鶯歌區","area_en":"Yingge Dist","address":"鶯桃路365巷130號對側","address_en":"No.130, Ln. 365, Yingtao Rd., Yingge Dist.","total_quantity":20,"available_bikes":5,"available_spots":15,"yb2_quantity":4,"eyb_quantity":1,"active":true,"latitude":24.96283,"longitude":121.33025,"updated_at":"2026-05-02T14:34:03+08:00"}},{"type":"Feature","geometry":{"type":"Point","coordinates":[121.3347,24.9692]},"properties":{"sno":500234010,"name":"YouBike2.0_鳳鳴國小","name_en":"YouBike2.0_Fengming Elementary School","city":"新北市","city_en":"New Taipei City","area":"鶯歌區","area_en":"Yingge Dist","address":"永和街120號","address_en":"No.120, Yonghe St., Yingge Dist.","total_quantity":20,"available_bikes":7,"available_spots":13,"yb2_quantity":5,"eyb_quantity":2,"active":true,"latitude":24.9692,"longitude":121.3347,"updated_at":"2026-05-02T14:36:04+08:00"}},{"type":"Feature","geometry":{"type":"Point","coordinates":[121.3353,24.97577]},"properties":{"sno":500234011,"name":"YouBike2.0_國際二國際一路口","name_en":"YouBike2.0_Guoji 2nd Guoji 1st Intersection","city":"新北市","city_en":"New Taipei City","area":"鶯歌區","area_en":"Yingge Dist","address":"國際二路與國際一路口","address_en":"Guoji 2nd Rd./Guoji 1st Rd., Yingge Dist.","total_quantity":20,"available_bikes":4,"available_spots":14,"yb2_quantity":2,"eyb_quantity":2,"active":true,"latitude":24.97577,"longitude":121.3353,"updated_at":"2026-05-02T14:08:03+08:00"}},{"type":"Feature","geometry":{"type":"Point","coordinates":[121.32938,24.97572]},"properties":{"sno":500234012,"name":"YouBike2.0_鳳福公園","name_en":"YouBike2.0_Fengfu Park","city":"新北市","city_en":"New Taipei City","area":"鶯歌區","area_en":"Yingge Dist","address":"鳳吉一街186號(對面)","address_en":"No. 186, Fengji 1st St., Yingge Dist.(opposite)","total_quantity":20,"available_bikes":1,"available_spots":19,"yb2_quantity":1,"eyb_quantity":0,"active":true,"latitude":24.97572,"longitude":121.32938,"updated_at":"2026-05-02T14:39:02+08:00"}},{"type":"Feature","geometry":{"type":"Point","coordinates":[121.346,24.9482]},"properties":{"sno":500234013,"name":"YouBike2.0_尖山公園","name_en":"YouBike2.0_Jianshan Park","city":"新北市","city_en":"New Taipei City","area":"鶯歌區","area_en":"Yingge Dist","address":"鶯歌區尖山路161號對面","address_en":"No.161, Jianshan Rd.(opposite)","total_quantity":29,"available_bikes":4,"available_spots":25,"yb2_quantity":4,"eyb_quantity":0,"active":true,"latitude":24.9482,"longitude":121.346,"updated_at":"2026-05-02T14:35:03+08:00"}},{"type":"Feature","geometry":{"type":"Point","coordinates":[121.33959628800724,24.956649374562204]},"properties":{"sno":500234014,"name":"YouBike2.0_永昌里兒一公園","name_en":"YouBike2.0_Yongchang Village Children Park (No.1)","city":"新北市","city_en":"New Taipei City","area":"鶯歌區","area_en":"Yingge Dist","address":"鶯桃路182巷96弄36-38號對側","address_en":"No.36-38, Aly. 96, Ln. 182, Yingtao Rd.(oppsite)","total_quantity":20,"available_bikes":7,"available_spots":13,"yb2_quantity":7,"eyb_quantity":0,"active":true,"latitude":24.956649374562204,"longitude":121.33959628800724,"updated_at":"2026-05-02T12:15:03+08:00"}},{"type":"Feature","geometry":{"type":"Point","coordinates":[121.346,24.954]},"properties":{"sno":500234015,"name":"YouBike2.0_南雅育智路口","name_en":"YouBike2.0_Nanya & Yuzhi Rd. Intersection","city":"新北市","city_en":"New Taipei City","area":"鶯歌區","area_en":"Yingge Dist","address":"南雅路491號(對面)","address_en":"No.491, Nanya Rd., Yingge Dist.(opposite)","total_quantity":22,"available_bikes":8,"available_spots":14,"yb2_quantity":7,"eyb_quantity":1,"active":true,"latitude":24.954,"longitude":121.346,"updated_at":"2026-05-02T14:38:04+08:00"}},{"type":"Feature","geometry":{"type":"Point","coordinates":[121.33868650698287,24.939489067109363]},"properties":{"sno":500234016,"name":"YouBike2.0_國中二甲路口","name_en":"YouBike2.0_Guozhong & Erjia Intersection","city":"新北市","city_en":"New Taipei City","area":"鶯歌區","area_en":"Yingge Dist","address":"國中街175號(前)","address_en":"No. 175, Guozhong St., Yingge Dist.","total_quantity":20,"available_bikes":13,"available_spots":6,"yb2_quantity":13,"eyb_quantity":0,"active":true,"latitude":24.939489067109363,"longitude":121.33868650698287,"updated_at":"2026-05-02T14:34:03+08:00"}},{"type":"Feature","geometry":{"type":"Point","coordinates":[121.33911,24.95495]},"properties":{"sno":500234017,"name":"YouBike2.0_鶯歌永利街","name_en":"YouBike2.0_Yingge Yongli St.","city":"新北市","city_en":"New Taipei City","area":"鶯歌區","area_en":"Yingge Dist","address":"永利街16號(對面)","address_en":"No. 16, Yongli St. Yingge Dist.","total_quantity":15,"available_bikes":2,"available_spots":12,"yb2_quantity":2,"eyb_quantity":0,"active":true,"latitude":24.95495,"longitude":121.33911,"updated_at":"2026-05-02T14:33:03+08:00"}},{"type":"Feature","geometry":{"type":"Point","coordinates":[121.32595,24.93453]},"properties":{"sno":500234018,"name":"YouBike2.0_二橋虹橋公園","name_en":"YouBike2.0_Erqiaoshiguanghongqiao Park","city":"新北市","city_en":"New Taipei City","area":"鶯歌區","area_en":"Yingge Dist","address":"中正三路400號(對面)","address_en":"No. 400, Zhongzheng 3rd Rd.(Opposite)","total_quantity":10,"available_bikes":2,"available_spots":7,"yb2_quantity":1,"eyb_quantity":1,"active":true,"latitude":24.93453,"longitude":121.32595,"updated_at":"2026-05-02T14:26:02+08:00"}},{"type":"Feature","geometry":{"type":"Point","coordinates":[121.32769,24.97383]},"properties":{"sno":500234021,"name":"YouBike2.0_鳳吉四鳳七路口(捷士匯社區)","name_en":"YouBike2.0_Fengji 4th & Feng 7th Rd. Intersection","city":"新北市","city_en":"New Taipei City","area":"鶯歌區","area_en":"Yingge Dist","address":"鳳吉四街57-75號(旁)","address_en":"No. 57-75, Fengji 4th St.","total_quantity":40,"available_bikes":12,"available_spots":28,"yb2_quantity":11,"eyb_quantity":1,"active":true,"latitude":24.97383,"longitude":121.32769,"updated_at":"2026-05-02T14:26:02+08:00"}},{"type":"Feature","geometry":{"type":"Point","coordinates":[121.34227,24.94895]},"properties":{"sno":500234022,"name":"YouBike2.0_鶯歌老街第二停車場","name_en":"YouBike2.0_Yingge Old Street 2nd Parking Lot","city":"新北市","city_en":"New Taipei City","area":"鶯歌區","area_en":"Yingge Dist","address":"尖山埔路27-31號(對面)","address_en":"No. 27-31, Jianshanpu Rd.(Opposite)","total_quantity":20,"available_bikes":9,"available_spots":9,"yb2_quantity":5,"eyb_quantity":4,"active":true,"latitude":24.94895,"longitude":121.34227,"updated_at":"2026-05-02T14:22:02+08:00"}},{"type":"Feature","geometry":{"type":"Point","coordinates":[121.35692,24.95658]},"properties":{"sno":500234023,"name":"YouBike2.0_建國中正一路口(北鶯社區)","name_en":"YouBike2.0_Jianguo Zhongzheng 1st Rd. Intersection","city":"新北市","city_en":"New Taipei City","area":"鶯歌區","area_en":"Yingge Dist","address":"建國路6號(對面空地)","address_en":"No. 6, Jianguo Rd.(Opposite)","total_quantity":20,"available_bikes":10,"available_spots":10,"yb2_quantity":10,"eyb_quantity":0,"active":true,"latitude":24.95658,"longitude":121.35692,"updated_at":"2026-05-02T13:53:03+08:00"}},{"type":"Feature","geometry":{"type":"Point","coordinates":[121.35996,24.95535]},"properties":{"sno":500234024,"name":"YouBike2.0_三鶯水資源回收中心","name_en":"YouBike2.0_Sanying Water Recycling Center","city":"新北市","city_en":"New Taipei City","area":"鶯歌區","area_en":"Yingge Dist","address":"館前路360號(旁)","address_en":"No. 360, Guanqian Rd.","total_quantity":14,"available_bikes":2,"available_spots":12,"yb2_quantity":2,"eyb_quantity":0,"active":true,"latitude":24.95535,"longitude":121.35996,"updated_at":"2026-05-02T14:28:17+08:00"}},{"type":"Feature","geometry":{"type":"Point","coordinates":[121.3331413,24.96798]},"properties":{"sno":500234025,"name":"YouBike2.0_永和街65巷口","name_en":"YouBike2.0_Ln. 65, Yonghe St. Intersection","city":"新北市","city_en":"New Taipei City","area":"鶯歌區","area_en":"Yingge Dist","address":"永和街75號","address_en":"No. 75, Yonghe St.","total_quantity":37,"available_bikes":17,"available_spots":19,"yb2_quantity":17,"eyb_quantity":0,"active":true,"latitude":24.96798,"longitude":121.3331413,"updated_at":"2026-05-02T14:33:03+08:00"}},{"type":"Feature","geometry":{"type":"Point","coordinates":[121.35245,24.95012]},"properties":{"sno":500234026,"name":"YouBike2.0_鶯歌陶瓷博物館","name_en":"YouBike2.0_Yingge Ceramics Museum(Wenhua Rd.)","city":"新北市","city_en":"New Taipei City","area":"鶯歌區","area_en":"Yingge Dist","address":"文化路200號(旁)","address_en":"No. 200, Wenhua Rd.","total_quantity":22,"available_bikes":9,"available_spots":13,"yb2_quantity":7,"eyb_quantity":2,"active":true,"latitude":24.95012,"longitude":121.35245,"updated_at":"2026-05-02T14:33:03+08:00"}},{"type":"Feature","geometry":{"type":"Point","coordinates":[121.35445,24.9518]},"properties":{"sno":500234028,"name":"YouBike2.0_礫間停車場","name_en":"YouBike2.0_Lijian Parking","city":"新北市","city_en":"New Taipei City","area":"鶯歌區","area_en":"Yingge Dist","address":"礫間停車場","address_en":"Lijian Parking","total_quantity":20,"available_bikes":2,"available_spots":15,"yb2_quantity":1,"eyb_quantity":1,"active":true,"latitude":24.9518,"longitude":121.35445,"updated_at":"2026-05-02T14:36:04+08:00"}},{"type":"Feature","geometry":{"type":"Point","coordinates":[121.35992,24.95567]},"properties":{"sno":500234029,"name":"YouBike2.0_北鶯停車場","name_en":"YouBike2.0_Beiying Parking","city":"新北市","city_en":"New Taipei City","area":"鶯歌區","area_en":"Yingge Dist","address":"北鶯停車場","address_en":"Beiying Parking","total_quantity":20,"available_bikes":1,"available_spots":19,"yb2_quantity":1,"eyb_quantity":0,"active":true,"latitude":24.95567,"longitude":121.35992,"updated_at":"2026-05-02T13:37:04+08:00"}},{"type":"Feature","geometry":{"type":"Point","coordinates":[121.34693,24.95356]},"properties":{"sno":500234030,"name":"YouBike2.0_育英建國路口","name_en":"YouBike2.0_Yuying Jianguo Rd. Intersection","city":"新北市","city_en":"New Taipei City","area":"鶯歌區","area_en":"Yingge Dist","address":"建國路280號(旁)","address_en":"No. 280, Jianguo Rd.","total_quantity":12,"available_bikes":3,"available_spots":9,"yb2_quantity":3,"eyb_quantity":0,"active":true,"latitude":24.95356,"longitude":121.34693,"updated_at":"2026-05-02T14:39:02+08:00"}},{"type":"Feature","geometry":{"type":"Point","coordinates":[121.3532,24.95672]},"properties":{"sno":500234031,"name":"YouBike2.0_中正一仁愛路口","name_en":"YouBike2.0_Zhongzheng 1st & Ren'ai Rd Intersection","city":"新北市","city_en":"New Taipei City","area":"鶯歌區","area_en":"Yingge Dist","address":"中正一路181號(對面)","address_en":"No. 181, Zhongzheng 1st Rd.(Opposite)","total_quantity":15,"available_bikes":4,"available_spots":11,"yb2_quantity":4,"eyb_quantity":0,"active":true,"latitude":24.95672,"longitude":121.3532,"updated_at":"2026-05-02T14:03:02+08:00"}},{"type":"Feature","geometry":{"type":"Point","coordinates":[121.34727,24.95521]},"properties":{"sno":500234032,"name":"YouBike2.0_建國國小","name_en":"YouBike2.0_Jianguo Elementary School","city":"新北市","city_en":"New Taipei City","area":"鶯歌區","area_en":"Yingge Dist","address":"育英街19號(旁)","address_en":"No. 19, Yuying St.","total_quantity":15,"available_bikes":2,"available_spots":13,"yb2_quantity":1,"eyb_quantity":1,"active":true,"latitude":24.95521,"longitude":121.34727,"updated_at":"2026-05-02T13:57:18+08:00"}},{"type":"Feature","geometry":{"type":"Point","coordinates":[121.34128,24.95577]},"properties":{"sno":500234033,"name":"YouBike2.0_光明橋","name_en":"YouBike2.0_Guang-ming bridge","city":"新北市","city_en":"New Taipei City","area":"鶯歌區","area_en":"Yingge Dist","address":"永明街78號(旁)","address_en":"No. 78, Yongming St., Yingge Dist.(side)","total_quantity":14,"available_bikes":4,"available_spots":10,"yb2_quantity":3,"eyb_quantity":1,"active":true,"latitude":24.95577,"longitude":121.34128,"updated_at":"2026-05-02T14:24:04+08:00"}},{"type":"Feature","geometry":{"type":"Point","coordinates":[121.33884,24.94216]},"properties":{"sno":500234034,"name":"YouBike2.0_二橋派出所","name_en":"YouBike2.0_Erqiao Police Station","city":"新北市","city_en":"New Taipei City","area":"鶯歌區","area_en":"Yingge Dist","address":"高職西街/中正三路口(西北側)","address_en":"Gaozhi W. St. & Zhongzheng 3rd Rd., Yingge Dist. (west side)","total_quantity":11,"available_bikes":2,"available_spots":9,"yb2_quantity":1,"eyb_quantity":1,"active":true,"latitude":24.94216,"longitude":121.33884,"updated_at":"2026-05-02T14:39:02+08:00"}},{"type":"Feature","geometry":{"type":"Point","coordinates":[121.34116,24.94117]},"properties":{"sno":500234035,"name":"YouBike2.0_國中高職東街口","name_en":"YouBike2.0_Guozhong & Gaozhi E. Intersection","city":"新北市","city_en":"New Taipei City","area":"鶯歌區","area_en":"Yingge Dist","address":"國中路113至117-3號(對面)","address_en":"No. 113, Guozhong St., Yingge Dist.(opposite)","total_quantity":15,"available_bikes":1,"available_spots":9,"yb2_quantity":1,"eyb_quantity":0,"active":true,"latitude":24.94117,"longitude":121.34116,"updated_at":"2026-05-02T14:28:17+08:00"}},{"type":"Feature","geometry":{"type":"Point","coordinates":[121.34102,24.94495]},"properties":{"sno":500234036,"name":"YouBike2.0_尖山路高厝巷口","name_en":"YouBike2.0_Gaocuo Ln. Jianshan Rd.","city":"新北市","city_en":"New Taipei City","area":"鶯歌區","area_en":"Yingge Dist","address":"尖山路276-5號(旁)","address_en":"No. 276-5, Jianshan Rd. (Side)","total_quantity":15,"available_bikes":6,"available_spots":9,"yb2_quantity":6,"eyb_quantity":0,"active":true,"latitude":24.94495,"longitude":121.34102,"updated_at":"2026-05-02T14:26:02+08:00"}},{"type":"Feature","geometry":{"type":"Point","coordinates":[121.34285,24.95515]},"properties":{"sno":500234037,"name":"YouBike2.0_公八停車場","name_en":"YouBike2.0_Public 8th Parking Lot","city":"新北市","city_en":"New Taipei City","area":"鶯歌區","area_en":"Yingge Dist","address":"國華路53號(對面)","address_en":"No.53, Guohua Rd. (opposite)","total_quantity":15,"available_bikes":6,"available_spots":9,"yb2_quantity":6,"eyb_quantity":0,"active":true,"latitude":24.95515,"longitude":121.34285,"updated_at":"2026-05-02T12:06:02+08:00"}},{"type":"Feature","geometry":{"type":"Point","coordinates":[121.33137,24.97286]},"properties":{"sno":500234038,"name":"YouBike2.0_龍三鳳鳴路口","name_en":"YouBike2.0_Long 3rd. Rd. & Fengming Rd. Intersection","city":"新北市","city_en":"New Taipei City","area":"鶯歌區","area_en":"Yingge Dist","address":"鳳鳴路541號","address_en":"No. 541, Fengming Rd.","total_quantity":18,"available_bikes":5,"available_spots":13,"yb2_quantity":4,"eyb_quantity":1,"active":true,"latitude":24.97286,"longitude":121.33137,"updated_at":"2026-05-02T14:33:03+08:00"}},{"type":"Feature","geometry":{"type":"Point","coordinates":[121.33143,24.97567]},"properties":{"sno":500234039,"name":"YouBike2.0_鳳福鳳三路口","name_en":"YouBike2.0_Fengfu Rd. & Feng 3rd. Rd. Intersection","city":"新北市","city_en":"New Taipei City","area":"鶯歌區","area_en":"Yingge Dist","address":"鳳三路360號","address_en":"No. 360, Feng 3rd Rd.","total_quantity":22,"available_bikes":9,"available_spots":12,"yb2_quantity":8,"eyb_quantity":1,"active":true,"latitude":24.97567,"longitude":121.33143,"updated_at":"2026-05-02T14:39:02+08:00"}},{"type":"Feature","geometry":{"type":"Point","coordinates":[121.35942,24.95777]},"properties":{"sno":500234040,"name":"YouBike2.0_北鶯公園","name_en":"YouBike2.0_Beiying Park","city":"新北市","city_en":"New Taipei City","area":"鶯歌區","area_en":"Yingge Dist","address":"成功街20巷19號(旁)","address_en":"No. 19, Ln. 20, Chenggong St. (Side)","total_quantity":15,"available_bikes":0,"available_spots":15,"yb2_quantity":0,"eyb_quantity":0,"active":true,"latitude":24.95777,"longitude":121.35942,"updated_at":"2026-05-02T14:31:17+08:00"}},{"type":"Feature","geometry":{"type":"Point","coordinates":[121.35697,24.95536]},"properties":{"sno":500234041,"name":"YouBike2.0_鶯歌火車站(文化路)","name_en":"YouBike2.0_Yingge Station (Wenhua Rd.)","city":"新北市","city_en":"New Taipei City","area":"鶯歌區","area_en":"Yingge Dist","address":"文化路/文化路115巷(北側)","address_en":"Ln. 115, Wenhua Rd. Intersection (North)","total_quantity":25,"available_bikes":8,"available_spots":15,"yb2_quantity":7,"eyb_quantity":1,"active":true,"latitude":24.95536,"longitude":121.35697,"updated_at":"2026-05-02T14:37:02+08:00"}},{"type":"Feature","geometry":{"type":"Point","coordinates":[121.33193,24.96916]},"properties":{"sno":500234042,"name":"YouBike2.0_鳳七鶯歌路口","name_en":"YouBike2.0_Feng 7th Rd. & Yingge Rd. Intersection","city":"新北市","city_en":"New Taipei City","area":"鶯歌區","area_en":"Yingge Dist","address":"鶯歌路101-107號(旁)","address_en":"No. 101-107, Yingge Rd. (Side)","total_quantity":11,"available_bikes":2,"available_spots":9,"yb2_quantity":1,"eyb_quantity":1,"active":true,"latitude":24.96916,"longitude":121.33193,"updated_at":"2026-05-02T14:35:03+08:00"}},{"type":"Feature","geometry":{"type":"Point","coordinates":[121.33579,24.97667]},"properties":{"sno":500234043,"name":"YouBike2.0_國際一路112巷口","name_en":"YouBike2.0_Ln. 112, GuoJi 1st Rd.","city":"新北市","city_en":"New Taipei City","area":"鶯歌區","area_en":"Yingge Dist","address":"國際一路167號(前)","address_en":"No. 167, GuoJi 1st Rd. (Front)","total_quantity":15,"available_bikes":6,"available_spots":9,"yb2_quantity":3,"eyb_quantity":3,"active":true,"latitude":24.97667,"longitude":121.33579,"updated_at":"2026-05-02T13:54:03+08:00"}},{"type":"Feature","geometry":{"type":"Point","coordinates":[121.33674,24.97227]},"properties":{"sno":500234044,"name":"YouBike2.0_臺鐵鳳鳴站","name_en":"YouBike2.0_Fengming Station","city":"新北市","city_en":"New Taipei City","area":"鶯歌區","area_en":"Yingge Dist","address":"鳳一路/鶯歌路口","address_en":"Feng 1st Rd. & YingGe Rd.","total_quantity":40,"available_bikes":19,"available_spots":3,"yb2_quantity":11,"eyb_quantity":8,"active":true,"latitude":24.97227,"longitude":121.33674,"updated_at":"2026-05-02T14:37:02+08:00"}},{"type":"Feature","geometry":{"type":"Point","coordinates":[121.351,24.95219]},"properties":{"sno":500234045,"name":"YouBike2.0_鶯歌陶瓷老街","name_en":"YouBike2.0_YingGe Old Street","city":"新北市","city_en":"New Taipei City","area":"鶯歌區","area_en":"Yingge Dist","address":"重慶街/國慶街(西南側)","address_en":"ChongQing St. & GuoQing St. (Southwest)","total_quantity":33,"available_bikes":0,"available_spots":33,"yb2_quantity":0,"eyb_quantity":0,"active":true,"latitude":24.95219,"longitude":121.351,"updated_at":"2026-05-02T14:32:16+08:00"}},{"type":"Feature","geometry":{"type":"Point","coordinates":[121.35407,24.95505]},"properties":{"sno":500234046,"name":"YouBike2.0_鶯歌火車站(仁愛路62號)","name_en":"YouBike2.0_YingGe Station (No. 62, RenAi Rd.)","city":"新北市","city_en":"New Taipei City","area":"鶯歌區","area_en":"Yingge Dist","address":"仁愛路62號(東側)","address_en":"No. 62, RenAi Rd. (East)","total_quantity":42,"available_bikes":38,"available_spots":4,"yb2_quantity":38,"eyb_quantity":0,"active":true,"latitude":24.95505,"longitude":121.35407,"updated_at":"2026-05-02T14:37:02+08:00"}},{"type":"Feature","geometry":{"type":"Point","coordinates":[121.33651,24.97189]},"properties":{"sno":500234047,"name":"YouBike2.0_臺鐵鳳鳴站(鶯歌路)","name_en":"YouBike2.0_Fengming Station (YingGe Rd.)","city":"新北市","city_en":"New Taipei City","area":"鶯歌區","area_en":"Yingge Dist","address":"鶯歌路276號(對面)","address_en":"No. 276, YingGe Rd. (Opposite)","total_quantity":20,"available_bikes":12,"available_spots":8,"yb2_quantity":9,"eyb_quantity":3,"active":true,"latitude":24.97189,"longitude":121.33651,"updated_at":"2026-05-02T14:21:03+08:00"}},{"type":"Feature","geometry":{"type":"Point","coordinates":[121.3456,24.95587]},"properties":{"sno":500234048,"name":"YouBike2.0_光明育智路口","name_en":"YouBike2.0_GuangMing St. & YuZhi Rd. Intersection","city":"新北市","city_en":"New Taipei City","area":"鶯歌區","area_en":"Yingge Dist","address":"光明街126號(東南側)","address_en":"No. 126, GuangMing St. (Southeast)","total_quantity":14,"available_bikes":4,"available_spots":10,"yb2_quantity":4,"eyb_quantity":0,"active":true,"latitude":24.95587,"longitude":121.3456,"updated_at":"2026-05-02T14:38:04+08:00"}},{"type":"Feature","geometry":{"type":"Point","coordinates":[121.32474,24.9732]},"properties":{"sno":500234049,"name":"YouBike2.0_新鳳公園","name_en":"YouBike2.0_XinFeng Park","city":"新北市","city_en":"New Taipei City","area":"鶯歌區","area_en":"Yingge Dist","address":"鶯桃路二段60號(對側)","address_en":"No. 60, Sec. 2, YingTao Rd. (Opposite)","total_quantity":14,"available_bikes":1,"available_spots":12,"yb2_quantity":0,"eyb_quantity":1,"active":true,"latitude":24.9732,"longitude":121.32474,"updated_at":"2026-05-02T14:33:03+08:00"}},{"type":"Feature","geometry":{"type":"Point","coordinates":[121.33465,24.96618]},"properties":{"sno":500234050,"name":"YouBike2.0_鳳鳴機器人公園","name_en":"YouBike2.0_FengMing Robot Park","city":"新北市","city_en":"New Taipei City","area":"鶯歌區","area_en":"Yingge Dist","address":"鳳鳴路/福安街7巷24弄口","address_en":"FengMing Rd. & Aly. 24, Ln. 7, FuAn St.","total_quantity":17,"available_bikes":6,"available_spots":11,"yb2_quantity":4,"eyb_quantity":2,"active":true,"latitude":24.96618,"longitude":121.33465,"updated_at":"2026-05-02T14:39:02+08:00"}},{"type":"Feature","geometry":{"type":"Point","coordinates":[121.33101,24.97043]},"properties":{"sno":500234051,"name":"YouBike2.0_龍五鳳七路口","name_en":"YouBike2.0_Long 5th Rd. & Feng 7th Rd. Intersection","city":"新北市","city_en":"New Taipei City","area":"鶯歌區","area_en":"Yingge Dist","address":"龍五路/鳳七路口","address_en":"Long 5th Rd. & Feng 7th Rd. Intersection","total_quantity":30,"available_bikes":12,"available_spots":18,"yb2_quantity":10,"eyb_quantity":2,"active":true,"latitude":24.97043,"longitude":121.33101,"updated_at":"2026-05-02T13:49:02+08:00"}},{"type":"Feature","geometry":{"type":"Point","coordinates":[121.33331,24.97329]},"properties":{"sno":500234052,"name":"YouBike2.0_龍鳳夜市","name_en":"YouBike2.0_LongFeng Night Market","city":"新北市","city_en":"New Taipei City","area":"鶯歌區","area_en":"Yingge Dist","address":"鳳三路/龍三路(東南側)","address_en":"Feng 3rd Rd. & Long 3rd Rd. (Southeast)","total_quantity":30,"available_bikes":23,"available_spots":6,"yb2_quantity":23,"eyb_quantity":0,"active":true,"latitude":24.97329,"longitude":121.33331,"updated_at":"2026-05-02T13:56:03+08:00"}},{"type":"Feature","geometry":{"type":"Point","coordinates":[121.3472,24.97298]},"properties":{"sno":500234053,"name":"YouBike2.0_中湖市民活動中心","name_en":"YouBike2.0_Zhonghu Civic Activity Center","city":"新北市","city_en":"New Taipei City","area":"鶯歌區","area_en":"Yingge Dist","address":"中湖街21號","address_en":"No. 21, ZhongHu St.","total_quantity":20,"available_bikes":8,"available_spots":12,"yb2_quantity":7,"eyb_quantity":1,"active":true,"latitude":24.97298,"longitude":121.3472,"updated_at":"2026-05-02T12:49:04+08:00"}},{"type":"Feature","geometry":{"type":"Point","coordinates":[121.3317,24.97677]},"properties":{"sno":500234054,"name":"YouBike2.0_鳳一鳳吉一街口","name_en":"YouBike2.0_Feng 1st Rd. & FengJi 1st St. Intersection","city":"新北市","city_en":"New Taipei City","area":"鶯歌區","area_en":"Yingge Dist","address":"鳳吉一街259號(旁)","address_en":"No. 259, FengJi 1st St. (Side)","total_quantity":20,"available_bikes":6,"available_spots":14,"yb2_quantity":5,"eyb_quantity":1,"active":true,"latitude":24.97677,"longitude":121.3317,"updated_at":"2026-05-02T14:33:03+08:00"}},{"type":"Feature","geometry":{"type":"Point","coordinates":[121.32991,24.97316]},"properties":{"sno":500234055,"name":"YouBike2.0_鳳五路122號前","name_en":"YouBike2.0_No. 122, Feng 5th Rd.","city":"新北市","city_en":"New Taipei City","area":"鶯歌區","area_en":"Yingge Dist","address":"鳳五路122號前","address_en":"No. 122, Feng 5th Rd. (Front)","total_quantity":18,"available_bikes":2,"available_spots":16,"yb2_quantity":0,"eyb_quantity":2,"active":true,"latitude":24.97316,"longitude":121.32991,"updated_at":"2026-05-02T13:31:03+08:00"}},{"type":"Feature","geometry":{"type":"Point","coordinates":[121.33467,24.97204]},"properties":{"sno":500234058,"name":"YouBike2.0_鳳三龍七路口","name_en":"YouBike2.0_Feng 3rd Rd. & Long 7th Rd. Intersection","city":"新北市","city_en":"New Taipei City","area":"鶯歌區","area_en":"Yingge Dist","address":"鳳三路68號","address_en":"No. 68, Feng 3rd Rd.","total_quantity":18,"available_bikes":4,"available_spots":14,"yb2_quantity":4,"eyb_quantity":0,"active":true,"latitude":24.97204,"longitude":121.33467,"updated_at":"2026-05-02T14:38:04+08:00"}}]}